audit_id,name,class,position,size,top_y,material,material_variant,new_stud_variant,visible,exact_level_block
"47","Workspace.SalvageWorld.Stages.3.Props.washing machine.Washing Machine.Wash Machine By StarModelX.Part","Part","-59.023, -1.500, -896.061","4.096, 0.973, 3.980","-1.013239860534668","Enum.Material.Metal","","false","true","true"
"48","Workspace.SalvageWorld.Stages.3.Props.washing machine.Washing Machine.Wash Machine By StarModelX.Part","Part","58.959, -1.500, -973.950","4.096, 0.973, 3.980","-1.013239860534668","Enum.Material.Metal","","false","true","true"
"49","Workspace.SalvageWorld.Stages.3.Props.washing machine.Washing Machine.Wash Machine By StarModelX.Part","Part","59.064, -1.500, -739.989","4.096, 0.973, 3.980","-1.013239860534668","Enum.Material.Metal","","false","true","true"
"50","Workspace.SalvageWorld.Stages.3.Props.washing machine.Washing Machine.Wash Machine By StarModelX.Part","Part","-59.023, -1.125, -896.061","4.056, 0.263, 3.940","-0.9932398796081543","Enum.Material.Metal","","false","true","true"
"51","Workspace.SalvageWorld.Stages.3.Props.washing machine.Washing Machine.Wash Machine By StarModelX.Part","Part","58.959, -1.125, -973.950","4.056, 0.263, 3.940","-0.9932398796081543","Enum.Material.Metal","","false","true","true"
"52","Workspace.SalvageWorld.Stages.3.Props.washing machine.Washing Machine.Wash Machine By StarModelX.Part","Part","59.064, -1.125, -739.989","4.056, 0.263, 3.940","-0.9932398796081543","Enum.Material.Metal","","false","true","true"
"64","Workspace.SalvageWorld.Stages.1.Props.tree stump.Tree Stump.Tree Stump.Part","Part","-59.882, -0.985, -274.652","0.900, 0.200, 1.000","-0.585254967212677","Enum.Material.Plastic","SalvageStud","true","true","false"
"65","Workspace.SalvageWorld.Stages.1.Props.tree stump.Tree Stump.Tree Stump.Part","Part","-57.950, -0.985, -117.681","0.900, 0.200, 1.000","-0.5852549076080322","Enum.Material.Plastic","SalvageStud","true","true","false"
"66","Workspace.SalvageWorld.Stages.1.Props.tree stump.Tree Stump.Tree Stump.Part","Part","-58.016, -0.878, -118.017","0.900, 0.200, 1.000","-0.5685889720916748","Enum.Material.Plastic","SalvageStud","true","true","false"
"67","Workspace.SalvageWorld.Stages.1.Props.tree stump.Tree Stump.Tree Stump.Part","Part","-59.933, -0.878, -274.314","0.900, 0.200, 1.000","-0.5685889720916748","Enum.Material.Plastic","SalvageStud","true","true","false"
"71","Workspace.SalvageWorld.Stages.1.Props.tree stump.Tree Stump.Tree Stump.Part","Part","-58.141, -1.121, -117.324","0.900, 0.200, 1.000","-0.4895404577255249","Enum.Material.Plastic","SalvageStud","true","true","false"
"72","Workspace.SalvageWorld.Stages.1.Props.tree stump.Tree Stump.Tree Stump.Part","Part","-59.583, -1.121, -274.925","0.900, 0.200, 1.000","-0.4895404577255249","Enum.Material.Plastic","SalvageStud","true","true","false"
"73","Workspace.SalvageWorld.Stages.1.Props.tree stump.Tree Stump.Tree Stump.Part","Part","-58.027, -1.034, -117.540","0.900, 0.200, 1.000","-0.46285247802734375","Enum.Material.Plastic","SalvageStud","true","true","false"
"74","Workspace.SalvageWorld.Stages.1.Props.tree stump.Tree Stump.Tree Stump.Part","Part","-59.762, -1.034, -274.759","0.900, 0.200, 1.000","-0.46285247802734375","Enum.Material.Plastic","SalvageStud","true","true","false"
"75","Workspace.SalvageWorld.Stages.1.Props.tree stump.Tree Stump.Tree Stump.Part","Part","-57.790, -0.823, -117.065","1.600, 0.200, 0.600","-0.4069206416606903","Enum.Material.Plastic","SalvageStud","true","true","false"
"76","Workspace.SalvageWorld.Stages.1.Props.tree stump.Tree Stump.Tree Stump.Part","Part","-59.827, -0.823, -275.287","1.600, 0.200, 0.600","-0.4069206416606903","Enum.Material.Plastic","SalvageStud","true","true","false"
"77","Workspace.SalvageWorld.Stages.1.Props.tree stump.Tree Stump.Tree Stump.Part","Part","-57.869, -0.917, -116.899","1.600, 0.200, 0.800","-0.38724076747894287","Enum.Material.Plastic","SalvageStud","true","true","false"
"78","Workspace.SalvageWorld.Stages.1.Props.tree stump.Tree Stump.Tree Stump.Part","Part","-59.696, -0.917, -275.416","1.600, 0.200, 0.800","-0.38724076747894287","Enum.Material.Plastic","SalvageStud","true","true","false"
"79","Workspace.SalvageWorld.Stages.1.Props.tree stump.Tree Stump.Tree Stump.Part","Part","-57.593, -0.667, -117.441","1.600, 0.200, 1.000","-0.35728466510772705","Enum.Material.Plastic","SalvageStud","true","true","false"
"80","Workspace.SalvageWorld.Stages.1.Props.tree stump.Tree Stump.Tree Stump.Part","Part","-60.139, -0.667, -274.998","1.600, 0.200, 1.000","-0.35728466510772705","Enum.Material.Plastic","SalvageStud","true","true","false"
"81","Workspace.SalvageWorld.Stages.4.Props.dock crane.Dock crane.Model.Model.Model.Part","Part","-71.420, -0.409, -1242.009","1.884, 0.171, 0.171","-0.3236749470233917","Enum.Material.Metal","","false","true","false"
"82","Workspace.SalvageWorld.Stages.4.Props.dock crane.Dock crane.Model.Model.Model.Part","Part","61.825, -0.409, -1102.736","1.884, 0.171, 0.171","-0.3236749470233917","Enum.Material.Metal","","false","true","false"
"83","Workspace.SalvageWorld.Stages.4.Props.dock crane.Dock crane.Model.Model.Model.Part","Part","68.716, -0.409, -1315.294","1.884, 0.171, 0.171","-0.3236749470233917","Enum.Material.Metal","","false","true","false"
"84","Workspace.SalvageWorld.Stages.4.Props.dock crane.Dock crane.Model.Model.Model.Part","Part","-70.664, -0.409, -1242.136","1.199, 0.171, 0.171","-0.32367491722106934","Enum.Material.Metal","","false","true","false"
"85","Workspace.SalvageWorld.Stages.4.Props.dock crane.Dock crane.Model.Model.Model.Part","Part","61.553, -0.409, -1102.020","1.199, 0.171, 0.171","-0.32367491722106934","Enum.Material.Metal","","false","true","false"
"86","Workspace.SalvageWorld.Stages.4.Props.dock crane.Dock crane.Model.Model.Model.Part","Part","68.224, -0.409, -1315.882","1.199, 0.171, 0.171","-0.32367491722106934","Enum.Material.Metal","","false","true","false"
"87","Workspace.SalvageWorld.Stages.4.Props.dock crane.Dock crane.Model.Model.Model.Part","Part","-69.898, -0.409, -1242.256","1.884, 0.171, 0.171","-0.3236745595932007","Enum.Material.Metal","","false","true","false"
"88","Workspace.SalvageWorld.Stages.4.Props.dock crane.Dock crane.Model.Model.Model.Part","Part","61.270, -0.409, -1101.298","1.884, 0.171, 0.171","-0.3236745595932007","Enum.Material.Metal","","false","true","false"
"89","Workspace.SalvageWorld.Stages.4.Props.dock crane.Dock crane.Model.Model.Model.Part","Part","67.734, -0.409, -1316.483","1.884, 0.171, 0.171","-0.3236745595932007","Enum.Material.Metal","","false","true","false"
"90","Workspace.SalvageWorld.Stages.4.Props.dock crane.Dock crane.Model.Model.Model.Part","Part","-69.898, -0.409, -1242.256","1.884, 0.171, 0.171","-0.3236745297908783","Enum.Material.Metal","","false","true","false"
"91","Workspace.SalvageWorld.Stages.4.Props.dock crane.Dock crane.Model.Model.Model.Part","Part","-71.420, -0.409, -1242.009","1.884, 0.171, 0.171","-0.3236745297908783","Enum.Material.Metal","","false","true","false"
"92","Workspace.SalvageWorld.Stages.4.Props.dock crane.Dock crane.Model.Model.Model.Part","Part","61.270, -0.409, -1101.298","1.884, 0.171, 0.171","-0.3236745297908783","Enum.Material.Metal","","false","true","false"
"93","Workspace.SalvageWorld.Stages.4.Props.dock crane.Dock crane.Model.Model.Model.Part","Part","61.825, -0.409, -1102.736","1.884, 0.171, 0.171","-0.3236745297908783","Enum.Material.Metal","","false","true","false"
"94","Workspace.SalvageWorld.Stages.4.Props.dock crane.Dock crane.Model.Model.Model.Part","Part","67.734, -0.409, -1316.483","1.884, 0.171, 0.171","-0.3236745297908783","Enum.Material.Metal","","false","true","false"
"95","Workspace.SalvageWorld.Stages.4.Props.dock crane.Dock crane.Model.Model.Model.Part","Part","68.716, -0.409, -1315.294","1.884, 0.171, 0.171","-0.3236745297908783","Enum.Material.Metal","","false","true","false"
"96","Workspace.SalvageWorld.Stages.4.Props.dock crane.Dock crane.Model.Model.Model.Part","Part","-66.437, -0.409, -1242.822","1.199, 0.171, 0.171","-0.3236743211746216","Enum.Material.Metal","","false","true","false"
"97","Workspace.SalvageWorld.Stages.4.Props.dock crane.Dock crane.Model.Model.Model.Part","Part","-67.193, -0.409, -1242.695","1.884, 0.171, 0.171","-0.3236743211746216","Enum.Material.Metal","","false","true","false"
"98","Workspace.SalvageWorld.Stages.4.Props.dock crane.Dock crane.Model.Model.Model.Part","Part","-67.790, -0.409, -1242.603","1.199, 0.171, 0.171","-0.3236743211746216","Enum.Material.Metal","","false","true","false"
"99","Workspace.SalvageWorld.Stages.4.Props.dock crane.Dock crane.Model.Model.Model.Part","Part","-68.546, -0.409, -1242.476","1.884, 0.171, 0.171","-0.3236743211746216","Enum.Material.Metal","","false","true","false"
"100","Workspace.SalvageWorld.Stages.4.Props.dock crane.Dock crane.Model.Model.Model.Part","Part","-69.143, -0.409, -1242.383","1.199, 0.171, 0.171","-0.3236743211746216","Enum.Material.Metal","","false","true","false"
"101","Workspace.SalvageWorld.Stages.4.Props.dock crane.Dock crane.Model.Model.Model.Part","Part","60.012, -0.409, -1098.024","1.199, 0.171, 0.171","-0.3236743211746216","Enum.Material.Metal","","false","true","false"
"102","Workspace.SalvageWorld.Stages.4.Props.dock crane.Dock crane.Model.Model.Model.Part","Part","60.283, -0.409, -1098.741","1.884, 0.171, 0.171","-0.3236743211746216","Enum.Material.Metal","","false","true","false"
"103","Workspace.SalvageWorld.Stages.4.Props.dock crane.Dock crane.Model.Model.Model.Part","Part","60.505, -0.409, -1099.303","1.199, 0.171, 0.171","-0.3236743211746216","Enum.Material.Metal","","false","true","false"
"104","Workspace.SalvageWorld.Stages.4.Props.dock crane.Dock crane.Model.Model.Model.Part","Part","60.777, -0.409, -1100.019","1.884, 0.171, 0.171","-0.3236743211746216","Enum.Material.Metal","","false","true","false"
"105","Workspace.SalvageWorld.Stages.4.Props.dock crane.Dock crane.Model.Model.Model.Part","Part","60.998, -0.409, -1100.581","1.199, 0.171, 0.171","-0.3236743211746216","Enum.Material.Metal","","false","true","false"
"106","Workspace.SalvageWorld.Stages.4.Props.dock crane.Dock crane.Model.Model.Model.Part","Part","65.498, -0.409, -1319.184","1.199, 0.171, 0.171","-0.3236743211746216","Enum.Material.Metal","","false","true","false"
"107","Workspace.SalvageWorld.Stages.4.Props.dock crane.Dock crane.Model.Model.Model.Part","Part","65.989, -0.409, -1318.596","1.884, 0.171, 0.171","-0.3236743211746216","Enum.Material.Metal","","false","true","false"
"108","Workspace.SalvageWorld.Stages.4.Props.dock crane.Dock crane.Model.Model.Model.Part","Part","66.370, -0.409, -1318.128","1.199, 0.171, 0.171","-0.3236743211746216","Enum.Material.Metal","","false","true","false"
"109","Workspace.SalvageWorld.Stages.4.Props.dock crane.Dock crane.Model.Model.Model.Part","Part","66.861, -0.409, -1317.539","1.884, 0.171, 0.171","-0.3236743211746216","Enum.Material.Metal","","false","true","false"
"110","Workspace.SalvageWorld.Stages.4.Props.dock crane.Dock crane.Model.Model.Model.Part","Part","67.243, -0.409, -1317.071","1.199, 0.171, 0.171","-0.3236743211746216","Enum.Material.Metal","","false","true","false"
"111","Workspace.SalvageWorld.Stages.4.Props.dock crane.Dock crane.Model.Model.Model.Part","Part","-67.193, -0.409, -1242.695","1.884, 0.171, 0.171","-0.3236742913722992","Enum.Material.Metal","","false","true","false"
"112","Workspace.SalvageWorld.Stages.4.Props.dock crane.Dock crane.Model.Model.Model.Part","Part","60.284, -0.409, -1098.741","1.884, 0.171, 0.171","-0.3236742913722992","Enum.Material.Metal","","false","true","false"
"113","Workspace.SalvageWorld.Stages.4.Props.dock crane.Dock crane.Model.Model.Model.Part","Part","65.989, -0.409, -1318.596","1.884, 0.171, 0.171","-0.3236742913722992","Enum.Material.Metal","","false","true","false"
"114","Workspace.SalvageWorld.Stages.4.Props.dock crane.Dock crane.Model.Model.Model.Part","Part","-68.546, -0.409, -1242.476","1.884, 0.171, 0.171","-0.3236742615699768","Enum.Material.Metal","","false","true","false"
"115","Workspace.SalvageWorld.Stages.4.Props.dock crane.Dock crane.Model.Model.Model.Part","Part","60.777, -0.409, -1100.019","1.884, 0.171, 0.171","-0.3236742615699768","Enum.Material.Metal","","false","true","false"
"116","Workspace.SalvageWorld.Stages.4.Props.dock crane.Dock crane.Model.Model.Model.Part","Part","66.861, -0.409, -1317.539","1.884, 0.171, 0.171","-0.3236742615699768","Enum.Material.Metal","","false","true","false"
"117","Workspace.SalvageWorld.Stages.4.Props.dock crane.Dock crane.Model.Model.Model.Part","Part","-65.840, -0.409, -1242.915","1.884, 0.171, 0.171","-0.3236742317676544","Enum.Material.Metal","","false","true","false"
"118","Workspace.SalvageWorld.Stages.4.Props.dock crane.Dock crane.Model.Model.Model.Part","Part","59.790, -0.409, -1097.462","1.884, 0.171, 0.171","-0.3236742317676544","Enum.Material.Metal","","false","true","false"
"119","Workspace.SalvageWorld.Stages.4.Props.dock crane.Dock crane.Model.Model.Model.Part","Part","65.116, -0.409, -1319.653","1.884, 0.171, 0.171","-0.3236742317676544","Enum.Material.Metal","","false","true","false"
"120","Workspace.SalvageWorld.Stages.4.Props.dock crane.Dock crane.Model.Model.Model.Part","Part","-61.026, -0.409, -1243.701","1.199, 0.171, 0.171","-0.32367420196533203","Enum.Material.Metal","","false","true","false"
"121","Workspace.SalvageWorld.Stages.4.Props.dock crane.Dock crane.Model.Model.Model.Part","Part","-61.782, -0.409, -1243.574","1.884, 0.171, 0.171","-0.32367420196533203","Enum.Material.Metal","","false","true","false"
"122","Workspace.SalvageWorld.Stages.4.Props.dock crane.Dock crane.Model.Model.Model.Part","Part","-62.379, -0.409, -1243.482","1.199, 0.171, 0.171","-0.32367420196533203","Enum.Material.Metal","","false","true","false"
"123","Workspace.SalvageWorld.Stages.4.Props.dock crane.Dock crane.Model.Model.Model.Part","Part","-63.135, -0.409, -1243.354","1.884, 0.171, 0.171","-0.32367420196533203","Enum.Material.Metal","","false","true","false"
"124","Workspace.SalvageWorld.Stages.4.Props.dock crane.Dock crane.Model.Model.Model.Part","Part","-63.732, -0.409, -1243.262","1.199, 0.171, 0.171","-0.32367420196533203","Enum.Material.Metal","","false","true","false"
"125","Workspace.SalvageWorld.Stages.4.Props.dock crane.Dock crane.Model.Model.Model.Part","Part","-64.488, -0.409, -1243.135","1.884, 0.171, 0.171","-0.32367420196533203","Enum.Material.Metal","","false","true","false"
"126","Workspace.SalvageWorld.Stages.4.Props.dock crane.Dock crane.Model.Model.Model.Part","Part","-65.084, -0.409, -1243.042","1.199, 0.171, 0.171","-0.32367420196533203","Enum.Material.Metal","","false","true","false"
"127","Workspace.SalvageWorld.Stages.4.Props.dock crane.Dock crane.Model.Model.Model.Part","Part","58.039, -0.409, -1092.910","1.199, 0.171, 0.171","-0.32367420196533203","Enum.Material.Metal","","false","true","false"
"128","Workspace.SalvageWorld.Stages.4.Props.dock crane.Dock crane.Model.Model.Model.Part","Part","58.311, -0.409, -1093.626","1.884, 0.171, 0.171","-0.32367420196533203","Enum.Material.Metal","","false","true","false"
"129","Workspace.SalvageWorld.Stages.4.Props.dock crane.Dock crane.Model.Model.Model.Part","Part","58.532, -0.409, -1094.188","1.199, 0.171, 0.171","-0.32367420196533203","Enum.Material.Metal","","false","true","false"
"130","Workspace.SalvageWorld.Stages.4.Props.dock crane.Dock crane.Model.Model.Model.Part","Part","58.804, -0.409, -1094.905","1.884, 0.171, 0.171","-0.32367420196533203","Enum.Material.Metal","","false","true","false"
"131","Workspace.SalvageWorld.Stages.4.Props.dock crane.Dock crane.Model.Model.Model.Part","Part","59.025, -0.409, -1095.467","1.199, 0.171, 0.171","-0.32367420196533203","Enum.Material.Metal","","false","true","false"
"132","Workspace.SalvageWorld.Stages.4.Props.dock crane.Dock crane.Model.Model.Model.Part","Part","59.297, -0.409, -1096.183","1.884, 0.171, 0.171","-0.32367420196533203","Enum.Material.Metal","","false","true","false"
"133","Workspace.SalvageWorld.Stages.4.Props.dock crane.Dock crane.Model.Model.Model.Part","Part","59.518, -0.409, -1096.745","1.199, 0.171, 0.171","-0.32367420196533203","Enum.Material.Metal","","false","true","false"
"134","Workspace.SalvageWorld.Stages.4.Props.dock crane.Dock crane.Model.Model.Model.Part","Part","62.007, -0.409, -1323.411","1.199, 0.171, 0.171","-0.32367420196533203","Enum.Material.Metal","","false","true","false"
"135","Workspace.SalvageWorld.Stages.4.Props.dock crane.Dock crane.Model.Model.Model.Part","Part","62.499, -0.409, -1322.823","1.884, 0.171, 0.171","-0.32367420196533203","Enum.Material.Metal","","false","true","false"
"136","Workspace.SalvageWorld.Stages.4.Props.dock crane.Dock crane.Model.Model.Model.Part","Part","62.880, -0.409, -1322.355","1.199, 0.171, 0.171","-0.32367420196533203","Enum.Material.Metal","","false","true","false"
"137","Workspace.SalvageWorld.Stages.4.Props.dock crane.Dock crane.Model.Model.Model.Part","Part","63.371, -0.409, -1321.766","1.884, 0.171, 0.171","-0.32367420196533203","Enum.Material.Metal","","false","true","false"
"138","Workspace.SalvageWorld.Stages.4.Props.dock crane.Dock crane.Model.Model.Model.Part","Part","63.752, -0.409, -1321.298","1.199, 0.171, 0.171","-0.32367420196533203","Enum.Material.Metal","","false","true","false"
"139","Workspace.SalvageWorld.Stages.4.Props.dock crane.Dock crane.Model.Model.Model.Part","Part","64.244, -0.409, -1320.710","1.884, 0.171, 0.171","-0.32367420196533203","Enum.Material.Metal","","false","true","false"
"140","Workspace.SalvageWorld.Stages.4.Props.dock crane.Dock crane.Model.Model.Model.Part","Part","64.625, -0.409, -1320.241","1.199, 0.171, 0.171","-0.32367420196533203","Enum.Material.Metal","","false","true","false"
"141","Workspace.SalvageWorld.Stages.4.Props.dock crane.Dock crane.Model.Model.Model.Part","Part","-65.840, -0.409, -1242.915","1.884, 0.171, 0.171","-0.32367417216300964","Enum.Material.Metal","","false","true","false"
"142","Workspace.SalvageWorld.Stages.4.Props.dock crane.Dock crane.Model.Model.Model.Part","Part","59.790, -0.409, -1097.462","1.884, 0.171, 0.171","-0.32367417216300964","Enum.Material.Metal","","false","true","false"
"143","Workspace.SalvageWorld.Stages.4.Props.dock crane.Dock crane.Model.Model.Model.Part","Part","65.116, -0.409, -1319.653","1.884, 0.171, 0.171","-0.32367417216300964","Enum.Material.Metal","","false","true","false"
"144","Workspace.SalvageWorld.Stages.4.Props.dock crane.Dock crane.Model.Model.Model.Part","Part","-61.782, -0.409, -1243.574","1.884, 0.171, 0.171","-0.32367414236068726","Enum.Material.Metal","","false","true","false"
"145","Workspace.SalvageWorld.Stages.4.Props.dock crane.Dock crane.Model.Model.Model.Part","Part","-63.135, -0.409, -1243.354","1.884, 0.171, 0.171","-0.32367414236068726","Enum.Material.Metal","","false","true","false"
"146","Workspace.SalvageWorld.Stages.4.Props.dock crane.Dock crane.Model.Model.Model.Part","Part","-64.488, -0.409, -1243.135","1.884, 0.171, 0.171","-0.32367414236068726","Enum.Material.Metal","","false","true","false"
"147","Workspace.SalvageWorld.Stages.4.Props.dock crane.Dock crane.Model.Model.Model.Part","Part","58.311, -0.409, -1093.626","1.884, 0.171, 0.171","-0.32367414236068726","Enum.Material.Metal","","false","true","false"
"148","Workspace.SalvageWorld.Stages.4.Props.dock crane.Dock crane.Model.Model.Model.Part","Part","58.804, -0.409, -1094.905","1.884, 0.171, 0.171","-0.32367414236068726","Enum.Material.Metal","","false","true","false"
"149","Workspace.SalvageWorld.Stages.4.Props.dock crane.Dock crane.Model.Model.Model.Part","Part","59.297, -0.409, -1096.184","1.884, 0.171, 0.171","-0.32367414236068726","Enum.Material.Metal","","false","true","false"
"150","Workspace.SalvageWorld.Stages.4.Props.dock crane.Dock crane.Model.Model.Model.Part","Part","62.499, -0.409, -1322.823","1.884, 0.171, 0.171","-0.32367414236068726","Enum.Material.Metal","","false","true","false"
"151","Workspace.SalvageWorld.Stages.4.Props.dock crane.Dock crane.Model.Model.Model.Part","Part","63.371, -0.409, -1321.766","1.884, 0.171, 0.171","-0.32367414236068726","Enum.Material.Metal","","false","true","false"
"152","Workspace.SalvageWorld.Stages.4.Props.dock crane.Dock crane.Model.Model.Model.Part","Part","64.244, -0.409, -1320.710","1.884, 0.171, 0.171","-0.32367414236068726","Enum.Material.Metal","","false","true","false"
"153","Workspace.SalvageWorld.Stages.4.Props.dock crane.Dock crane.Model.Part","Part","-65.820, -0.409, -1242.228","0.171, 12.847, 0.171","-0.32367390394210815","Enum.Material.Metal","","false","true","false"
"154","Workspace.SalvageWorld.Stages.4.Props.dock crane.Dock crane.Model.Part","Part","-66.040, -0.409, -1243.581","0.171, 12.847, 0.171","-0.32367390394210815","Enum.Material.Metal","","false","true","false"
"155","Workspace.SalvageWorld.Stages.4.Props.dock crane.Dock crane.Model.Part","Part","59.187, -0.409, -1097.791","0.171, 12.847, 0.171","-0.32367390394210815","Enum.Material.Metal","","false","true","false"
"156","Workspace.SalvageWorld.Stages.4.Props.dock crane.Dock crane.Model.Part","Part","60.466, -0.409, -1097.298","0.171, 12.847, 0.171","-0.32367390394210815","Enum.Material.Metal","","false","true","false"
"157","Workspace.SalvageWorld.Stages.4.Props.dock crane.Dock crane.Model.Part","Part","64.642, -0.409, -1319.144","0.171, 12.847, 0.171","-0.32367390394210815","Enum.Material.Metal","","false","true","false"
"158","Workspace.SalvageWorld.Stages.4.Props.dock crane.Dock crane.Model.Part","Part","65.699, -0.409, -1320.017","0.171, 12.847, 0.171","-0.32367390394210815","Enum.Material.Metal","","false","true","false"
"159","Workspace.SalvageWorld.Stages.4.Props.dock crane.Dock crane.Model.Model.Model.Part","Part","-59.674, -0.409, -1243.921","1.199, 0.171, 0.171","-0.3236738443374634","Enum.Material.Metal","","false","true","false"
"160","Workspace.SalvageWorld.Stages.4.Props.dock crane.Dock crane.Model.Model.Model.Part","Part","-60.430, -0.409, -1243.794","1.884, 0.171, 0.171","-0.3236738443374634","Enum.Material.Metal","","false","true","false"
"161","Workspace.SalvageWorld.Stages.4.Props.dock crane.Dock crane.Model.Model.Model.Part","Part","57.545, -0.409, -1091.631","1.199, 0.171, 0.171","-0.3236738443374634","Enum.Material.Metal","","false","true","false"
"162","Workspace.SalvageWorld.Stages.4.Props.dock crane.Dock crane.Model.Model.Model.Part","Part","57.817, -0.409, -1092.348","1.884, 0.171, 0.171","-0.3236738443374634","Enum.Material.Metal","","false","true","false"
"163","Workspace.SalvageWorld.Stages.4.Props.dock crane.Dock crane.Model.Model.Model.Part","Part","61.135, -0.409, -1324.468","1.199, 0.171, 0.171","-0.3236738443374634","Enum.Material.Metal","","false","true","false"
"164","Workspace.SalvageWorld.Stages.4.Props.dock crane.Dock crane.Model.Model.Model.Part","Part","61.626, -0.409, -1323.880","1.884, 0.171, 0.171","-0.3236738443374634","Enum.Material.Metal","","false","true","false"
"165","Workspace.SalvageWorld.Stages.4.Props.dock crane.Dock crane.Model.Model.Model.Part","Part","-60.430, -0.409, -1243.794","1.884, 0.171, 0.171","-0.3236737847328186","Enum.Material.Metal","","false","true","false"
"166","Workspace.SalvageWorld.Stages.4.Props.dock crane.Dock crane.Model.Model.Model.Part","Part","57.817, -0.409, -1092.348","1.884, 0.171, 0.171","-0.3236737847328186","Enum.Material.Metal","","false","true","false"
"167","Workspace.SalvageWorld.Stages.4.Props.dock crane.Dock crane.Model.Model.Model.Part","Part","61.626, -0.409, -1323.880","1.884, 0.171, 0.171","-0.3236737847328186","Enum.Material.Metal","","false","true","false"
"168","Workspace.SalvageWorld.Stages.4.Props.dock crane.Dock crane.Model.Wedge","WedgePart","-51.896, -0.407, -1240.032","0.343, 0.171, 0.343","-0.3215239346027374","Enum.Material.Metal","","false","true","false"
"169","Workspace.SalvageWorld.Stages.4.Props.dock crane.Dock crane.Model.Wedge","WedgePart","50.262, -0.407, -1086.881","0.343, 0.171, 0.343","-0.3215239346027374","Enum.Material.Metal","","false","true","false"
"170","Workspace.SalvageWorld.Stages.4.Props.dock crane.Dock crane.Model.Wedge","WedgePart","60.565, -0.407, -1333.145","0.343, 0.171, 0.343","-0.3215239346027374","Enum.Material.Metal","","false","true","false"
"171","Workspace.SalvageWorld.Stages.4.Props.dock crane.Dock crane.Model.Part","Part","-55.857, -0.407, -1242.885","0.343, 9.421, 0.171","-0.3215225338935852","Enum.Material.Metal","","false","true","false"
"172","Workspace.SalvageWorld.Stages.4.Props.dock crane.Dock crane.Model.Part","Part","54.725, -0.407, -1088.860","0.343, 9.421, 0.171","-0.3215225338935852","Enum.Material.Metal","","false","true","false"
"173","Workspace.SalvageWorld.Stages.4.Props.dock crane.Dock crane.Model.Part","Part","60.102, -0.407, -1328.285","0.343, 9.421, 0.171","-0.3215225338935852","Enum.Material.Metal","","false","true","false"
"178","Workspace.SalvageWorld.Stages.1.Props.tree stump.Tree Stump.Tree Stump.Part","Part","-58.204, -0.886, -275.900","0.900, 0.200, 1.000","-0.23355108499526978","Enum.Material.Plastic","SalvageStud","true","true","false"
"179","Workspace.SalvageWorld.Stages.1.Props.tree stump.Tree Stump.Tree Stump.Part","Part","-59.114, -0.886, -115.943","0.900, 0.200, 1.000","-0.233551025390625","Enum.Material.Plastic","SalvageStud","true","true","false"
"180","Workspace.SalvageWorld.Stages.1.Props.tree stump.Tree Stump.Tree Stump.Part","Part","-59.354, -0.832, -275.682","1.000, 0.200, 1.000","-0.19352519512176514","Enum.Material.Plastic","SalvageStud","true","true","false"
"181","Workspace.SalvageWorld.Stages.1.Props.tree stump.Tree Stump.Tree Stump.Part","Part","-58.103, -0.832, -116.534","1.000, 0.200, 1.000","-0.19352513551712036","Enum.Material.Plastic","SalvageStud","true","true","false"
"182","Workspace.SalvageWorld.Stages.1.Props.tree stump.Tree Stump.Tree Stump.Part","Part","-58.465, -0.917, -275.777","1.300, 0.200, 1.200","-0.17934036254882812","Enum.Material.Plastic","SalvageStud","true","true","false"
"183","Workspace.SalvageWorld.Stages.1.Props.tree stump.Tree Stump.Tree Stump.Part","Part","-58.909, -0.917, -116.147","1.300, 0.200, 1.200","-0.17934036254882812","Enum.Material.Plastic","SalvageStud","true","true","false"
"184","Workspace.SalvageWorld.Stages.1.Props.tree stump.Tree Stump.Tree Stump.Part","Part","-58.611, -0.730, -276.182","1.600, 0.200, 1.000","-0.1529141664505005","Enum.Material.Plastic","SalvageStud","true","true","false"
"185","Workspace.SalvageWorld.Stages.1.Props.tree stump.Tree Stump.Tree Stump.Part","Part","-58.635, -0.730, -115.813","1.600, 0.200, 1.000","-0.1529141664505005","Enum.Material.Plastic","SalvageStud","true","true","false"
"198","Workspace.SalvageWorld.Stages.7.Props.computer desk.Desk and computer.Desk And Computer.Desk.Part","Part","-63.368, -0.270, -2218.823","0.130, 0.310, 0.340","-0.11500495672225952","Enum.Material.Metal","","false","true","true"
"199","Workspace.SalvageWorld.Stages.7.Props.computer desk.Desk and computer.Desk And Computer.Desk.Part","Part","-63.665, -0.270, -2219.083","0.880, 0.310, 0.090","-0.11500495672225952","Enum.Material.Metal","","false","true","true"
"200","Workspace.SalvageWorld.Stages.7.Props.computer desk.Desk and computer.Desk And Computer.Desk.Part","Part","-63.746, -0.270, -2219.470","0.130, 0.310, 0.340","-0.11500495672225952","Enum.Material.Metal","","false","true","true"
"201","Workspace.SalvageWorld.Stages.7.Props.computer desk.Desk and computer.Desk And Computer.Desk.Part","Part","60.127, -0.270, -2291.161","0.130, 0.310, 0.340","-0.11500495672225952","Enum.Material.Metal","","false","true","true"
"202","Workspace.SalvageWorld.Stages.7.Props.computer desk.Desk and computer.Desk And Computer.Desk.Part","Part","60.420, -0.270, -2291.426","0.880, 0.310, 0.090","-0.11500495672225952","Enum.Material.Metal","","false","true","true"
"203","Workspace.SalvageWorld.Stages.7.Props.computer desk.Desk and computer.Desk And Computer.Desk.Part","Part","60.495, -0.270, -2291.814","0.130, 0.310, 0.340","-0.11500495672225952","Enum.Material.Metal","","false","true","true"
"204","Workspace.SalvageWorld.Stages.4.Props.dock crane.Dock crane.Model.Part","Part","-58.505, -0.339, -1245.062","0.542, 0.433, 1.370","-0.0131874680519104","Enum.Material.Metal","","false","true","false"
"205","Workspace.SalvageWorld.Stages.4.Props.dock crane.Dock crane.Model.Part","Part","57.941, -0.339, -1090.046","0.542, 0.433, 1.370","-0.0131874680519104","Enum.Material.Metal","","false","true","false"
"206","Workspace.SalvageWorld.Stages.4.Props.dock crane.Dock crane.Model.Part","Part","59.560, -0.339, -1324.900","0.542, 0.433, 1.370","-0.0131874680519104","Enum.Material.Metal","","false","true","false"
"207","Workspace.SalvageWorld.Stages.1.Props.tree stump.Tree Stump.Tree Stump.Part","Part","-57.881, -0.682, -118.313","0.900, 0.200, 1.000","-0.0048400163650512695","Enum.Material.Plastic","SalvageStud","true","true","false"
"208","Workspace.SalvageWorld.Stages.1.Props.tree stump.Tree Stump.Tree Stump.Part","Part","-60.159, -0.682, -274.080","0.900, 0.200, 1.000","-0.0048400163650512695","Enum.Material.Plastic","SalvageStud","true","true","false"
"210","Workspace.SalvageWorld.Stages.1.Ground","Part","0.000, -2.000, -175.000","160.000, 4.000, 350.000","0","Enum.Material.Plastic","SalvageStud","true","true","true"
"211","Workspace.SalvageWorld.Stages.10.Ground","Part","0.000, -2.000, -3325.000","160.000, 4.000, 350.000","0","Enum.Material.Slate","","false","true","true"
"214","Workspace.SalvageWorld.Stages.4.Ground","Part","0.000, -2.000, -1225.000","160.000, 4.000, 350.000","0","Enum.Material.DiamondPlate","","false","true","true"
"215","Workspace.SalvageWorld.Stages.5.Ground","Part","0.000, -2.000, -1575.000","160.000, 4.000, 350.000","0","Enum.Material.Basalt","","false","true","true"
"220","Workspace.SalvageWorld.Stages.1.Props.tree stump.Tree Stump.Tree Stump.Part","Part","-58.624, -0.676, -276.156","1.600, 0.200, 1.000","0.0006124973297119141","Enum.Material.Plastic","SalvageStud","true","true","false"
"221","Workspace.SalvageWorld.Stages.1.Props.tree stump.Tree Stump.Tree Stump.Part","Part","-58.632, -0.676, -115.843","1.600, 0.200, 1.000","0.0006124973297119141","Enum.Material.Plastic","SalvageStud","true","true","false"
"222","Workspace.SalvageWorld.Stages.5.Props.smokestack.brick smokestack.Model.Part","Part","-59.742, -0.072, -1518.456","1.835, 0.147, 1.657","0.037700995802879333","Enum.Material.Plastic","","false","true","false"
"223","Workspace.SalvageWorld.Stages.5.Props.smokestack.brick smokestack.Model.Part","Part","58.981, -0.072, -1595.130","1.835, 0.147, 1.657","0.037700995802879333","Enum.Material.Plastic","","false","true","false"
"224","Workspace.SalvageWorld.Stages.10.Grid","Part","-24.000, 0.030, -3325.000","0.120, 0.030, 350.000","0.044999998062849045","Enum.Material.Neon","","false","true","true"
"225","Workspace.SalvageWorld.Stages.10.Grid","Part","-48.000, 0.030, -3325.000","0.120, 0.030, 350.000","0.044999998062849045","Enum.Material.Neon","","false","true","true"
"226","Workspace.SalvageWorld.Stages.10.Grid","Part","-72.000, 0.030, -3325.000","0.120, 0.030, 350.000","0.044999998062849045","Enum.Material.Neon","","false","true","true"
"227","Workspace.SalvageWorld.Stages.10.Grid","Part","0.000, 0.030, -3174.000","160.000, 0.030, 0.120","0.044999998062849045","Enum.Material.Neon","","false","true","true"
"228","Workspace.SalvageWorld.Stages.10.Grid","Part","0.000, 0.030, -3198.000","160.000, 0.030, 0.120","0.044999998062849045","Enum.Material.Neon","","false","true","true"
"229","Workspace.SalvageWorld.Stages.10.Grid","Part","0.000, 0.030, -3222.000","160.000, 0.030, 0.120","0.044999998062849045","Enum.Material.Neon","","false","true","true"
"230","Workspace.SalvageWorld.Stages.10.Grid","Part","0.000, 0.030, -3246.000","160.000, 0.030, 0.120","0.044999998062849045","Enum.Material.Neon","","false","true","true"
"231","Workspace.SalvageWorld.Stages.10.Grid","Part","0.000, 0.030, -3270.000","160.000, 0.030, 0.120","0.044999998062849045","Enum.Material.Neon","","false","true","true"
"232","Workspace.SalvageWorld.Stages.10.Grid","Part","0.000, 0.030, -3294.000","160.000, 0.030, 0.120","0.044999998062849045","Enum.Material.Neon","","false","true","true"
"233","Workspace.SalvageWorld.Stages.10.Grid","Part","0.000, 0.030, -3318.000","160.000, 0.030, 0.120","0.044999998062849045","Enum.Material.Neon","","false","true","true"
"234","Workspace.SalvageWorld.Stages.10.Grid","Part","0.000, 0.030, -3325.000","0.120, 0.030, 350.000","0.044999998062849045","Enum.Material.Neon","","false","true","true"
"235","Workspace.SalvageWorld.Stages.10.Grid","Part","0.000, 0.030, -3342.000","160.000, 0.030, 0.120","0.044999998062849045","Enum.Material.Neon","","false","true","true"
"236","Workspace.SalvageWorld.Stages.10.Grid","Part","0.000, 0.030, -3366.000","160.000, 0.030, 0.120","0.044999998062849045","Enum.Material.Neon","","false","true","true"
"237","Workspace.SalvageWorld.Stages.10.Grid","Part","0.000, 0.030, -3390.000","160.000, 0.030, 0.120","0.044999998062849045","Enum.Material.Neon","","false","true","true"
"238","Workspace.SalvageWorld.Stages.10.Grid","Part","0.000, 0.030, -3414.000","160.000, 0.030, 0.120","0.044999998062849045","Enum.Material.Neon","","false","true","true"
"239","Workspace.SalvageWorld.Stages.10.Grid","Part","0.000, 0.030, -3438.000","160.000, 0.030, 0.120","0.044999998062849045","Enum.Material.Neon","","false","true","true"
"240","Workspace.SalvageWorld.Stages.10.Grid","Part","0.000, 0.030, -3462.000","160.000, 0.030, 0.120","0.044999998062849045","Enum.Material.Neon","","false","true","true"
"241","Workspace.SalvageWorld.Stages.10.Grid","Part","0.000, 0.030, -3486.000","160.000, 0.030, 0.120","0.044999998062849045","Enum.Material.Neon","","false","true","true"
"242","Workspace.SalvageWorld.Stages.10.Grid","Part","24.000, 0.030, -3325.000","0.120, 0.030, 350.000","0.044999998062849045","Enum.Material.Neon","","false","true","true"
"243","Workspace.SalvageWorld.Stages.10.Grid","Part","48.000, 0.030, -3325.000","0.120, 0.030, 350.000","0.044999998062849045","Enum.Material.Neon","","false","true","true"
"244","Workspace.SalvageWorld.Stages.10.Grid","Part","72.000, 0.030, -3325.000","0.120, 0.030, 350.000","0.044999998062849045","Enum.Material.Neon","","false","true","true"
"251","Workspace.SalvageWorld.VehicleBay","Part","0.000, 0.080, 28.000","136.000, 0.160, 20.000","0.1599999964237213","Enum.Material.Asphalt","","false","true","true"
"257","Workspace.SalvageWorld.BayMark","Part","-18.000, 0.180, 28.000","0.300, 0.040, 16.000","0.20000000298023224","Enum.Material.SmoothPlastic","","false","true","true"
"258","Workspace.SalvageWorld.BayMark","Part","-36.000, 0.180, 28.000","0.300, 0.040, 16.000","0.20000000298023224","Enum.Material.SmoothPlastic","","false","true","true"
"259","Workspace.SalvageWorld.BayMark","Part","-54.000, 0.180, 28.000","0.300, 0.040, 16.000","0.20000000298023224","Enum.Material.SmoothPlastic","","false","true","true"
"260","Workspace.SalvageWorld.BayMark","Part","0.000, 0.180, 28.000","0.300, 0.040, 16.000","0.20000000298023224","Enum.Material.SmoothPlastic","","false","true","true"
"261","Workspace.SalvageWorld.BayMark","Part","18.000, 0.180, 28.000","0.300, 0.040, 16.000","0.20000000298023224","Enum.Material.SmoothPlastic","","false","true","true"
"262","Workspace.SalvageWorld.BayMark","Part","36.000, 0.180, 28.000","0.300, 0.040, 16.000","0.20000000298023224","Enum.Material.SmoothPlastic","","false","true","true"
"263","Workspace.SalvageWorld.BayMark","Part","54.000, 0.180, 28.000","0.300, 0.040, 16.000","0.20000000298023224","Enum.Material.SmoothPlastic","","false","true","true"
"269","Workspace.SalvageWorld.Stages.4.Props.dock crane.Dock crane.Model.Part","Part","-58.026, 0.269, -1238.760","13.268, 0.036, 0.036","0.28742942214012146","Enum.Material.Fabric","","false","true","false"
"270","Workspace.SalvageWorld.Stages.4.Props.dock crane.Dock crane.Model.Part","Part","52.258, 0.269, -1092.814","13.268, 0.036, 0.036","0.28742942214012146","Enum.Material.Fabric","","false","true","false"
"271","Workspace.SalvageWorld.Stages.4.Props.dock crane.Dock crane.Model.Part","Part","64.758, 0.269, -1328.496","13.268, 0.036, 0.036","0.28742942214012146","Enum.Material.Fabric","","false","true","false"
"272","Workspace.SalvageWorld.Stages.4.Props.dock crane.Dock crane.Model.Part","Part","-51.764, -0.087, -1239.936","0.719, 0.343, 0.377","0.31919702887535095","Enum.Material.Metal","","false","true","false"
"273","Workspace.SalvageWorld.Stages.4.Props.dock crane.Dock crane.Model.Part","Part","50.113, -0.087, -1086.815","0.719, 0.343, 0.377","0.31919702887535095","Enum.Material.Metal","","false","true","false"
"274","Workspace.SalvageWorld.Stages.4.Props.dock crane.Dock crane.Model.Part","Part","60.581, -0.087, -1333.308","0.719, 0.343, 0.377","0.31919702887535095","Enum.Material.Metal","","false","true","false"
"311","Workspace.SalvageWorld.Stages.3.Props.broken tv.Broken TV (w/ Glitch Effect).Model.rear_section","MeshPart","-57.144, -1.286, -819.084","3.728, 3.600, 1.753","0.5144809484481812","Enum.Material.Plastic","","false","true","false"
"313","Workspace.SalvageWorld.Stages.3.Props.broken tv.Broken TV (w/ Glitch Effect).Model.Front_section","MeshPart","-58.484, -1.286, -818.302","3.762, 3.637, 1.350","0.5326639413833618","Enum.Material.Plastic","","false","true","false"
"319","Workspace.SalvageWorld.Stages.4.Props.dock crane.Dock crane.Model.Part","Part","69.004, 0.276, -1323.412","0.171, 0.685, 0.856","0.6184449791908264","Enum.Material.Metal","","false","true","false"
"320","Workspace.SalvageWorld.Stages.4.Props.dock crane.Dock crane.Model.Part","Part","69.113, 0.276, -1323.280","0.171, 0.685, 0.514","0.6184449791908264","Enum.Material.Metal","","false","true","false"
"408","Workspace.SalvageWorld.Stages.4.Props.dock crane.Dock crane.Model.Model.Model.Part","Part","-63.025, 0.274, -1242.680","1.884, 0.171, 0.171","1.000434160232544","Enum.Material.Metal","","false","true","false"
"409","Workspace.SalvageWorld.Stages.4.Props.dock crane.Dock crane.Model.Model.Model.Part","Part","58.167, 0.274, -1095.151","1.884, 0.171, 0.171","1.000434160232544","Enum.Material.Metal","","false","true","false"
"410","Workspace.SalvageWorld.Stages.4.Props.dock crane.Dock crane.Model.Model.Model.Part","Part","63.898, 0.274, -1322.201","1.884, 0.171, 0.171","1.000434160232544","Enum.Material.Metal","","false","true","false"
"411","Workspace.SalvageWorld.Stages.4.Props.dock crane.Dock crane.Model.Model.Model.Part","Part","-63.245, 0.274, -1244.033","1.884, 0.171, 0.171","1.0004349946975708","Enum.Material.Metal","","false","true","false"
"412","Workspace.SalvageWorld.Stages.4.Props.dock crane.Dock crane.Model.Model.Model.Part","Part","59.445, 0.274, -1094.658","1.884, 0.171, 0.171","1.0004349946975708","Enum.Material.Metal","","false","true","false"
"413","Workspace.SalvageWorld.Stages.4.Props.dock crane.Dock crane.Model.Model.Model.Part","Part","62.841, 0.274, -1321.329","1.884, 0.171, 0.171","1.0004349946975708","Enum.Material.Metal","","false","true","false"
"414","Workspace.SalvageWorld.Stages.4.Props.dock crane.Dock crane.Model.Model.Model.Part","Part","-60.320, 0.274, -1243.120","1.884, 0.171, 0.171","1.00043523311615","Enum.Material.Metal","","false","true","false"
"415","Workspace.SalvageWorld.Stages.4.Props.dock crane.Dock crane.Model.Model.Model.Part","Part","57.180, 0.274, -1092.594","1.884, 0.171, 0.171","1.00043523311615","Enum.Material.Metal","","false","true","false"
"416","Workspace.SalvageWorld.Stages.4.Props.dock crane.Dock crane.Model.Model.Model.Part","Part","62.153, 0.274, -1324.315","1.884, 0.171, 0.171","1.00043523311615","Enum.Material.Metal","","false","true","false"
"417","Workspace.SalvageWorld.Stages.4.Props.dock crane.Dock crane.Model.Model.Model.Part","Part","-61.673, 0.274, -1242.900","1.884, 0.171, 0.171","1.0004353523254395","Enum.Material.Metal","","false","true","false"
"418","Workspace.SalvageWorld.Stages.4.Props.dock crane.Dock crane.Model.Model.Model.Part","Part","57.673, 0.274, -1093.872","1.884, 0.171, 0.171","1.0004353523254395","Enum.Material.Metal","","false","true","false"
"419","Workspace.SalvageWorld.Stages.4.Props.dock crane.Dock crane.Model.Model.Model.Part","Part","63.025, 0.274, -1323.258","1.884, 0.171, 0.171","1.0004353523254395","Enum.Material.Metal","","false","true","false"
"420","Workspace.SalvageWorld.Stages.4.Props.dock crane.Dock crane.Model.Model.Model.Part","Part","-71.311, 0.274, -1241.334","1.884, 0.171, 0.171","1.0004360675811768","Enum.Material.Metal","","false","true","false"
"421","Workspace.SalvageWorld.Stages.4.Props.dock crane.Dock crane.Model.Model.Model.Part","Part","61.188, 0.274, -1102.982","1.884, 0.171, 0.171","1.0004360675811768","Enum.Material.Metal","","false","true","false"
"422","Workspace.SalvageWorld.Stages.4.Props.dock crane.Dock crane.Model.Model.Model.Part","Part","69.242, 0.274, -1315.729","1.884, 0.171, 0.171","1.0004360675811768","Enum.Material.Metal","","false","true","false"
"423","Workspace.SalvageWorld.Stages.4.Props.dock crane.Dock crane.Model.Model.Model.Part","Part","-67.084, 0.274, -1242.021","1.884, 0.171, 0.171","1.0004363059997559","Enum.Material.Metal","","false","true","false"
"424","Workspace.SalvageWorld.Stages.4.Props.dock crane.Dock crane.Model.Model.Model.Part","Part","-67.084, 0.274, -1242.021","1.884, 0.171, 0.171","1.0004363059997559","Enum.Material.Metal","","false","true","false"
"425","Workspace.SalvageWorld.Stages.4.Props.dock crane.Dock crane.Model.Model.Model.Part","Part","-67.303, 0.274, -1243.374","1.884, 0.171, 0.171","1.0004363059997559","Enum.Material.Metal","","false","true","false"
"426","Workspace.SalvageWorld.Stages.4.Props.dock crane.Dock crane.Model.Model.Model.Part","Part","-67.303, 0.274, -1243.374","1.884, 0.171, 0.171","1.0004363059997559","Enum.Material.Metal","","false","true","false"
"427","Workspace.SalvageWorld.Stages.4.Props.dock crane.Dock crane.Model.Model.Model.Part","Part","-68.436, 0.274, -1241.801","1.884, 0.171, 0.171","1.0004363059997559","Enum.Material.Metal","","false","true","false"
"428","Workspace.SalvageWorld.Stages.4.Props.dock crane.Dock crane.Model.Model.Model.Part","Part","-68.436, 0.274, -1241.801","1.884, 0.171, 0.171","1.0004363059997559","Enum.Material.Metal","","false","true","false"
"429","Workspace.SalvageWorld.Stages.4.Props.dock crane.Dock crane.Model.Model.Model.Part","Part","-68.656, 0.274, -1243.154","1.884, 0.171, 0.171","1.0004363059997559","Enum.Material.Metal","","false","true","false"
"430","Workspace.SalvageWorld.Stages.4.Props.dock crane.Dock crane.Model.Model.Model.Part","Part","-68.656, 0.274, -1243.154","1.884, 0.171, 0.171","1.0004363059997559","Enum.Material.Metal","","false","true","false"
"431","Workspace.SalvageWorld.Stages.4.Props.dock crane.Dock crane.Model.Model.Model.Part","Part","-69.789, 0.274, -1241.582","1.884, 0.171, 0.171","1.0004363059997559","Enum.Material.Metal","","false","true","false"
"432","Workspace.SalvageWorld.Stages.4.Props.dock crane.Dock crane.Model.Model.Model.Part","Part","-69.789, 0.274, -1241.582","1.884, 0.171, 0.171","1.0004363059997559","Enum.Material.Metal","","false","true","false"
"433","Workspace.SalvageWorld.Stages.4.Props.dock crane.Dock crane.Model.Model.Model.Part","Part","-70.009, 0.274, -1242.934","1.884, 0.171, 0.171","1.0004363059997559","Enum.Material.Metal","","false","true","false"
"434","Workspace.SalvageWorld.Stages.4.Props.dock crane.Dock crane.Model.Model.Model.Part","Part","-70.009, 0.274, -1242.934","1.884, 0.171, 0.171","1.0004363059997559","Enum.Material.Metal","","false","true","false"
"435","Workspace.SalvageWorld.Stages.4.Props.dock crane.Dock crane.Model.Model.Model.Part","Part","-71.530, 0.274, -1242.687","1.884, 0.171, 0.171","1.0004363059997559","Enum.Material.Metal","","false","true","false"
"436","Workspace.SalvageWorld.Stages.4.Props.dock crane.Dock crane.Model.Model.Model.Part","Part","59.646, 0.274, -1098.987","1.884, 0.171, 0.171","1.0004363059997559","Enum.Material.Metal","","false","true","false"
"437","Workspace.SalvageWorld.Stages.4.Props.dock crane.Dock crane.Model.Model.Model.Part","Part","59.646, 0.274, -1098.987","1.884, 0.171, 0.171","1.0004363059997559","Enum.Material.Metal","","false","true","false"
"438","Workspace.SalvageWorld.Stages.4.Props.dock crane.Dock crane.Model.Model.Model.Part","Part","60.139, 0.274, -1100.265","1.884, 0.171, 0.171","1.0004363059997559","Enum.Material.Metal","","false","true","false"
"439","Workspace.SalvageWorld.Stages.4.Props.dock crane.Dock crane.Model.Model.Model.Part","Part","60.139, 0.274, -1100.265","1.884, 0.171, 0.171","1.0004363059997559","Enum.Material.Metal","","false","true","false"
"440","Workspace.SalvageWorld.Stages.4.Props.dock crane.Dock crane.Model.Model.Model.Part","Part","60.633, 0.274, -1101.544","1.884, 0.171, 0.171","1.0004363059997559","Enum.Material.Metal","","false","true","false"
"441","Workspace.SalvageWorld.Stages.4.Props.dock crane.Dock crane.Model.Model.Model.Part","Part","60.633, 0.274, -1101.544","1.884, 0.171, 0.171","1.0004363059997559","Enum.Material.Metal","","false","true","false"
"442","Workspace.SalvageWorld.Stages.4.Props.dock crane.Dock crane.Model.Model.Model.Part","Part","60.925, 0.274, -1098.493","1.884, 0.171, 0.171","1.0004363059997559","Enum.Material.Metal","","false","true","false"
"443","Workspace.SalvageWorld.Stages.4.Props.dock crane.Dock crane.Model.Model.Model.Part","Part","60.925, 0.274, -1098.493","1.884, 0.171, 0.171","1.0004363059997559","Enum.Material.Metal","","false","true","false"
"444","Workspace.SalvageWorld.Stages.4.Props.dock crane.Dock crane.Model.Model.Model.Part","Part","61.418, 0.274, -1099.772","1.884, 0.171, 0.171","1.0004363059997559","Enum.Material.Metal","","false","true","false"
"445","Workspace.SalvageWorld.Stages.4.Props.dock crane.Dock crane.Model.Model.Model.Part","Part","61.418, 0.274, -1099.772","1.884, 0.171, 0.171","1.0004363059997559","Enum.Material.Metal","","false","true","false"
"446","Workspace.SalvageWorld.Stages.4.Props.dock crane.Dock crane.Model.Model.Model.Part","Part","61.911, 0.274, -1101.051","1.884, 0.171, 0.171","1.0004363059997559","Enum.Material.Metal","","false","true","false"
"447","Workspace.SalvageWorld.Stages.4.Props.dock crane.Dock crane.Model.Model.Model.Part","Part","61.911, 0.274, -1101.051","1.884, 0.171, 0.171","1.0004363059997559","Enum.Material.Metal","","false","true","false"
"448","Workspace.SalvageWorld.Stages.4.Props.dock crane.Dock crane.Model.Model.Model.Part","Part","62.466, 0.274, -1102.489","1.884, 0.171, 0.171","1.0004363059997559","Enum.Material.Metal","","false","true","false"
"449","Workspace.SalvageWorld.Stages.4.Props.dock crane.Dock crane.Model.Model.Model.Part","Part","65.459, 0.274, -1318.158","1.884, 0.171, 0.171","1.0004363059997559","Enum.Material.Metal","","false","true","false"
"450","Workspace.SalvageWorld.Stages.4.Props.dock crane.Dock crane.Model.Model.Model.Part","Part","65.459, 0.274, -1318.158","1.884, 0.171, 0.171","1.0004363059997559","Enum.Material.Metal","","false","true","false"
"451","Workspace.SalvageWorld.Stages.4.Props.dock crane.Dock crane.Model.Model.Model.Part","Part","66.331, 0.274, -1317.102","1.884, 0.171, 0.171","1.0004363059997559","Enum.Material.Metal","","false","true","false"
"452","Workspace.SalvageWorld.Stages.4.Props.dock crane.Dock crane.Model.Model.Model.Part","Part","66.332, 0.274, -1317.102","1.884, 0.171, 0.171","1.0004363059997559","Enum.Material.Metal","","false","true","false"
"453","Workspace.SalvageWorld.Stages.4.Props.dock crane.Dock crane.Model.Model.Model.Part","Part","66.516, 0.274, -1319.031","1.884, 0.171, 0.171","1.0004363059997559","Enum.Material.Metal","","false","true","false"
"454","Workspace.SalvageWorld.Stages.4.Props.dock crane.Dock crane.Model.Model.Model.Part","Part","66.516, 0.274, -1319.031","1.884, 0.171, 0.171","1.0004363059997559","Enum.Material.Metal","","false","true","false"
"455","Workspace.SalvageWorld.Stages.4.Props.dock crane.Dock crane.Model.Model.Model.Part","Part","67.204, 0.274, -1316.045","1.884, 0.171, 0.171","1.0004363059997559","Enum.Material.Metal","","false","true","false"
"456","Workspace.SalvageWorld.Stages.4.Props.dock crane.Dock crane.Model.Model.Model.Part","Part","67.204, 0.274, -1316.045","1.884, 0.171, 0.171","1.0004363059997559","Enum.Material.Metal","","false","true","false"
"457","Workspace.SalvageWorld.Stages.4.Props.dock crane.Dock crane.Model.Model.Model.Part","Part","67.388, 0.274, -1317.974","1.884, 0.171, 0.171","1.0004363059997559","Enum.Material.Metal","","false","true","false"
"458","Workspace.SalvageWorld.Stages.4.Props.dock crane.Dock crane.Model.Model.Model.Part","Part","67.388, 0.274, -1317.974","1.884, 0.171, 0.171","1.0004363059997559","Enum.Material.Metal","","false","true","false"
"459","Workspace.SalvageWorld.Stages.4.Props.dock crane.Dock crane.Model.Model.Model.Part","Part","68.186, 0.274, -1314.856","1.884, 0.171, 0.171","1.0004363059997559","Enum.Material.Metal","","false","true","false"
"460","Workspace.SalvageWorld.Stages.4.Props.dock crane.Dock crane.Model.Model.Model.Part","Part","68.261, 0.274, -1316.917","1.884, 0.171, 0.171","1.0004363059997559","Enum.Material.Metal","","false","true","false"
"461","Workspace.SalvageWorld.Stages.4.Props.dock crane.Dock crane.Model.Model.Model.Part","Part","68.261, 0.274, -1316.917","1.884, 0.171, 0.171","1.0004363059997559","Enum.Material.Metal","","false","true","false"
"462","Workspace.SalvageWorld.Stages.4.Props.dock crane.Dock crane.Model.Model.Model.Part","Part","-61.673, 0.274, -1242.900","1.884, 0.171, 0.171","1.000436544418335","Enum.Material.Metal","","false","true","false"
"463","Workspace.SalvageWorld.Stages.4.Props.dock crane.Dock crane.Model.Model.Model.Part","Part","-61.893, 0.274, -1244.253","1.884, 0.171, 0.171","1.000436544418335","Enum.Material.Metal","","false","true","false"
"464","Workspace.SalvageWorld.Stages.4.Props.dock crane.Dock crane.Model.Model.Model.Part","Part","-61.893, 0.274, -1244.253","1.884, 0.171, 0.171","1.000436544418335","Enum.Material.Metal","","false","true","false"
"465","Workspace.SalvageWorld.Stages.4.Props.dock crane.Dock crane.Model.Model.Model.Part","Part","-63.026, 0.274, -1242.680","1.884, 0.171, 0.171","1.000436544418335","Enum.Material.Metal","","false","true","false"
"466","Workspace.SalvageWorld.Stages.4.Props.dock crane.Dock crane.Model.Model.Model.Part","Part","-63.245, 0.274, -1244.033","1.884, 0.171, 0.171","1.000436544418335","Enum.Material.Metal","","false","true","false"
"467","Workspace.SalvageWorld.Stages.4.Props.dock crane.Dock crane.Model.Model.Model.Part","Part","-64.378, 0.274, -1242.460","1.884, 0.171, 0.171","1.000436544418335","Enum.Material.Metal","","false","true","false"
"468","Workspace.SalvageWorld.Stages.4.Props.dock crane.Dock crane.Model.Model.Model.Part","Part","-64.378, 0.274, -1242.460","1.884, 0.171, 0.171","1.000436544418335","Enum.Material.Metal","","false","true","false"
"469","Workspace.SalvageWorld.Stages.4.Props.dock crane.Dock crane.Model.Model.Model.Part","Part","-64.598, 0.274, -1243.813","1.884, 0.171, 0.171","1.000436544418335","Enum.Material.Metal","","false","true","false"
"470","Workspace.SalvageWorld.Stages.4.Props.dock crane.Dock crane.Model.Model.Model.Part","Part","-64.598, 0.274, -1243.813","1.884, 0.171, 0.171","1.000436544418335","Enum.Material.Metal","","false","true","false"
"471","Workspace.SalvageWorld.Stages.4.Props.dock crane.Dock crane.Model.Model.Model.Part","Part","-65.731, 0.274, -1242.241","1.884, 0.171, 0.171","1.000436544418335","Enum.Material.Metal","","false","true","false"
"472","Workspace.SalvageWorld.Stages.4.Props.dock crane.Dock crane.Model.Model.Model.Part","Part","-65.731, 0.274, -1242.241","1.884, 0.171, 0.171","1.000436544418335","Enum.Material.Metal","","false","true","false"
"473","Workspace.SalvageWorld.Stages.4.Props.dock crane.Dock crane.Model.Model.Model.Part","Part","-65.951, 0.274, -1243.593","1.884, 0.171, 0.171","1.000436544418335","Enum.Material.Metal","","false","true","false"
"474","Workspace.SalvageWorld.Stages.4.Props.dock crane.Dock crane.Model.Model.Model.Part","Part","-65.951, 0.274, -1243.593","1.884, 0.171, 0.171","1.000436544418335","Enum.Material.Metal","","false","true","false"
"475","Workspace.SalvageWorld.Stages.4.Props.dock crane.Dock crane.Model.Model.Model.Part","Part","57.673, 0.274, -1093.872","1.884, 0.171, 0.171","1.000436544418335","Enum.Material.Metal","","false","true","false"
"476","Workspace.SalvageWorld.Stages.4.Props.dock crane.Dock crane.Model.Model.Model.Part","Part","58.167, 0.274, -1095.151","1.884, 0.171, 0.171","1.000436544418335","Enum.Material.Metal","","false","true","false"
"477","Workspace.SalvageWorld.Stages.4.Props.dock crane.Dock crane.Model.Model.Model.Part","Part","58.660, 0.274, -1096.429","1.884, 0.171, 0.171","1.000436544418335","Enum.Material.Metal","","false","true","false"
"478","Workspace.SalvageWorld.Stages.4.Props.dock crane.Dock crane.Model.Model.Model.Part","Part","58.660, 0.274, -1096.429","1.884, 0.171, 0.171","1.000436544418335","Enum.Material.Metal","","false","true","false"
"479","Workspace.SalvageWorld.Stages.4.Props.dock crane.Dock crane.Model.Model.Model.Part","Part","58.952, 0.274, -1093.379","1.884, 0.171, 0.171","1.000436544418335","Enum.Material.Metal","","false","true","false"
"480","Workspace.SalvageWorld.Stages.4.Props.dock crane.Dock crane.Model.Model.Model.Part","Part","58.952, 0.274, -1093.379","1.884, 0.171, 0.171","1.000436544418335","Enum.Material.Metal","","false","true","false"
"481","Workspace.SalvageWorld.Stages.4.Props.dock crane.Dock crane.Model.Model.Model.Part","Part","59.153, 0.274, -1097.708","1.884, 0.171, 0.171","1.000436544418335","Enum.Material.Metal","","false","true","false"
"482","Workspace.SalvageWorld.Stages.4.Props.dock crane.Dock crane.Model.Model.Model.Part","Part","59.153, 0.274, -1097.708","1.884, 0.171, 0.171","1.000436544418335","Enum.Material.Metal","","false","true","false"
"483","Workspace.SalvageWorld.Stages.4.Props.dock crane.Dock crane.Model.Model.Model.Part","Part","59.445, 0.274, -1094.658","1.884, 0.171, 0.171","1.000436544418335","Enum.Material.Metal","","false","true","false"
"484","Workspace.SalvageWorld.Stages.4.Props.dock crane.Dock crane.Model.Model.Model.Part","Part","59.938, 0.274, -1095.936","1.884, 0.171, 0.171","1.000436544418335","Enum.Material.Metal","","false","true","false"
"485","Workspace.SalvageWorld.Stages.4.Props.dock crane.Dock crane.Model.Model.Model.Part","Part","59.938, 0.274, -1095.936","1.884, 0.171, 0.171","1.000436544418335","Enum.Material.Metal","","false","true","false"
"486","Workspace.SalvageWorld.Stages.4.Props.dock crane.Dock crane.Model.Model.Model.Part","Part","60.432, 0.274, -1097.215","1.884, 0.171, 0.171","1.000436544418335","Enum.Material.Metal","","false","true","false"
"487","Workspace.SalvageWorld.Stages.4.Props.dock crane.Dock crane.Model.Model.Model.Part","Part","60.432, 0.274, -1097.215","1.884, 0.171, 0.171","1.000436544418335","Enum.Material.Metal","","false","true","false"
"488","Workspace.SalvageWorld.Stages.4.Props.dock crane.Dock crane.Model.Model.Model.Part","Part","61.969, 0.274, -1322.385","1.884, 0.171, 0.171","1.000436544418335","Enum.Material.Metal","","false","true","false"
"489","Workspace.SalvageWorld.Stages.4.Props.dock crane.Dock crane.Model.Model.Model.Part","Part","61.969, 0.274, -1322.385","1.884, 0.171, 0.171","1.000436544418335","Enum.Material.Metal","","false","true","false"
"490","Workspace.SalvageWorld.Stages.4.Props.dock crane.Dock crane.Model.Model.Model.Part","Part","62.841, 0.274, -1321.329","1.884, 0.171, 0.171","1.000436544418335","Enum.Material.Metal","","false","true","false"
"491","Workspace.SalvageWorld.Stages.4.Props.dock crane.Dock crane.Model.Model.Model.Part","Part","63.025, 0.274, -1323.258","1.884, 0.171, 0.171","1.000436544418335","Enum.Material.Metal","","false","true","false"
"492","Workspace.SalvageWorld.Stages.4.Props.dock crane.Dock crane.Model.Model.Model.Part","Part","63.714, 0.274, -1320.272","1.884, 0.171, 0.171","1.000436544418335","Enum.Material.Metal","","false","true","false"
"493","Workspace.SalvageWorld.Stages.4.Props.dock crane.Dock crane.Model.Model.Model.Part","Part","63.714, 0.274, -1320.272","1.884, 0.171, 0.171","1.000436544418335","Enum.Material.Metal","","false","true","false"
"494","Workspace.SalvageWorld.Stages.4.Props.dock crane.Dock crane.Model.Model.Model.Part","Part","63.898, 0.274, -1322.201","1.884, 0.171, 0.171","1.000436544418335","Enum.Material.Metal","","false","true","false"
"495","Workspace.SalvageWorld.Stages.4.Props.dock crane.Dock crane.Model.Model.Model.Part","Part","64.586, 0.274, -1319.215","1.884, 0.171, 0.171","1.000436544418335","Enum.Material.Metal","","false","true","false"
"496","Workspace.SalvageWorld.Stages.4.Props.dock crane.Dock crane.Model.Model.Model.Part","Part","64.586, 0.274, -1319.215","1.884, 0.171, 0.171","1.000436544418335","Enum.Material.Metal","","false","true","false"
"497","Workspace.SalvageWorld.Stages.4.Props.dock crane.Dock crane.Model.Model.Model.Part","Part","64.771, 0.274, -1321.144","1.884, 0.171, 0.171","1.000436544418335","Enum.Material.Metal","","false","true","false"
"498","Workspace.SalvageWorld.Stages.4.Props.dock crane.Dock crane.Model.Model.Model.Part","Part","64.771, 0.274, -1321.144","1.884, 0.171, 0.171","1.000436544418335","Enum.Material.Metal","","false","true","false"
"499","Workspace.SalvageWorld.Stages.4.Props.dock crane.Dock crane.Model.Model.Model.Part","Part","65.643, 0.274, -1320.088","1.884, 0.171, 0.171","1.000436544418335","Enum.Material.Metal","","false","true","false"
"500","Workspace.SalvageWorld.Stages.4.Props.dock crane.Dock crane.Model.Model.Model.Part","Part","65.643, 0.274, -1320.088","1.884, 0.171, 0.171","1.000436544418335","Enum.Material.Metal","","false","true","false"
"501","Workspace.SalvageWorld.Stages.4.Props.dock crane.Dock crane.Model.Model.Model.Part","Part","-60.320, 0.274, -1243.120","1.884, 0.171, 0.171","1.000436782836914","Enum.Material.Metal","","false","true","false"
"502","Workspace.SalvageWorld.Stages.4.Props.dock crane.Dock crane.Model.Model.Model.Part","Part","-60.540, 0.274, -1244.472","1.884, 0.171, 0.171","1.000436782836914","Enum.Material.Metal","","false","true","false"
"503","Workspace.SalvageWorld.Stages.4.Props.dock crane.Dock crane.Model.Model.Model.Part","Part","57.180, 0.274, -1092.594","1.884, 0.171, 0.171","1.000436782836914","Enum.Material.Metal","","false","true","false"
"504","Workspace.SalvageWorld.Stages.4.Props.dock crane.Dock crane.Model.Model.Model.Part","Part","58.459, 0.274, -1092.100","1.884, 0.171, 0.171","1.000436782836914","Enum.Material.Metal","","false","true","false"
"505","Workspace.SalvageWorld.Stages.4.Props.dock crane.Dock crane.Model.Model.Model.Part","Part","61.096, 0.274, -1323.442","1.884, 0.171, 0.171","1.000436782836914","Enum.Material.Metal","","false","true","false"
"506","Workspace.SalvageWorld.Stages.4.Props.dock crane.Dock crane.Model.Model.Model.Part","Part","62.153, 0.274, -1324.315","1.884, 0.171, 0.171","1.000436782836914","Enum.Material.Metal","","false","true","false"
"507","Workspace.SalvageWorld.Stages.4.Props.dock crane.Dock crane.Model.Model.Model.Part","Part","-60.540, 0.274, -1244.472","1.884, 0.171, 0.171","1.00043785572052","Enum.Material.Metal","","false","true","false"
"508","Workspace.SalvageWorld.Stages.4.Props.dock crane.Dock crane.Model.Model.Model.Part","Part","58.459, 0.274, -1092.100","1.884, 0.171, 0.171","1.00043785572052","Enum.Material.Metal","","false","true","false"
"509","Workspace.SalvageWorld.Stages.4.Props.dock crane.Dock crane.Model.Model.Model.Part","Part","61.096, 0.274, -1323.442","1.884, 0.171, 0.171","1.00043785572052","Enum.Material.Metal","","false","true","false"
"510","Workspace.SalvageWorld.Stages.4.Props.dock crane.Dock crane.Model.Model.Model.Part","Part","-71.311, 0.274, -1241.334","1.884, 0.171, 0.171","1.0004384517669678","Enum.Material.Metal","","false","true","false"
"511","Workspace.SalvageWorld.Stages.4.Props.dock crane.Dock crane.Model.Model.Model.Part","Part","61.188, 0.274, -1102.982","1.884, 0.171, 0.171","1.0004384517669678","Enum.Material.Metal","","false","true","false"
"512","Workspace.SalvageWorld.Stages.4.Props.dock crane.Dock crane.Model.Model.Model.Part","Part","69.242, 0.274, -1315.729","1.884, 0.171, 0.171","1.0004384517669678","Enum.Material.Metal","","false","true","false"
"513","Workspace.SalvageWorld.Stages.4.Props.dock crane.Dock crane.Model.Model.Model.Part","Part","-71.530, 0.274, -1242.687","1.884, 0.171, 0.171","1.0004386901855469","Enum.Material.Metal","","false","true","false"
"514","Workspace.SalvageWorld.Stages.4.Props.dock crane.Dock crane.Model.Model.Model.Part","Part","62.466, 0.274, -1102.489","1.884, 0.171, 0.171","1.0004386901855469","Enum.Material.Metal","","false","true","false"
"515","Workspace.SalvageWorld.Stages.4.Props.dock crane.Dock crane.Model.Model.Model.Part","Part","68.186, 0.274, -1314.856","1.884, 0.171, 0.171","1.0004386901855469","Enum.Material.Metal","","false","true","false"
"516","Workspace.SalvageWorld.Stages.4.Props.dock crane.Dock crane.Model.Model.Model.Part","Part","-69.142, 0.961, -1242.383","1.199, 0.171, 0.171","1.0466800928115845","Enum.Material.Metal","","false","true","false"
"517","Workspace.SalvageWorld.Stages.4.Props.dock crane.Dock crane.Model.Model.Model.Part","Part","-69.898, 0.961, -1242.256","1.884, 0.171, 0.171","1.0466800928115845","Enum.Material.Metal","","false","true","false"
"518","Workspace.SalvageWorld.Stages.4.Props.dock crane.Dock crane.Model.Model.Model.Part","Part","-69.898, 0.961, -1242.256","1.884, 0.171, 0.171","1.0466800928115845","Enum.Material.Metal","","false","true","false"
"519","Workspace.SalvageWorld.Stages.4.Props.dock crane.Dock crane.Model.Model.Model.Part","Part","-70.664, 0.961, -1242.136","1.199, 0.171, 0.171","1.0466800928115845","Enum.Material.Metal","","false","true","false"
"520","Workspace.SalvageWorld.Stages.4.Props.dock crane.Dock crane.Model.Model.Model.Part","Part","-71.420, 0.961, -1242.009","1.884, 0.171, 0.171","1.0466800928115845","Enum.Material.Metal","","false","true","false"
"521","Workspace.SalvageWorld.Stages.4.Props.dock crane.Dock crane.Model.Model.Model.Part","Part","-71.420, 0.961, -1242.009","1.884, 0.171, 0.171","1.0466800928115845","Enum.Material.Metal","","false","true","false"
"522","Workspace.SalvageWorld.Stages.4.Props.dock crane.Dock crane.Model.Model.Model.Part","Part","60.998, 0.961, -1100.581","1.199, 0.171, 0.171","1.0466800928115845","Enum.Material.Metal","","false","true","false"
"523","Workspace.SalvageWorld.Stages.4.Props.dock crane.Dock crane.Model.Model.Model.Part","Part","61.270, 0.961, -1101.298","1.884, 0.171, 0.171","1.0466800928115845","Enum.Material.Metal","","false","true","false"
"524","Workspace.SalvageWorld.Stages.4.Props.dock crane.Dock crane.Model.Model.Model.Part","Part","61.270, 0.961, -1101.298","1.884, 0.171, 0.171","1.0466800928115845","Enum.Material.Metal","","false","true","false"
"525","Workspace.SalvageWorld.Stages.4.Props.dock crane.Dock crane.Model.Model.Model.Part","Part","61.553, 0.961, -1102.020","1.199, 0.171, 0.171","1.0466800928115845","Enum.Material.Metal","","false","true","false"
"526","Workspace.SalvageWorld.Stages.4.Props.dock crane.Dock crane.Model.Model.Model.Part","Part","61.825, 0.961, -1102.736","1.884, 0.171, 0.171","1.0466800928115845","Enum.Material.Metal","","false","true","false"
"527","Workspace.SalvageWorld.Stages.4.Props.dock crane.Dock crane.Model.Model.Model.Part","Part","61.825, 0.961, -1102.736","1.884, 0.171, 0.171","1.0466800928115845","Enum.Material.Metal","","false","true","false"
"528","Workspace.SalvageWorld.Stages.4.Props.dock crane.Dock crane.Model.Model.Model.Part","Part","67.243, 0.961, -1317.071","1.199, 0.171, 0.171","1.0466800928115845","Enum.Material.Metal","","false","true","false"
"529","Workspace.SalvageWorld.Stages.4.Props.dock crane.Dock crane.Model.Model.Model.Part","Part","67.734, 0.961, -1316.483","1.884, 0.171, 0.171","1.0466800928115845","Enum.Material.Metal","","false","true","false"
"530","Workspace.SalvageWorld.Stages.4.Props.dock crane.Dock crane.Model.Model.Model.Part","Part","67.734, 0.961, -1316.483","1.884, 0.171, 0.171","1.0466800928115845","Enum.Material.Metal","","false","true","false"
"531","Workspace.SalvageWorld.Stages.4.Props.dock crane.Dock crane.Model.Model.Model.Part","Part","68.224, 0.961, -1315.882","1.199, 0.171, 0.171","1.0466800928115845","Enum.Material.Metal","","false","true","false"
"532","Workspace.SalvageWorld.Stages.4.Props.dock crane.Dock crane.Model.Model.Model.Part","Part","68.716, 0.961, -1315.294","1.884, 0.171, 0.171","1.0466800928115845","Enum.Material.Metal","","false","true","false"
"533","Workspace.SalvageWorld.Stages.4.Props.dock crane.Dock crane.Model.Model.Model.Part","Part","68.716, 0.961, -1315.294","1.884, 0.171, 0.171","1.0466800928115845","Enum.Material.Metal","","false","true","false"
"534","Workspace.SalvageWorld.Stages.4.Props.dock crane.Dock crane.Model.Model.Model.Part","Part","-59.674, 0.961, -1243.921","1.199, 0.171, 0.171","1.0466805696487427","Enum.Material.Metal","","false","true","false"
"535","Workspace.SalvageWorld.Stages.4.Props.dock crane.Dock crane.Model.Model.Model.Part","Part","-60.430, 0.961, -1243.794","1.884, 0.171, 0.171","1.0466805696487427","Enum.Material.Metal","","false","true","false"
"536","Workspace.SalvageWorld.Stages.4.Props.dock crane.Dock crane.Model.Model.Model.Part","Part","-60.430, 0.961, -1243.794","1.884, 0.171, 0.171","1.0466805696487427","Enum.Material.Metal","","false","true","false"
"537","Workspace.SalvageWorld.Stages.4.Props.dock crane.Dock crane.Model.Model.Model.Part","Part","-61.027, 0.961, -1243.701","1.199, 0.171, 0.171","1.0466805696487427","Enum.Material.Metal","","false","true","false"
"538","Workspace.SalvageWorld.Stages.4.Props.dock crane.Dock crane.Model.Model.Model.Part","Part","-61.782, 0.961, -1243.574","1.884, 0.171, 0.171","1.0466805696487427","Enum.Material.Metal","","false","true","false"
"539","Workspace.SalvageWorld.Stages.4.Props.dock crane.Dock crane.Model.Model.Model.Part","Part","-61.782, 0.961, -1243.574","1.884, 0.171, 0.171","1.0466805696487427","Enum.Material.Metal","","false","true","false"
"540","Workspace.SalvageWorld.Stages.4.Props.dock crane.Dock crane.Model.Model.Model.Part","Part","-62.379, 0.961, -1243.482","1.199, 0.171, 0.171","1.0466805696487427","Enum.Material.Metal","","false","true","false"
"541","Workspace.SalvageWorld.Stages.4.Props.dock crane.Dock crane.Model.Model.Model.Part","Part","-63.135, 0.961, -1243.354","1.884, 0.171, 0.171","1.0466805696487427","Enum.Material.Metal","","false","true","false"
"542","Workspace.SalvageWorld.Stages.4.Props.dock crane.Dock crane.Model.Model.Model.Part","Part","-63.135, 0.961, -1243.354","1.884, 0.171, 0.171","1.0466805696487427","Enum.Material.Metal","","false","true","false"
"543","Workspace.SalvageWorld.Stages.4.Props.dock crane.Dock crane.Model.Model.Model.Part","Part","-63.732, 0.961, -1243.262","1.199, 0.171, 0.171","1.0466805696487427","Enum.Material.Metal","","false","true","false"
"544","Workspace.SalvageWorld.Stages.4.Props.dock crane.Dock crane.Model.Model.Model.Part","Part","-64.488, 0.961, -1243.135","1.884, 0.171, 0.171","1.0466805696487427","Enum.Material.Metal","","false","true","false"
"545","Workspace.SalvageWorld.Stages.4.Props.dock crane.Dock crane.Model.Model.Model.Part","Part","-64.488, 0.961, -1243.135","1.884, 0.171, 0.171","1.0466805696487427","Enum.Material.Metal","","false","true","false"
"546","Workspace.SalvageWorld.Stages.4.Props.dock crane.Dock crane.Model.Model.Model.Part","Part","-65.084, 0.961, -1243.042","1.199, 0.171, 0.171","1.0466805696487427","Enum.Material.Metal","","false","true","false"
"547","Workspace.SalvageWorld.Stages.4.Props.dock crane.Dock crane.Model.Model.Model.Part","Part","-65.840, 0.961, -1242.915","1.884, 0.171, 0.171","1.0466805696487427","Enum.Material.Metal","","false","true","false"
"548","Workspace.SalvageWorld.Stages.4.Props.dock crane.Dock crane.Model.Model.Model.Part","Part","-65.840, 0.961, -1242.915","1.884, 0.171, 0.171","1.0466805696487427","Enum.Material.Metal","","false","true","false"
"549","Workspace.SalvageWorld.Stages.4.Props.dock crane.Dock crane.Model.Model.Model.Part","Part","-66.437, 0.961, -1242.822","1.199, 0.171, 0.171","1.0466805696487427","Enum.Material.Metal","","false","true","false"
"550","Workspace.SalvageWorld.Stages.4.Props.dock crane.Dock crane.Model.Model.Model.Part","Part","-67.193, 0.961, -1242.695","1.884, 0.171, 0.171","1.0466805696487427","Enum.Material.Metal","","false","true","false"
"551","Workspace.SalvageWorld.Stages.4.Props.dock crane.Dock crane.Model.Model.Model.Part","Part","-67.193, 0.961, -1242.695","1.884, 0.171, 0.171","1.0466805696487427","Enum.Material.Metal","","false","true","false"
"552","Workspace.SalvageWorld.Stages.4.Props.dock crane.Dock crane.Model.Model.Model.Part","Part","-67.790, 0.961, -1242.603","1.199, 0.171, 0.171","1.0466805696487427","Enum.Material.Metal","","false","true","false"
"553","Workspace.SalvageWorld.Stages.4.Props.dock crane.Dock crane.Model.Model.Model.Part","Part","-68.546, 0.961, -1242.476","1.884, 0.171, 0.171","1.0466805696487427","Enum.Material.Metal","","false","true","false"
"554","Workspace.SalvageWorld.Stages.4.Props.dock crane.Dock crane.Model.Model.Model.Part","Part","-68.546, 0.961, -1242.476","1.884, 0.171, 0.171","1.0466805696487427","Enum.Material.Metal","","false","true","false"
"555","Workspace.SalvageWorld.Stages.4.Props.dock crane.Dock crane.Model.Model.Model.Part","Part","57.545, 0.961, -1091.631","1.199, 0.171, 0.171","1.0466805696487427","Enum.Material.Metal","","false","true","false"
"556","Workspace.SalvageWorld.Stages.4.Props.dock crane.Dock crane.Model.Model.Model.Part","Part","57.817, 0.961, -1092.348","1.884, 0.171, 0.171","1.0466805696487427","Enum.Material.Metal","","false","true","false"
"557","Workspace.SalvageWorld.Stages.4.Props.dock crane.Dock crane.Model.Model.Model.Part","Part","57.817, 0.961, -1092.348","1.884, 0.171, 0.171","1.0466805696487427","Enum.Material.Metal","","false","true","false"
"558","Workspace.SalvageWorld.Stages.4.Props.dock crane.Dock crane.Model.Model.Model.Part","Part","58.039, 0.961, -1092.910","1.199, 0.171, 0.171","1.0466805696487427","Enum.Material.Metal","","false","true","false"
"559","Workspace.SalvageWorld.Stages.4.Props.dock crane.Dock crane.Model.Model.Model.Part","Part","58.311, 0.961, -1093.626","1.884, 0.171, 0.171","1.0466805696487427","Enum.Material.Metal","","false","true","false"
"560","Workspace.SalvageWorld.Stages.4.Props.dock crane.Dock crane.Model.Model.Model.Part","Part","58.311, 0.961, -1093.626","1.884, 0.171, 0.171","1.0466805696487427","Enum.Material.Metal","","false","true","false"
"561","Workspace.SalvageWorld.Stages.4.Props.dock crane.Dock crane.Model.Model.Model.Part","Part","58.532, 0.961, -1094.188","1.199, 0.171, 0.171","1.0466805696487427","Enum.Material.Metal","","false","true","false"
"562","Workspace.SalvageWorld.Stages.4.Props.dock crane.Dock crane.Model.Model.Model.Part","Part","58.804, 0.961, -1094.905","1.884, 0.171, 0.171","1.0466805696487427","Enum.Material.Metal","","false","true","false"
"563","Workspace.SalvageWorld.Stages.4.Props.dock crane.Dock crane.Model.Model.Model.Part","Part","58.804, 0.961, -1094.905","1.884, 0.171, 0.171","1.0466805696487427","Enum.Material.Metal","","false","true","false"
"564","Workspace.SalvageWorld.Stages.4.Props.dock crane.Dock crane.Model.Model.Model.Part","Part","59.025, 0.961, -1095.467","1.199, 0.171, 0.171","1.0466805696487427","Enum.Material.Metal","","false","true","false"
"565","Workspace.SalvageWorld.Stages.4.Props.dock crane.Dock crane.Model.Model.Model.Part","Part","59.297, 0.961, -1096.183","1.884, 0.171, 0.171","1.0466805696487427","Enum.Material.Metal","","false","true","false"
"566","Workspace.SalvageWorld.Stages.4.Props.dock crane.Dock crane.Model.Model.Model.Part","Part","59.297, 0.961, -1096.184","1.884, 0.171, 0.171","1.0466805696487427","Enum.Material.Metal","","false","true","false"
"567","Workspace.SalvageWorld.Stages.4.Props.dock crane.Dock crane.Model.Model.Model.Part","Part","59.518, 0.961, -1096.745","1.199, 0.171, 0.171","1.0466805696487427","Enum.Material.Metal","","false","true","false"
"568","Workspace.SalvageWorld.Stages.4.Props.dock crane.Dock crane.Model.Model.Model.Part","Part","59.790, 0.961, -1097.462","1.884, 0.171, 0.171","1.0466805696487427","Enum.Material.Metal","","false","true","false"
"569","Workspace.SalvageWorld.Stages.4.Props.dock crane.Dock crane.Model.Model.Model.Part","Part","59.790, 0.961, -1097.462","1.884, 0.171, 0.171","1.0466805696487427","Enum.Material.Metal","","false","true","false"
"570","Workspace.SalvageWorld.Stages.4.Props.dock crane.Dock crane.Model.Model.Model.Part","Part","60.012, 0.961, -1098.024","1.199, 0.171, 0.171","1.0466805696487427","Enum.Material.Metal","","false","true","false"
"571","Workspace.SalvageWorld.Stages.4.Props.dock crane.Dock crane.Model.Model.Model.Part","Part","60.283, 0.961, -1098.741","1.884, 0.171, 0.171","1.0466805696487427","Enum.Material.Metal","","false","true","false"
"572","Workspace.SalvageWorld.Stages.4.Props.dock crane.Dock crane.Model.Model.Model.Part","Part","60.284, 0.961, -1098.741","1.884, 0.171, 0.171","1.0466805696487427","Enum.Material.Metal","","false","true","false"
"573","Workspace.SalvageWorld.Stages.4.Props.dock crane.Dock crane.Model.Model.Model.Part","Part","60.505, 0.961, -1099.302","1.199, 0.171, 0.171","1.0466805696487427","Enum.Material.Metal","","false","true","false"
"574","Workspace.SalvageWorld.Stages.4.Props.dock crane.Dock crane.Model.Model.Model.Part","Part","60.777, 0.961, -1100.019","1.884, 0.171, 0.171","1.0466805696487427","Enum.Material.Metal","","false","true","false"
"575","Workspace.SalvageWorld.Stages.4.Props.dock crane.Dock crane.Model.Model.Model.Part","Part","60.777, 0.961, -1100.019","1.884, 0.171, 0.171","1.0466805696487427","Enum.Material.Metal","","false","true","false"
"576","Workspace.SalvageWorld.Stages.4.Props.dock crane.Dock crane.Model.Model.Model.Part","Part","61.135, 0.961, -1324.468","1.199, 0.171, 0.171","1.0466805696487427","Enum.Material.Metal","","false","true","false"
"577","Workspace.SalvageWorld.Stages.4.Props.dock crane.Dock crane.Model.Model.Model.Part","Part","61.626, 0.961, -1323.880","1.884, 0.171, 0.171","1.0466805696487427","Enum.Material.Metal","","false","true","false"
"578","Workspace.SalvageWorld.Stages.4.Props.dock crane.Dock crane.Model.Model.Model.Part","Part","61.626, 0.961, -1323.880","1.884, 0.171, 0.171","1.0466805696487427","Enum.Material.Metal","","false","true","false"
"579","Workspace.SalvageWorld.Stages.4.Props.dock crane.Dock crane.Model.Model.Model.Part","Part","62.007, 0.961, -1323.411","1.199, 0.171, 0.171","1.0466805696487427","Enum.Material.Metal","","false","true","false"
"580","Workspace.SalvageWorld.Stages.4.Props.dock crane.Dock crane.Model.Model.Model.Part","Part","62.499, 0.961, -1322.823","1.884, 0.171, 0.171","1.0466805696487427","Enum.Material.Metal","","false","true","false"
"581","Workspace.SalvageWorld.Stages.4.Props.dock crane.Dock crane.Model.Model.Model.Part","Part","62.499, 0.961, -1322.823","1.884, 0.171, 0.171","1.0466805696487427","Enum.Material.Metal","","false","true","false"
"582","Workspace.SalvageWorld.Stages.4.Props.dock crane.Dock crane.Model.Model.Model.Part","Part","62.880, 0.961, -1322.355","1.199, 0.171, 0.171","1.0466805696487427","Enum.Material.Metal","","false","true","false"
"583","Workspace.SalvageWorld.Stages.4.Props.dock crane.Dock crane.Model.Model.Model.Part","Part","63.371, 0.961, -1321.766","1.884, 0.171, 0.171","1.0466805696487427","Enum.Material.Metal","","false","true","false"
"584","Workspace.SalvageWorld.Stages.4.Props.dock crane.Dock crane.Model.Model.Model.Part","Part","63.371, 0.961, -1321.766","1.884, 0.171, 0.171","1.0466805696487427","Enum.Material.Metal","","false","true","false"
"585","Workspace.SalvageWorld.Stages.4.Props.dock crane.Dock crane.Model.Model.Model.Part","Part","63.752, 0.961, -1321.298","1.199, 0.171, 0.171","1.0466805696487427","Enum.Material.Metal","","false","true","false"
"586","Workspace.SalvageWorld.Stages.4.Props.dock crane.Dock crane.Model.Model.Model.Part","Part","64.244, 0.961, -1320.710","1.884, 0.171, 0.171","1.0466805696487427","Enum.Material.Metal","","false","true","false"
"587","Workspace.SalvageWorld.Stages.4.Props.dock crane.Dock crane.Model.Model.Model.Part","Part","64.244, 0.961, -1320.710","1.884, 0.171, 0.171","1.0466805696487427","Enum.Material.Metal","","false","true","false"
"588","Workspace.SalvageWorld.Stages.4.Props.dock crane.Dock crane.Model.Model.Model.Part","Part","64.625, 0.961, -1320.241","1.199, 0.171, 0.171","1.0466805696487427","Enum.Material.Metal","","false","true","false"
"589","Workspace.SalvageWorld.Stages.4.Props.dock crane.Dock crane.Model.Model.Model.Part","Part","65.116, 0.961, -1319.653","1.884, 0.171, 0.171","1.0466805696487427","Enum.Material.Metal","","false","true","false"
"590","Workspace.SalvageWorld.Stages.4.Props.dock crane.Dock crane.Model.Model.Model.Part","Part","65.116, 0.961, -1319.653","1.884, 0.171, 0.171","1.0466805696487427","Enum.Material.Metal","","false","true","false"
"591","Workspace.SalvageWorld.Stages.4.Props.dock crane.Dock crane.Model.Model.Model.Part","Part","65.498, 0.961, -1319.184","1.199, 0.171, 0.171","1.0466805696487427","Enum.Material.Metal","","false","true","false"
"592","Workspace.SalvageWorld.Stages.4.Props.dock crane.Dock crane.Model.Model.Model.Part","Part","65.989, 0.961, -1318.596","1.884, 0.171, 0.171","1.0466805696487427","Enum.Material.Metal","","false","true","false"
"593","Workspace.SalvageWorld.Stages.4.Props.dock crane.Dock crane.Model.Model.Model.Part","Part","65.989, 0.961, -1318.596","1.884, 0.171, 0.171","1.0466805696487427","Enum.Material.Metal","","false","true","false"
"594","Workspace.SalvageWorld.Stages.4.Props.dock crane.Dock crane.Model.Model.Model.Part","Part","66.370, 0.961, -1318.128","1.199, 0.171, 0.171","1.0466805696487427","Enum.Material.Metal","","false","true","false"
"595","Workspace.SalvageWorld.Stages.4.Props.dock crane.Dock crane.Model.Model.Model.Part","Part","66.861, 0.961, -1317.539","1.884, 0.171, 0.171","1.0466805696487427","Enum.Material.Metal","","false","true","false"
"596","Workspace.SalvageWorld.Stages.4.Props.dock crane.Dock crane.Model.Model.Model.Part","Part","66.861, 0.961, -1317.539","1.884, 0.171, 0.171","1.0466805696487427","Enum.Material.Metal","","false","true","false"
"597","Workspace.SalvageWorld.Stages.4.Props.dock crane.Dock crane.Model.Part","Part","-59.783, 0.961, -1244.597","0.171, 0.171, 0.171","1.0466805696487427","Enum.Material.Metal","","false","true","false"
"598","Workspace.SalvageWorld.Stages.4.Props.dock crane.Dock crane.Model.Part","Part","58.185, 0.961, -1091.384","0.171, 0.171, 0.171","1.0466805696487427","Enum.Material.Metal","","false","true","false"
"599","Workspace.SalvageWorld.Stages.4.Props.dock crane.Dock crane.Model.Part","Part","60.606, 0.961, -1324.032","0.171, 0.171, 0.171","1.0466805696487427","Enum.Material.Metal","","false","true","false"
"600","Workspace.SalvageWorld.Stages.4.Props.dock crane.Dock crane.Model.Part","Part","-65.820, 0.961, -1242.229","0.171, 12.847, 0.171","1.0466809272766113","Enum.Material.Metal","","false","true","false"
"601","Workspace.SalvageWorld.Stages.4.Props.dock crane.Dock crane.Model.Part","Part","-66.124, 0.961, -1243.567","0.171, 12.676, 0.171","1.0466809272766113","Enum.Material.Metal","","false","true","false"
"602","Workspace.SalvageWorld.Stages.4.Props.dock crane.Dock crane.Model.Part","Part","59.187, 0.961, -1097.791","0.171, 12.847, 0.171","1.0466809272766113","Enum.Material.Metal","","false","true","false"
"603","Workspace.SalvageWorld.Stages.4.Props.dock crane.Dock crane.Model.Part","Part","60.497, 0.961, -1097.378","0.171, 12.676, 0.171","1.0466809272766113","Enum.Material.Metal","","false","true","false"
"604","Workspace.SalvageWorld.Stages.4.Props.dock crane.Dock crane.Model.Part","Part","64.697, 0.961, -1319.078","0.171, 12.676, 0.171","1.0466809272766113","Enum.Material.Metal","","false","true","false"
"605","Workspace.SalvageWorld.Stages.4.Props.dock crane.Dock crane.Model.Part","Part","65.699, 0.961, -1320.017","0.171, 12.847, 0.171","1.0466809272766113","Enum.Material.Metal","","false","true","false"
"611","Workspace.SalvageWorld.Stages.4.Props.dock crane.Dock crane.Model.Part","Part","-55.857, 0.963, -1242.885","0.343, 9.421, 0.171","1.048832893371582","Enum.Material.Metal","","false","true","false"
"612","Workspace.SalvageWorld.Stages.4.Props.dock crane.Dock crane.Model.Part","Part","54.725, 0.963, -1088.860","0.343, 9.421, 0.171","1.048832893371582","Enum.Material.Metal","","false","true","false"
"613","Workspace.SalvageWorld.Stages.4.Props.dock crane.Dock crane.Model.Part","Part","60.102, 0.963, -1328.285","0.343, 9.421, 0.171","1.048832893371582","Enum.Material.Metal","","false","true","false"
"614","Workspace.SalvageWorld.Stages.4.Props.dock crane.Dock crane.Model.Part","Part","-51.764, 0.643, -1239.936","0.377, 0.343, 0.719","1.0488340854644775","Enum.Material.Metal","","false","true","false"
"615","Workspace.SalvageWorld.Stages.4.Props.dock crane.Dock crane.Model.Part","Part","50.113, 0.643, -1086.815","0.377, 0.343, 0.719","1.0488340854644775","Enum.Material.Metal","","false","true","false"
"616","Workspace.SalvageWorld.Stages.4.Props.dock crane.Dock crane.Model.Part","Part","60.581, 0.643, -1333.308","0.377, 0.343, 0.719","1.0488340854644775","Enum.Material.Metal","","false","true","false"
"617","Workspace.SalvageWorld.Stages.4.Props.dock crane.Dock crane.Model.Wedge","WedgePart","-51.896, 0.963, -1240.032","0.343, 0.171, 0.343","1.0488393306732178","Enum.Material.Metal","","false","true","false"
"618","Workspace.SalvageWorld.Stages.4.Props.dock crane.Dock crane.Model.Wedge","WedgePart","50.262, 0.963, -1086.881","0.343, 0.171, 0.343","1.0488393306732178","Enum.Material.Metal","","false","true","false"
"619","Workspace.SalvageWorld.Stages.4.Props.dock crane.Dock crane.Model.Wedge","WedgePart","60.565, 0.963, -1333.145","0.343, 0.171, 0.343","1.0488393306732178","Enum.Material.Metal","","false","true","false"
"620","Workspace.SalvageWorld.Stages.1.Props.tree stump.Tree Stump.Tree Stump.Part","Part","-57.442, 0.475, -276.039","0.900, 0.200, 1.000","1.0948481559753418","Enum.Material.Plastic","SalvageStud","true","true","false"
"621","Workspace.SalvageWorld.Stages.1.Props.tree stump.Tree Stump.Tree Stump.Part","Part","-59.786, 0.475, -115.557","0.900, 0.200, 1.000","1.0948481559753418","Enum.Material.Plastic","SalvageStud","true","true","false"
"622","Workspace.SalvageWorld.Plots.1.Border","Part","-129.000, 0.600, 170.000","76.000, 1.000, 1.000","1.100000023841858","Enum.Material.SmoothPlastic","","false","true","true"
"623","Workspace.SalvageWorld.Plots.1.Border","Part","-129.000, 0.600, 94.000","76.000, 1.000, 1.000","1.100000023841858","Enum.Material.SmoothPlastic","","false","true","true"
"624","Workspace.SalvageWorld.Plots.1.Border","Part","-167.000, 0.600, 132.000","1.000, 1.000, 76.000","1.100000023841858","Enum.Material.SmoothPlastic","","false","true","true"
"625","Workspace.SalvageWorld.Plots.1.Border","Part","-91.000, 0.600, 132.000","1.000, 1.000, 76.000","1.100000023841858","Enum.Material.SmoothPlastic","","false","true","true"
"626","Workspace.SalvageWorld.Plots.2.Border","Part","-43.000, 0.600, 170.000","76.000, 1.000, 1.000","1.100000023841858","Enum.Material.SmoothPlastic","","false","true","true"
"627","Workspace.SalvageWorld.Plots.2.Border","Part","-43.000, 0.600, 94.000","76.000, 1.000, 1.000","1.100000023841858","Enum.Material.SmoothPlastic","","false","true","true"
"628","Workspace.SalvageWorld.Plots.2.Border","Part","-5.000, 0.600, 132.000","1.000, 1.000, 76.000","1.100000023841858","Enum.Material.SmoothPlastic","","false","true","true"
"629","Workspace.SalvageWorld.Plots.2.Border","Part","-81.000, 0.600, 132.000","1.000, 1.000, 76.000","1.100000023841858","Enum.Material.SmoothPlastic","","false","true","true"
"630","Workspace.SalvageWorld.Plots.3.Border","Part","43.000, 0.600, 170.000","76.000, 1.000, 1.000","1.100000023841858","Enum.Material.SmoothPlastic","","false","true","true"
"631","Workspace.SalvageWorld.Plots.3.Border","Part","43.000, 0.600, 94.000","76.000, 1.000, 1.000","1.100000023841858","Enum.Material.SmoothPlastic","","false","true","true"
"632","Workspace.SalvageWorld.Plots.3.Border","Part","5.000, 0.600, 132.000","1.000, 1.000, 76.000","1.100000023841858","Enum.Material.SmoothPlastic","","false","true","true"
"633","Workspace.SalvageWorld.Plots.3.Border","Part","81.000, 0.600, 132.000","1.000, 1.000, 76.000","1.100000023841858","Enum.Material.SmoothPlastic","","false","true","true"
"634","Workspace.SalvageWorld.Plots.4.Border","Part","129.000, 0.600, 170.000","76.000, 1.000, 1.000","1.100000023841858","Enum.Material.SmoothPlastic","","false","true","true"
"635","Workspace.SalvageWorld.Plots.4.Border","Part","129.000, 0.600, 94.000","76.000, 1.000, 1.000","1.100000023841858","Enum.Material.SmoothPlastic","","false","true","true"
"636","Workspace.SalvageWorld.Plots.4.Border","Part","167.000, 0.600, 132.000","1.000, 1.000, 76.000","1.100000023841858","Enum.Material.SmoothPlastic","","false","true","true"
"637","Workspace.SalvageWorld.Plots.4.Border","Part","91.000, 0.600, 132.000","1.000, 1.000, 76.000","1.100000023841858","Enum.Material.SmoothPlastic","","false","true","true"
"638","Workspace.SalvageWorld.Stages.1.Props.tree stump.Tree Stump.Tree Stump.Part","Part","-57.319, 0.587, -275.902","0.900, 0.200, 1.000","1.102758765220642","Enum.Material.Plastic","SalvageStud","true","true","false"
"639","Workspace.SalvageWorld.Stages.1.Props.tree stump.Tree Stump.Tree Stump.Part","Part","-59.947, 0.587, -115.645","0.900, 0.200, 1.000","1.102758765220642","Enum.Material.Plastic","SalvageStud","true","true","false"
"645","Workspace.SalvageWorld.Stages.7.Props.computer desk.Desk and computer.Desk And Computer.Desk.Part","Part","-63.368, 1.010, -2218.823","0.130, 0.310, 0.340","1.1649909019470215","Enum.Material.Metal","","false","true","true"
"646","Workspace.SalvageWorld.Stages.7.Props.computer desk.Desk and computer.Desk And Computer.Desk.Part","Part","-63.665, 1.010, -2219.083","0.880, 0.310, 0.090","1.1649909019470215","Enum.Material.Metal","","false","true","true"
"647","Workspace.SalvageWorld.Stages.7.Props.computer desk.Desk and computer.Desk And Computer.Desk.Part","Part","-63.746, 1.010, -2219.470","0.130, 0.310, 0.340","1.1649909019470215","Enum.Material.Metal","","false","true","true"
"648","Workspace.SalvageWorld.Stages.7.Props.computer desk.Desk and computer.Desk And Computer.Desk.Part","Part","60.127, 1.010, -2291.161","0.130, 0.310, 0.340","1.1649909019470215","Enum.Material.Metal","","false","true","true"
"649","Workspace.SalvageWorld.Stages.7.Props.computer desk.Desk and computer.Desk And Computer.Desk.Part","Part","60.420, 1.010, -2291.426","0.880, 0.310, 0.090","1.1649909019470215","Enum.Material.Metal","","false","true","true"
"650","Workspace.SalvageWorld.Stages.7.Props.computer desk.Desk and computer.Desk And Computer.Desk.Part","Part","60.495, 1.010, -2291.814","0.130, 0.310, 0.340","1.1649909019470215","Enum.Material.Metal","","false","true","true"
"651","Workspace.SalvageWorld.Stages.4.Props.dock crane.Dock crane.Model.Part","Part","-59.297, 0.364, -1246.410","0.171, 1.028, 1.713","1.2201259136199951","Enum.Material.Metal","","false","true","false"
"652","Workspace.SalvageWorld.Stages.4.Props.dock crane.Dock crane.Model.Part","Part","58.796, 0.364, -1323.537","0.171, 1.028, 1.713","1.2201259136199951","Enum.Material.Metal","","false","true","false"
"653","Workspace.SalvageWorld.Stages.4.Props.dock crane.Dock crane.Model.Part","Part","59.504, 0.364, -1090.050","0.171, 1.028, 1.713","1.2201259136199951","Enum.Material.Metal","","false","true","false"
"654","Workspace.SalvageWorld.Stages.4.Props.dock crane.Dock crane.Model.Wedge","WedgePart","-59.000, 0.963, -1246.000","1.109, 0.514, 0.874","1.2201259136199951","Enum.Material.Metal","","false","true","false"
"655","Workspace.SalvageWorld.Stages.4.Props.dock crane.Dock crane.Model.Wedge","WedgePart","59.000, 0.963, -1090.000","1.109, 0.514, 0.874","1.2201259136199951","Enum.Material.Metal","","false","true","false"
"656","Workspace.SalvageWorld.Stages.4.Props.dock crane.Dock crane.Model.Wedge","WedgePart","59.000, 0.963, -1324.000","1.109, 0.514, 0.874","1.2201259136199951","Enum.Material.Metal","","false","true","false"
"657","Workspace.SalvageWorld.Stages.4.Props.dock crane.Dock crane.Model.Part","Part","-59.518, 0.278, -1244.031","4.796, 0.171, 1.884","1.2201262712478638","Enum.Material.Metal","","false","true","false"
"658","Workspace.SalvageWorld.Stages.4.Props.dock crane.Dock crane.Model.Part","Part","57.562, 0.278, -1091.441","4.796, 0.171, 1.884","1.2201262712478638","Enum.Material.Metal","","false","true","false"
"659","Workspace.SalvageWorld.Stages.4.Props.dock crane.Dock crane.Model.Part","Part","60.961, 0.278, -1324.547","4.796, 0.171, 1.884","1.2201262712478638","Enum.Material.Metal","","false","true","false"
"660","Workspace.SalvageWorld.Stages.4.Props.dock crane.Dock crane.Model.Part","Part","-58.912, 1.134, -1244.042","4.625, 1.028, 0.171","1.2201263904571533","Enum.Material.Metal","","false","true","false"
"661","Workspace.SalvageWorld.Stages.4.Props.dock crane.Dock crane.Model.Part","Part","57.266, 1.134, -1090.913","4.625, 1.028, 0.171","1.2201263904571533","Enum.Material.Metal","","false","true","false"
"662","Workspace.SalvageWorld.Stages.4.Props.dock crane.Dock crane.Model.Part","Part","60.646, 1.134, -1325.064","4.625, 1.028, 0.171","1.2201263904571533","Enum.Material.Metal","","false","true","false"
"663","Workspace.SalvageWorld.Stages.4.Props.dock crane.Dock crane.Model.Wedge","WedgePart","-58.836, 0.843, -1246.137","0.758, 0.542, 0.857","1.2201263904571533","Enum.Material.Metal","","false","true","false"
"664","Workspace.SalvageWorld.Stages.4.Props.dock crane.Dock crane.Model.Wedge","WedgePart","58.799, 0.843, -1324.073","0.758, 0.542, 0.857","1.2201263904571533","Enum.Material.Metal","","false","true","false"
"665","Workspace.SalvageWorld.Stages.4.Props.dock crane.Dock crane.Model.Wedge","WedgePart","59.035, 0.843, -1089.789","0.758, 0.542, 0.857","1.2201263904571533","Enum.Material.Metal","","false","true","false"
"666","Workspace.SalvageWorld.Stages.4.Props.dock crane.Dock crane.Model.Part","Part","-58.334, 0.278, -1244.223","4.796, 0.171, 1.884","1.2201265096664429","Enum.Material.Metal","","false","true","false"
"667","Workspace.SalvageWorld.Stages.4.Props.dock crane.Dock crane.Model.Part","Part","57.130, 0.278, -1090.323","4.796, 0.171, 1.884","1.2201265096664429","Enum.Material.Metal","","false","true","false"
"668","Workspace.SalvageWorld.Stages.4.Props.dock crane.Dock crane.Model.Part","Part","60.198, 0.278, -1325.472","4.796, 0.171, 1.884","1.2201265096664429","Enum.Material.Metal","","false","true","false"
"669","Workspace.SalvageWorld.Stages.4.Props.dock crane.Dock crane.Model.Wedge","WedgePart","-58.230, 0.963, -1243.128","0.490, 0.514, 2.575","1.2201266288757324","Enum.Material.Metal","","false","true","false"
"670","Workspace.SalvageWorld.Stages.4.Props.dock crane.Dock crane.Model.Wedge","WedgePart","-58.342, 0.843, -1243.093","0.758, 2.569, 0.542","1.2201266288757324","Enum.Material.Metal","","false","true","false"
"671","Workspace.SalvageWorld.Stages.4.Props.dock crane.Dock crane.Model.Wedge","WedgePart","56.132, 0.963, -1090.786","0.490, 0.514, 2.575","1.2201266288757324","Enum.Material.Metal","","false","true","false"
"672","Workspace.SalvageWorld.Stages.4.Props.dock crane.Dock crane.Model.Wedge","WedgePart","56.158, 0.843, -1090.899","0.758, 2.569, 0.542","1.2201266288757324","Enum.Material.Metal","","false","true","false"
"673","Workspace.SalvageWorld.Stages.4.Props.dock crane.Dock crane.Model.Wedge","WedgePart","61.091, 0.963, -1326.114","0.490, 0.514, 2.575","1.2201266288757324","Enum.Material.Metal","","false","true","false"
"674","Workspace.SalvageWorld.Stages.4.Props.dock crane.Dock crane.Model.Wedge","WedgePart","61.177, 0.843, -1326.036","0.758, 2.569, 0.542","1.2201266288757324","Enum.Material.Metal","","false","true","false"
"675","Workspace.SalvageWorld.Stages.4.Props.dock crane.Dock crane.Model.Part","Part","-58.657, 0.843, -1245.038","0.542, 0.758, 1.370","1.2201290130615234","Enum.Material.Metal","","false","true","false"
"676","Workspace.SalvageWorld.Stages.4.Props.dock crane.Dock crane.Model.Part","Part","57.996, 0.843, -1090.190","0.542, 0.758, 1.370","1.2201290130615234","Enum.Material.Metal","","false","true","false"
"677","Workspace.SalvageWorld.Stages.4.Props.dock crane.Dock crane.Model.Part","Part","59.658, 0.843, -1324.781","0.542, 0.758, 1.370","1.2201290130615234","Enum.Material.Metal","","false","true","false"
"708","Workspace.SalvageWorld.Stages.1.Props.tree stump.Tree Stump.Tree Stump.Part","Part","-57.373, 1.121, -275.632","0.900, 0.200, 1.000","1.5978460311889648","Enum.Material.Plastic","SalvageStud","true","true","false"
"709","Workspace.SalvageWorld.Stages.1.Props.tree stump.Tree Stump.Tree Stump.Part","Part","-59.986, 1.121, -115.917","0.900, 0.200, 1.000","1.5978460311889648","Enum.Material.Plastic","SalvageStud","true","true","false"
"710","Workspace.SalvageWorld.Stages.7.Props.lab equipment.Lab Equipment (Breaking Bad).Model.Model.Model.Model.Part","Part","-57.356, 1.518, -2376.541","0.063, 0.107, 0.289","1.5980992317199707","Enum.Material.Glass","","false","true","false"
"711","Workspace.SalvageWorld.Stages.7.Props.lab equipment.Lab Equipment (Breaking Bad).Model.Model.Model.Model.Part","Part","-57.543, 1.518, -2376.801","0.063, 0.107, 0.289","1.5980992317199707","Enum.Material.Glass","","false","true","false"
"712","Workspace.SalvageWorld.Stages.7.Props.lab equipment.Lab Equipment (Breaking Bad).Model.Model.Model.Model.Part","Part","-57.709, 1.518, -2377.031","0.063, 0.107, 0.289","1.5980992317199707","Enum.Material.Glass","","false","true","false"
"713","Workspace.SalvageWorld.Stages.7.Props.lab equipment.Lab Equipment (Breaking Bad).Model.Model.Model.Model.Part","Part","-62.020, 1.518, -2140.187","0.063, 0.107, 0.289","1.5980992317199707","Enum.Material.Glass","","false","true","false"
"714","Workspace.SalvageWorld.Stages.7.Props.lab equipment.Lab Equipment (Breaking Bad).Model.Model.Model.Model.Part","Part","-62.155, 1.518, -2139.897","0.063, 0.107, 0.289","1.5980992317199707","Enum.Material.Glass","","false","true","false"
"715","Workspace.SalvageWorld.Stages.7.Props.lab equipment.Lab Equipment (Breaking Bad).Model.Model.Model.Model.Part","Part","-62.274, 1.518, -2139.640","0.063, 0.107, 0.289","1.5980992317199707","Enum.Material.Glass","","false","true","false"
"716","Workspace.SalvageWorld.Stages.7.Props.lab equipment.Lab Equipment (Breaking Bad).Model.Model.Model.Model.Part","Part","60.363, 1.518, -2215.298","0.063, 0.107, 0.289","1.5980992317199707","Enum.Material.Glass","","false","true","false"
"717","Workspace.SalvageWorld.Stages.7.Props.lab equipment.Lab Equipment (Breaking Bad).Model.Model.Model.Model.Part","Part","60.682, 1.518, -2215.329","0.063, 0.107, 0.289","1.5980992317199707","Enum.Material.Glass","","false","true","false"
"718","Workspace.SalvageWorld.Stages.7.Props.lab equipment.Lab Equipment (Breaking Bad).Model.Model.Model.Model.Part","Part","60.964, 1.518, -2215.355","0.063, 0.107, 0.289","1.5980992317199707","Enum.Material.Glass","","false","true","false"
"719","Workspace.SalvageWorld.Stages.7.Props.lab equipment.Lab Equipment (Breaking Bad).Model.Model.Model.Model.Part","Part","-57.274, 1.539, -2376.605","0.063, 0.107, 0.289","1.6032211780548096","Enum.Material.Glass","","false","true","false"
"720","Workspace.SalvageWorld.Stages.7.Props.lab equipment.Lab Equipment (Breaking Bad).Model.Model.Model.Model.Part","Part","-57.461, 1.539, -2376.864","0.063, 0.107, 0.289","1.6032211780548096","Enum.Material.Glass","","false","true","false"
"721","Workspace.SalvageWorld.Stages.7.Props.lab equipment.Lab Equipment (Breaking Bad).Model.Model.Model.Model.Part","Part","-62.116, 1.539, -2140.228","0.063, 0.107, 0.289","1.6032211780548096","Enum.Material.Glass","","false","true","false"
"722","Workspace.SalvageWorld.Stages.7.Props.lab equipment.Lab Equipment (Breaking Bad).Model.Model.Model.Model.Part","Part","-62.251, 1.539, -2139.938","0.063, 0.107, 0.289","1.6032211780548096","Enum.Material.Glass","","false","true","false"
"723","Workspace.SalvageWorld.Stages.7.Props.lab equipment.Lab Equipment (Breaking Bad).Model.Model.Model.Model.Part","Part","60.377, 1.539, -2215.195","0.063, 0.107, 0.289","1.6032211780548096","Enum.Material.Glass","","false","true","false"
"724","Workspace.SalvageWorld.Stages.7.Props.lab equipment.Lab Equipment (Breaking Bad).Model.Model.Model.Model.Part","Part","60.695, 1.539, -2215.225","0.063, 0.107, 0.289","1.6032211780548096","Enum.Material.Glass","","false","true","false"
"725","Workspace.SalvageWorld.Stages.7.Props.lab equipment.Lab Equipment (Breaking Bad).Model.Model.Model.Model.Part","Part","-57.353, 1.539, -2376.714","0.063, 0.107, 0.289","1.605099081993103","Enum.Material.Glass","","false","true","false"
"726","Workspace.SalvageWorld.Stages.7.Props.lab equipment.Lab Equipment (Breaking Bad).Model.Model.Model.Model.Part","Part","-57.540, 1.539, -2376.974","0.063, 0.107, 0.289","1.605099081993103","Enum.Material.Glass","","false","true","false"
"727","Workspace.SalvageWorld.Stages.7.Props.lab equipment.Lab Equipment (Breaking Bad).Model.Model.Model.Model.Part","Part","-57.705, 1.539, -2377.204","0.063, 0.107, 0.289","1.605099081993103","Enum.Material.Glass","","false","true","false"
"728","Workspace.SalvageWorld.Stages.7.Props.lab equipment.Lab Equipment (Breaking Bad).Model.Model.Model.Model.Part","Part","-62.173, 1.539, -2140.105","0.063, 0.107, 0.289","1.605099081993103","Enum.Material.Glass","","false","true","false"
"729","Workspace.SalvageWorld.Stages.7.Props.lab equipment.Lab Equipment (Breaking Bad).Model.Model.Model.Model.Part","Part","-62.308, 1.539, -2139.815","0.063, 0.107, 0.289","1.605099081993103","Enum.Material.Glass","","false","true","false"
"730","Workspace.SalvageWorld.Stages.7.Props.lab equipment.Lab Equipment (Breaking Bad).Model.Model.Model.Model.Part","Part","-62.427, 1.539, -2139.558","0.063, 0.107, 0.289","1.605099081993103","Enum.Material.Glass","","false","true","false"
"731","Workspace.SalvageWorld.Stages.7.Props.lab equipment.Lab Equipment (Breaking Bad).Model.Model.Model.Model.Part","Part","60.511, 1.539, -2215.208","0.063, 0.107, 0.289","1.605099081993103","Enum.Material.Glass","","false","true","false"
"732","Workspace.SalvageWorld.Stages.7.Props.lab equipment.Lab Equipment (Breaking Bad).Model.Model.Model.Model.Part","Part","60.830, 1.539, -2215.238","0.063, 0.107, 0.289","1.605099081993103","Enum.Material.Glass","","false","true","false"
"733","Workspace.SalvageWorld.Stages.7.Props.lab equipment.Lab Equipment (Breaking Bad).Model.Model.Model.Model.Part","Part","61.112, 1.539, -2215.265","0.063, 0.107, 0.289","1.605099081993103","Enum.Material.Glass","","false","true","false"
"734","Workspace.SalvageWorld.Stages.1.Props.tree stump.Tree Stump.Tree Stump.Part","Part","-57.409, 0.798, -275.908","1.300, 0.200, 1.200","1.6089601516723633","Enum.Material.Plastic","SalvageStud","true","true","false"
"735","Workspace.SalvageWorld.Stages.1.Props.tree stump.Tree Stump.Tree Stump.Part","Part","-59.860, 0.798, -115.669","1.300, 0.200, 1.200","1.6089601516723633","Enum.Material.Plastic","SalvageStud","true","true","false"
"736","Workspace.SalvageWorld.Stages.7.Props.lab equipment.Lab Equipment (Breaking Bad).Model.Model.Model.Model.Part","Part","-57.479, 1.547, -2376.735","0.063, 0.107, 0.289","1.611217975616455","Enum.Material.Glass","","false","true","false"
"737","Workspace.SalvageWorld.Stages.7.Props.lab equipment.Lab Equipment (Breaking Bad).Model.Model.Model.Model.Part","Part","-57.666, 1.547, -2376.995","0.063, 0.107, 0.289","1.611217975616455","Enum.Material.Glass","","false","true","false"
"738","Workspace.SalvageWorld.Stages.7.Props.lab equipment.Lab Equipment (Breaking Bad).Model.Model.Model.Model.Part","Part","-62.129, 1.547, -2139.985","0.063, 0.107, 0.289","1.611217975616455","Enum.Material.Glass","","false","true","false"
"739","Workspace.SalvageWorld.Stages.7.Props.lab equipment.Lab Equipment (Breaking Bad).Model.Model.Model.Model.Part","Part","-62.264, 1.547, -2139.694","0.063, 0.107, 0.289","1.611217975616455","Enum.Material.Glass","","false","true","false"
"740","Workspace.SalvageWorld.Stages.7.Props.lab equipment.Lab Equipment (Breaking Bad).Model.Model.Model.Model.Part","Part","60.593, 1.547, -2215.306","0.063, 0.107, 0.289","1.611217975616455","Enum.Material.Glass","","false","true","false"
"741","Workspace.SalvageWorld.Stages.7.Props.lab equipment.Lab Equipment (Breaking Bad).Model.Model.Model.Model.Part","Part","60.912, 1.547, -2215.337","0.063, 0.107, 0.289","1.611217975616455","Enum.Material.Glass","","false","true","false"
"742","Workspace.SalvageWorld.Stages.7.Props.lab equipment.Lab Equipment (Breaking Bad).Model.Model.Model.Model.Part","Part","-57.832, 1.547, -2377.225","0.063, 0.107, 0.289","1.61124849319458","Enum.Material.Glass","","false","true","false"
"743","Workspace.SalvageWorld.Stages.7.Props.lab equipment.Lab Equipment (Breaking Bad).Model.Model.Model.Model.Part","Part","-62.383, 1.547, -2139.437","0.063, 0.107, 0.289","1.61124849319458","Enum.Material.Glass","","false","true","false"
"744","Workspace.SalvageWorld.Stages.7.Props.lab equipment.Lab Equipment (Breaking Bad).Model.Model.Model.Model.Part","Part","61.194, 1.547, -2215.364","0.063, 0.107, 0.289","1.61124849319458","Enum.Material.Glass","","false","true","false"
"745","Workspace.SalvageWorld.Stages.1.Props.tree stump.Tree Stump.Tree Stump.Part","Part","-58.153, 0.549, -276.052","1.500, 1.800, 0.500","1.6142520904541016","Enum.Material.Plastic","SalvageStud","true","true","false"
"746","Workspace.SalvageWorld.Stages.1.Props.tree stump.Tree Stump.Tree Stump.Part","Part","-58.153, 0.549, -276.052","1.500, 1.800, 0.500","1.6142520904541016","Enum.Material.Plastic","SalvageStud","true","true","false"
"747","Workspace.SalvageWorld.Stages.1.Props.tree stump.Tree Stump.Tree Stump.Part","Part","-59.110, 0.549, -115.783","1.500, 1.800, 0.500","1.6142520904541016","Enum.Material.Plastic","SalvageStud","true","true","false"
"748","Workspace.SalvageWorld.Stages.1.Props.tree stump.Tree Stump.Tree Stump.Part","Part","-59.110, 0.549, -115.783","1.500, 1.800, 0.500","1.6142520904541016","Enum.Material.Plastic","SalvageStud","true","true","false"
"749","Workspace.SalvageWorld.Stages.7.Props.lab equipment.Lab Equipment (Breaking Bad).Model.Model.Model.Model.Part","Part","-57.517, 1.562, -2376.499","0.063, 0.107, 0.289","1.6187798976898193","Enum.Material.Glass","","false","true","false"
"750","Workspace.SalvageWorld.Stages.7.Props.lab equipment.Lab Equipment (Breaking Bad).Model.Model.Model.Model.Part","Part","-57.704, 1.562, -2376.758","0.063, 0.107, 0.289","1.6187798976898193","Enum.Material.Glass","","false","true","false"
"751","Workspace.SalvageWorld.Stages.7.Props.lab equipment.Lab Equipment (Breaking Bad).Model.Model.Model.Model.Part","Part","-57.870, 1.562, -2376.988","0.063, 0.107, 0.289","1.6187798976898193","Enum.Material.Glass","","false","true","false"
"752","Workspace.SalvageWorld.Stages.7.Props.lab equipment.Lab Equipment (Breaking Bad).Model.Model.Model.Model.Part","Part","-61.904, 1.562, -2140.067","0.063, 0.107, 0.289","1.6187798976898193","Enum.Material.Glass","","false","true","false"
"753","Workspace.SalvageWorld.Stages.7.Props.lab equipment.Lab Equipment (Breaking Bad).Model.Model.Model.Model.Part","Part","-62.039, 1.562, -2139.777","0.063, 0.107, 0.289","1.6187798976898193","Enum.Material.Glass","","false","true","false"
"754","Workspace.SalvageWorld.Stages.7.Props.lab equipment.Lab Equipment (Breaking Bad).Model.Model.Model.Model.Part","Part","-62.158, 1.562, -2139.520","0.063, 0.107, 0.289","1.6187798976898193","Enum.Material.Glass","","false","true","false"
"755","Workspace.SalvageWorld.Stages.7.Props.lab equipment.Lab Equipment (Breaking Bad).Model.Model.Model.Model.Part","Part","60.408, 1.562, -2215.459","0.063, 0.107, 0.289","1.6187798976898193","Enum.Material.Glass","","false","true","false"
"756","Workspace.SalvageWorld.Stages.7.Props.lab equipment.Lab Equipment (Breaking Bad).Model.Model.Model.Model.Part","Part","60.727, 1.562, -2215.489","0.063, 0.107, 0.289","1.6187798976898193","Enum.Material.Glass","","false","true","false"
"757","Workspace.SalvageWorld.Stages.7.Props.lab equipment.Lab Equipment (Breaking Bad).Model.Model.Model.Model.Part","Part","61.009, 1.562, -2215.516","0.063, 0.107, 0.289","1.6187798976898193","Enum.Material.Glass","","false","true","false"
"758","Workspace.SalvageWorld.Stages.7.Props.lab equipment.Lab Equipment (Breaking Bad).Model.Model.Model.Model.Part","Part","-57.596, 1.544, -2376.368","0.063, 0.107, 0.289","1.6239171028137207","Enum.Material.Glass","","false","true","false"
"759","Workspace.SalvageWorld.Stages.7.Props.lab equipment.Lab Equipment (Breaking Bad).Model.Model.Model.Model.Part","Part","-57.667, 1.544, -2376.468","0.063, 0.107, 0.289","1.6239171028137207","Enum.Material.Glass","","false","true","false"
"760","Workspace.SalvageWorld.Stages.7.Props.lab equipment.Lab Equipment (Breaking Bad).Model.Model.Model.Model.Part","Part","-57.860, 1.544, -2376.736","0.063, 0.107, 0.289","1.6239171028137207","Enum.Material.Glass","","false","true","false"
"761","Workspace.SalvageWorld.Stages.7.Props.lab equipment.Lab Equipment (Breaking Bad).Model.Model.Model.Model.Part","Part","-61.753, 1.544, -2140.063","0.063, 0.107, 0.289","1.6239171028137207","Enum.Material.Glass","","false","true","false"
"762","Workspace.SalvageWorld.Stages.7.Props.lab equipment.Lab Equipment (Breaking Bad).Model.Model.Model.Model.Part","Part","-61.805, 1.544, -2139.952","0.063, 0.107, 0.289","1.6239171028137207","Enum.Material.Glass","","false","true","false"
"763","Workspace.SalvageWorld.Stages.7.Props.lab equipment.Lab Equipment (Breaking Bad).Model.Model.Model.Model.Part","Part","-61.943, 1.544, -2139.653","0.063, 0.107, 0.289","1.6239171028137207","Enum.Material.Glass","","false","true","false"
"764","Workspace.SalvageWorld.Stages.7.Props.lab equipment.Lab Equipment (Breaking Bad).Model.Model.Model.Model.Part","Part","60.335, 1.544, -2215.592","0.063, 0.107, 0.289","1.6239171028137207","Enum.Material.Glass","","false","true","false"
"765","Workspace.SalvageWorld.Stages.7.Props.lab equipment.Lab Equipment (Breaking Bad).Model.Model.Model.Model.Part","Part","60.458, 1.544, -2215.604","0.063, 0.107, 0.289","1.6239171028137207","Enum.Material.Glass","","false","true","false"
"766","Workspace.SalvageWorld.Stages.7.Props.lab equipment.Lab Equipment (Breaking Bad).Model.Model.Model.Model.Part","Part","60.786, 1.544, -2215.635","0.063, 0.107, 0.289","1.6239171028137207","Enum.Material.Glass","","false","true","false"
"767","Workspace.SalvageWorld.Stages.7.Props.lab equipment.Lab Equipment (Breaking Bad).Model.Model.Model.Model.Part","Part","-57.513, 1.565, -2376.433","0.063, 0.107, 0.289","1.6289780139923096","Enum.Material.Glass","","false","true","false"
"768","Workspace.SalvageWorld.Stages.7.Props.lab equipment.Lab Equipment (Breaking Bad).Model.Model.Model.Model.Part","Part","-61.849, 1.565, -2140.104","0.063, 0.107, 0.289","1.6289780139923096","Enum.Material.Glass","","false","true","false"
"769","Workspace.SalvageWorld.Stages.7.Props.lab equipment.Lab Equipment (Breaking Bad).Model.Model.Model.Model.Part","Part","60.349, 1.565, -2215.488","0.063, 0.107, 0.289","1.6289780139923096","Enum.Material.Glass","","false","true","false"
"770","Workspace.SalvageWorld.Stages.7.Props.lab equipment.Lab Equipment (Breaking Bad).Model.Model.Model.Model.Part","Part","-57.585, 1.565, -2376.532","0.063, 0.107, 0.289","1.6290085315704346","Enum.Material.Glass","","false","true","false"
"771","Workspace.SalvageWorld.Stages.7.Props.lab equipment.Lab Equipment (Breaking Bad).Model.Model.Model.Model.Part","Part","-57.778, 1.565, -2376.800","0.063, 0.107, 0.289","1.6290085315704346","Enum.Material.Glass","","false","true","false"
"772","Workspace.SalvageWorld.Stages.7.Props.lab equipment.Lab Equipment (Breaking Bad).Model.Model.Model.Model.Part","Part","-61.901, 1.565, -2139.992","0.063, 0.107, 0.289","1.6290085315704346","Enum.Material.Glass","","false","true","false"
"773","Workspace.SalvageWorld.Stages.7.Props.lab equipment.Lab Equipment (Breaking Bad).Model.Model.Model.Model.Part","Part","-62.039, 1.565, -2139.693","0.063, 0.107, 0.289","1.6290085315704346","Enum.Material.Glass","","false","true","false"
"774","Workspace.SalvageWorld.Stages.7.Props.lab equipment.Lab Equipment (Breaking Bad).Model.Model.Model.Model.Part","Part","60.471, 1.565, -2215.500","0.063, 0.107, 0.289","1.6290085315704346","Enum.Material.Glass","","false","true","false"
"775","Workspace.SalvageWorld.Stages.7.Props.lab equipment.Lab Equipment (Breaking Bad).Model.Model.Model.Model.Part","Part","60.800, 1.565, -2215.531","0.063, 0.107, 0.289","1.6290085315704346","Enum.Material.Glass","","false","true","false"
"776","Workspace.SalvageWorld.Stages.7.Props.lab equipment.Lab Equipment (Breaking Bad).Model.Model.Model.Model.Part","Part","-57.592, 1.565, -2376.542","0.063, 0.107, 0.289","1.630855917930603","Enum.Material.Glass","","false","true","false"
"777","Workspace.SalvageWorld.Stages.7.Props.lab equipment.Lab Equipment (Breaking Bad).Model.Model.Model.Model.Part","Part","-61.906, 1.565, -2139.981","0.063, 0.107, 0.289","1.630855917930603","Enum.Material.Glass","","false","true","false"
"778","Workspace.SalvageWorld.Stages.7.Props.lab equipment.Lab Equipment (Breaking Bad).Model.Model.Model.Model.Part","Part","60.484, 1.565, -2215.501","0.063, 0.107, 0.289","1.630855917930603","Enum.Material.Glass","","false","true","false"
"779","Workspace.SalvageWorld.Stages.7.Props.lab equipment.Lab Equipment (Breaking Bad).Model.Model.Model.Model.Part","Part","-57.664, 1.565, -2376.642","0.063, 0.107, 0.289","1.630886435508728","Enum.Material.Glass","","false","true","false"
"780","Workspace.SalvageWorld.Stages.7.Props.lab equipment.Lab Equipment (Breaking Bad).Model.Model.Model.Model.Part","Part","-57.856, 1.565, -2376.909","0.063, 0.107, 0.289","1.630886435508728","Enum.Material.Glass","","false","true","false"
"781","Workspace.SalvageWorld.Stages.7.Props.lab equipment.Lab Equipment (Breaking Bad).Model.Model.Model.Model.Part","Part","-61.957, 1.565, -2139.869","0.063, 0.107, 0.289","1.630886435508728","Enum.Material.Glass","","false","true","false"
"782","Workspace.SalvageWorld.Stages.7.Props.lab equipment.Lab Equipment (Breaking Bad).Model.Model.Model.Model.Part","Part","-62.096, 1.565, -2139.571","0.063, 0.107, 0.289","1.630886435508728","Enum.Material.Glass","","false","true","false"
"783","Workspace.SalvageWorld.Stages.7.Props.lab equipment.Lab Equipment (Breaking Bad).Model.Model.Model.Model.Part","Part","60.606, 1.565, -2215.513","0.063, 0.107, 0.289","1.630886435508728","Enum.Material.Glass","","false","true","false"
"784","Workspace.SalvageWorld.Stages.7.Props.lab equipment.Lab Equipment (Breaking Bad).Model.Model.Model.Model.Part","Part","60.934, 1.565, -2215.544","0.063, 0.107, 0.289","1.630886435508728","Enum.Material.Glass","","false","true","false"
"785","Workspace.SalvageWorld.Stages.7.Props.lab equipment.Lab Equipment (Breaking Bad).Model.Model.Model.Model.Part","Part","-57.718, 1.573, -2376.563","0.063, 0.107, 0.289","1.636974811553955","Enum.Material.Glass","","false","true","false"
"786","Workspace.SalvageWorld.Stages.7.Props.lab equipment.Lab Equipment (Breaking Bad).Model.Model.Model.Model.Part","Part","-57.790, 1.573, -2376.663","0.063, 0.107, 0.289","1.636974811553955","Enum.Material.Glass","","false","true","false"
"787","Workspace.SalvageWorld.Stages.7.Props.lab equipment.Lab Equipment (Breaking Bad).Model.Model.Model.Model.Part","Part","-61.862, 1.573, -2139.861","0.063, 0.107, 0.289","1.636974811553955","Enum.Material.Glass","","false","true","false"
"788","Workspace.SalvageWorld.Stages.7.Props.lab equipment.Lab Equipment (Breaking Bad).Model.Model.Model.Model.Part","Part","-61.914, 1.573, -2139.749","0.063, 0.107, 0.289","1.636974811553955","Enum.Material.Glass","","false","true","false"
"789","Workspace.SalvageWorld.Stages.7.Props.lab equipment.Lab Equipment (Breaking Bad).Model.Model.Model.Model.Part","Part","60.565, 1.573, -2215.600","0.063, 0.107, 0.289","1.636974811553955","Enum.Material.Glass","","false","true","false"
"790","Workspace.SalvageWorld.Stages.7.Props.lab equipment.Lab Equipment (Breaking Bad).Model.Model.Model.Model.Part","Part","60.687, 1.573, -2215.611","0.063, 0.107, 0.289","1.636974811553955","Enum.Material.Glass","","false","true","false"
"791","Workspace.SalvageWorld.Stages.7.Props.lab equipment.Lab Equipment (Breaking Bad).Model.Model.Model.Model.Part","Part","-57.983, 1.573, -2376.930","0.063, 0.107, 0.289","1.637035846710205","Enum.Material.Glass","","false","true","false"
"792","Workspace.SalvageWorld.Stages.7.Props.lab equipment.Lab Equipment (Breaking Bad).Model.Model.Model.Model.Part","Part","-62.052, 1.573, -2139.450","0.063, 0.107, 0.289","1.637035846710205","Enum.Material.Glass","","false","true","false"
"793","Workspace.SalvageWorld.Stages.7.Props.lab equipment.Lab Equipment (Breaking Bad).Model.Model.Model.Model.Part","Part","61.016, 1.573, -2215.643","0.063, 0.107, 0.289","1.637035846710205","Enum.Material.Glass","","false","true","false"
"797","Workspace.SalvageWorld.Stages.7.Props.lab equipment.Lab Equipment (Breaking Bad).Model.Model.Model.Model.Part","Part","-57.757, 1.588, -2376.326","0.063, 0.107, 0.289","1.6445977687835693","Enum.Material.Glass","","false","true","false"
"798","Workspace.SalvageWorld.Stages.7.Props.lab equipment.Lab Equipment (Breaking Bad).Model.Model.Model.Model.Part","Part","-57.828, 1.588, -2376.426","0.063, 0.107, 0.289","1.6445977687835693","Enum.Material.Glass","","false","true","false"
"799","Workspace.SalvageWorld.Stages.7.Props.lab equipment.Lab Equipment (Breaking Bad).Model.Model.Model.Model.Part","Part","-58.021, 1.588, -2376.693","0.063, 0.107, 0.289","1.6445977687835693","Enum.Material.Glass","","false","true","false"
"800","Workspace.SalvageWorld.Stages.7.Props.lab equipment.Lab Equipment (Breaking Bad).Model.Model.Model.Model.Part","Part","-61.637, 1.588, -2139.943","0.063, 0.107, 0.289","1.6445977687835693","Enum.Material.Glass","","false","true","false"
"801","Workspace.SalvageWorld.Stages.7.Props.lab equipment.Lab Equipment (Breaking Bad).Model.Model.Model.Model.Part","Part","-61.689, 1.588, -2139.832","0.063, 0.107, 0.289","1.6445977687835693","Enum.Material.Glass","","false","true","false"
"802","Workspace.SalvageWorld.Stages.7.Props.lab equipment.Lab Equipment (Breaking Bad).Model.Model.Model.Model.Part","Part","-61.827, 1.588, -2139.533","0.063, 0.107, 0.289","1.6445977687835693","Enum.Material.Glass","","false","true","false"
"803","Workspace.SalvageWorld.Stages.7.Props.lab equipment.Lab Equipment (Breaking Bad).Model.Model.Model.Model.Part","Part","60.380, 1.588, -2215.752","0.063, 0.107, 0.289","1.6445977687835693","Enum.Material.Glass","","false","true","false"
"804","Workspace.SalvageWorld.Stages.7.Props.lab equipment.Lab Equipment (Breaking Bad).Model.Model.Model.Model.Part","Part","60.502, 1.588, -2215.764","0.063, 0.107, 0.289","1.6445977687835693","Enum.Material.Glass","","false","true","false"
"805","Workspace.SalvageWorld.Stages.7.Props.lab equipment.Lab Equipment (Breaking Bad).Model.Model.Model.Model.Part","Part","60.831, 1.588, -2215.795","0.063, 0.107, 0.289","1.6445977687835693","Enum.Material.Glass","","false","true","false"
"806","Workspace.SalvageWorld.Stages.7.Props.lab equipment.Lab Equipment (Breaking Bad).Model.Model.Model.Model.Part","Part","-58.288, 1.570, -2376.833","0.063, 0.107, 0.289","1.6493382453918457","Enum.Material.Glass","","false","true","false"
"807","Workspace.SalvageWorld.Stages.7.Props.lab equipment.Lab Equipment (Breaking Bad).Model.Model.Model.Model.Part","Part","-61.818, 1.570, -2139.231","0.063, 0.107, 0.289","1.6493382453918457","Enum.Material.Glass","","false","true","false"
"808","Workspace.SalvageWorld.Stages.7.Props.lab equipment.Lab Equipment (Breaking Bad).Model.Model.Model.Model.Part","Part","61.086, 1.570, -2215.955","0.063, 0.107, 0.289","1.6493382453918457","Enum.Material.Glass","","false","true","false"
"809","Workspace.SalvageWorld.Stages.7.Props.lab equipment.Lab Equipment (Breaking Bad).Model.Model.Model.Model.Part","Part","-58.206, 1.590, -2376.897","0.063, 0.107, 0.289","1.6544296741485596","Enum.Material.Glass","","false","true","false"
"810","Workspace.SalvageWorld.Stages.7.Props.lab equipment.Lab Equipment (Breaking Bad).Model.Model.Model.Model.Part","Part","-61.914, 1.590, -2139.272","0.063, 0.107, 0.289","1.6544296741485596","Enum.Material.Glass","","false","true","false"
"811","Workspace.SalvageWorld.Stages.7.Props.lab equipment.Lab Equipment (Breaking Bad).Model.Model.Model.Model.Part","Part","61.100, 1.590, -2215.852","0.063, 0.107, 0.289","1.6544296741485596","Enum.Material.Glass","","false","true","false"
"812","Workspace.SalvageWorld.Stages.7.Props.lab equipment.Lab Equipment (Breaking Bad).Model.Model.Model.Model.Part","Part","-58.285, 1.590, -2377.007","0.063, 0.107, 0.289","1.656307578086853","Enum.Material.Glass","","false","true","false"
"813","Workspace.SalvageWorld.Stages.7.Props.lab equipment.Lab Equipment (Breaking Bad).Model.Model.Model.Model.Part","Part","-61.971, 1.590, -2139.149","0.063, 0.107, 0.289","1.656307578086853","Enum.Material.Glass","","false","true","false"
"814","Workspace.SalvageWorld.Stages.7.Props.lab equipment.Lab Equipment (Breaking Bad).Model.Model.Model.Model.Part","Part","61.234, 1.590, -2215.865","0.063, 0.107, 0.289","1.656307578086853","Enum.Material.Glass","","false","true","false"
"818","Workspace.SalvageWorld.Stages.7.Props.lab equipment.Lab Equipment (Breaking Bad).Model.Model.Model.Model.Part","Part","-58.411, 1.598, -2377.028","0.063, 0.107, 0.289","1.662426471710205","Enum.Material.Glass","","false","true","false"
"819","Workspace.SalvageWorld.Stages.7.Props.lab equipment.Lab Equipment (Breaking Bad).Model.Model.Model.Model.Part","Part","-61.927, 1.598, -2139.029","0.063, 0.107, 0.289","1.662426471710205","Enum.Material.Glass","","false","true","false"
"820","Workspace.SalvageWorld.Stages.7.Props.lab equipment.Lab Equipment (Breaking Bad).Model.Model.Model.Model.Part","Part","61.316, 1.598, -2215.963","0.063, 0.107, 0.289","1.662426471710205","Enum.Material.Glass","","false","true","false"
"821","Workspace.SalvageWorld.Stages.7.Props.lab equipment.Lab Equipment (Breaking Bad).Model.Model.Model.Model.Part","Part","-58.050, 1.584, -2376.214","0.063, 0.107, 0.289","1.6640782356262207","Enum.Material.Glass","","false","true","false"
"822","Workspace.SalvageWorld.Stages.7.Props.lab equipment.Lab Equipment (Breaking Bad).Model.Model.Model.Model.Part","Part","-58.290, 1.584, -2376.547","0.063, 0.107, 0.289","1.6640782356262207","Enum.Material.Glass","","false","true","false"
"823","Workspace.SalvageWorld.Stages.7.Props.lab equipment.Lab Equipment (Breaking Bad).Model.Model.Model.Model.Part","Part","-61.395, 1.584, -2139.743","0.063, 0.107, 0.289","1.6640782356262207","Enum.Material.Glass","","false","true","false"
"824","Workspace.SalvageWorld.Stages.7.Props.lab equipment.Lab Equipment (Breaking Bad).Model.Model.Model.Model.Part","Part","-61.568, 1.584, -2139.370","0.063, 0.107, 0.289","1.6640782356262207","Enum.Material.Glass","","false","true","false"
"825","Workspace.SalvageWorld.Stages.7.Props.lab equipment.Lab Equipment (Breaking Bad).Model.Model.Model.Model.Part","Part","60.431, 1.584, -2216.062","0.063, 0.107, 0.289","1.6640782356262207","Enum.Material.Glass","","false","true","false"
"826","Workspace.SalvageWorld.Stages.7.Props.lab equipment.Lab Equipment (Breaking Bad).Model.Model.Model.Model.Part","Part","60.840, 1.584, -2216.101","0.063, 0.107, 0.289","1.6640782356262207","Enum.Material.Glass","","false","true","false"
"827","Workspace.SalvageWorld.Stages.7.Props.lab equipment.Lab Equipment (Breaking Bad).Model.Model.Model.Model.Part","Part","-57.893, 1.584, -2375.996","0.063, 0.107, 0.289","1.6641087532043457","Enum.Material.Glass","","false","true","false"
"828","Workspace.SalvageWorld.Stages.7.Props.lab equipment.Lab Equipment (Breaking Bad).Model.Model.Model.Model.Part","Part","-61.282, 1.584, -2139.986","0.063, 0.107, 0.289","1.6641087532043457","Enum.Material.Glass","","false","true","false"
"829","Workspace.SalvageWorld.Stages.7.Props.lab equipment.Lab Equipment (Breaking Bad).Model.Model.Model.Model.Part","Part","60.164, 1.584, -2216.037","0.063, 0.107, 0.289","1.6641087532043457","Enum.Material.Glass","","false","true","false"
"830","Workspace.SalvageWorld.Stages.7.Props.lab equipment.Lab Equipment (Breaking Bad).Model.Model.Model.Model.Part","Part","-57.968, 1.605, -2376.278","0.063, 0.107, 0.289","1.6691391468048096","Enum.Material.Glass","","false","true","false"
"831","Workspace.SalvageWorld.Stages.7.Props.lab equipment.Lab Equipment (Breaking Bad).Model.Model.Model.Model.Part","Part","-58.207, 1.605, -2376.611","0.063, 0.107, 0.289","1.6691391468048096","Enum.Material.Glass","","false","true","false"
"832","Workspace.SalvageWorld.Stages.7.Props.lab equipment.Lab Equipment (Breaking Bad).Model.Model.Model.Model.Part","Part","-61.491, 1.605, -2139.783","0.063, 0.107, 0.289","1.6691391468048096","Enum.Material.Glass","","false","true","false"
"833","Workspace.SalvageWorld.Stages.7.Props.lab equipment.Lab Equipment (Breaking Bad).Model.Model.Model.Model.Part","Part","-61.664, 1.605, -2139.411","0.063, 0.107, 0.289","1.6691391468048096","Enum.Material.Glass","","false","true","false"
"834","Workspace.SalvageWorld.Stages.7.Props.lab equipment.Lab Equipment (Breaking Bad).Model.Model.Model.Model.Part","Part","60.445, 1.605, -2215.959","0.063, 0.107, 0.289","1.6691391468048096","Enum.Material.Glass","","false","true","false"
"835","Workspace.SalvageWorld.Stages.7.Props.lab equipment.Lab Equipment (Breaking Bad).Model.Model.Model.Model.Part","Part","60.853, 1.605, -2215.998","0.063, 0.107, 0.289","1.6691391468048096","Enum.Material.Glass","","false","true","false"
"836","Workspace.SalvageWorld.Stages.7.Props.lab equipment.Lab Equipment (Breaking Bad).Model.Model.Model.Model.Part","Part","-57.811, 1.605, -2376.060","0.063, 0.107, 0.289","1.6691696643829346","Enum.Material.Glass","","false","true","false"
"837","Workspace.SalvageWorld.Stages.7.Props.lab equipment.Lab Equipment (Breaking Bad).Model.Model.Model.Model.Part","Part","-61.379, 1.605, -2140.027","0.063, 0.107, 0.289","1.6691696643829346","Enum.Material.Glass","","false","true","false"
"838","Workspace.SalvageWorld.Stages.7.Props.lab equipment.Lab Equipment (Breaking Bad).Model.Model.Model.Model.Part","Part","60.178, 1.605, -2215.933","0.063, 0.107, 0.289","1.6691696643829346","Enum.Material.Glass","","false","true","false"
"839","Workspace.SalvageWorld.Stages.7.Props.lab equipment.Lab Equipment (Breaking Bad).Model.Model.Model.Model.Part","Part","-58.449, 1.613, -2376.791","0.063, 0.107, 0.289","1.6700189113616943","Enum.Material.Glass","","false","true","false"
"840","Workspace.SalvageWorld.Stages.7.Props.lab equipment.Lab Equipment (Breaking Bad).Model.Model.Model.Model.Part","Part","-61.702, 1.613, -2139.112","0.063, 0.107, 0.289","1.6700189113616943","Enum.Material.Glass","","false","true","false"
"841","Workspace.SalvageWorld.Stages.7.Props.lab equipment.Lab Equipment (Breaking Bad).Model.Model.Model.Model.Part","Part","61.131, 1.613, -2216.116","0.063, 0.107, 0.289","1.6700189113616943","Enum.Material.Glass","","false","true","false"
"842","Workspace.SalvageWorld.Stages.7.Props.lab equipment.Lab Equipment (Breaking Bad).Model.Model.Model.Model.Part","Part","-57.890, 1.605, -2376.170","0.063, 0.107, 0.289","1.671017050743103","Enum.Material.Glass","","false","true","false"
"843","Workspace.SalvageWorld.Stages.7.Props.lab equipment.Lab Equipment (Breaking Bad).Model.Model.Model.Model.Part","Part","-58.047, 1.605, -2376.388","0.063, 0.107, 0.289","1.671017050743103","Enum.Material.Glass","","false","true","false"
"844","Workspace.SalvageWorld.Stages.7.Props.lab equipment.Lab Equipment (Breaking Bad).Model.Model.Model.Model.Part","Part","-61.435, 1.605, -2139.904","0.063, 0.107, 0.289","1.671017050743103","Enum.Material.Glass","","false","true","false"
"845","Workspace.SalvageWorld.Stages.7.Props.lab equipment.Lab Equipment (Breaking Bad).Model.Model.Model.Model.Part","Part","-61.548, 1.605, -2139.660","0.063, 0.107, 0.289","1.671017050743103","Enum.Material.Glass","","false","true","false"
"846","Workspace.SalvageWorld.Stages.7.Props.lab equipment.Lab Equipment (Breaking Bad).Model.Model.Model.Model.Part","Part","60.312, 1.605, -2215.946","0.063, 0.107, 0.289","1.671017050743103","Enum.Material.Glass","","false","true","false"
"847","Workspace.SalvageWorld.Stages.7.Props.lab equipment.Lab Equipment (Breaking Bad).Model.Model.Model.Model.Part","Part","60.580, 1.605, -2215.972","0.063, 0.107, 0.289","1.671017050743103","Enum.Material.Glass","","false","true","false"
"848","Workspace.SalvageWorld.Stages.7.Props.lab equipment.Lab Equipment (Breaking Bad).Model.Model.Model.Model.Part","Part","-58.286, 1.605, -2376.720","0.063, 0.107, 0.289","1.671078085899353","Enum.Material.Glass","","false","true","false"
"849","Workspace.SalvageWorld.Stages.7.Props.lab equipment.Lab Equipment (Breaking Bad).Model.Model.Model.Model.Part","Part","-61.721, 1.605, -2139.288","0.063, 0.107, 0.289","1.671078085899353","Enum.Material.Glass","","false","true","false"
"850","Workspace.SalvageWorld.Stages.7.Props.lab equipment.Lab Equipment (Breaking Bad).Model.Model.Model.Model.Part","Part","60.988, 1.605, -2216.010","0.063, 0.107, 0.289","1.671078085899353","Enum.Material.Glass","","false","true","false"
"851","Workspace.SalvageWorld.Stages.7.Props.lab equipment.Lab Equipment (Breaking Bad).Model.Hotplate.Button","UnionOperation","-57.955, 1.555, -2379.638","0.370, 0.051, 0.256","1.6723086833953857","Enum.Material.Metal","","false","true","false"
"852","Workspace.SalvageWorld.Stages.7.Props.lab equipment.Lab Equipment (Breaking Bad).Model.Hotplate.Button","UnionOperation","-64.426, 1.555, -2138.146","0.370, 0.051, 0.256","1.6723086833953857","Enum.Material.Metal","","false","true","false"
"853","Workspace.SalvageWorld.Stages.7.Props.lab equipment.Lab Equipment (Breaking Bad).Model.Hotplate.Button","UnionOperation","63.339, 1.555, -2214.252","0.370, 0.051, 0.256","1.6723086833953857","Enum.Material.Metal","","false","true","false"
"854","Workspace.SalvageWorld.Stages.7.Props.lab equipment.Lab Equipment (Breaking Bad).Model.Model.Model.Model.Part","Part","-58.016, 1.613, -2376.190","0.063, 0.107, 0.289","1.677196979522705","Enum.Material.Glass","","false","true","false"
"855","Workspace.SalvageWorld.Stages.7.Props.lab equipment.Lab Equipment (Breaking Bad).Model.Model.Model.Model.Part","Part","-58.173, 1.613, -2376.408","0.063, 0.107, 0.289","1.677196979522705","Enum.Material.Glass","","false","true","false"
"856","Workspace.SalvageWorld.Stages.7.Props.lab equipment.Lab Equipment (Breaking Bad).Model.Model.Model.Model.Part","Part","-58.412, 1.613, -2376.741","0.063, 0.107, 0.289","1.677196979522705","Enum.Material.Glass","","false","true","false"
"857","Workspace.SalvageWorld.Stages.7.Props.lab equipment.Lab Equipment (Breaking Bad).Model.Model.Model.Model.Part","Part","-61.392, 1.613, -2139.784","0.063, 0.107, 0.289","1.677196979522705","Enum.Material.Glass","","false","true","false"
"858","Workspace.SalvageWorld.Stages.7.Props.lab equipment.Lab Equipment (Breaking Bad).Model.Model.Model.Model.Part","Part","-61.505, 1.613, -2139.540","0.063, 0.107, 0.289","1.677196979522705","Enum.Material.Glass","","false","true","false"
"859","Workspace.SalvageWorld.Stages.7.Props.lab equipment.Lab Equipment (Breaking Bad).Model.Model.Model.Model.Part","Part","-61.677, 1.613, -2139.168","0.063, 0.107, 0.289","1.677196979522705","Enum.Material.Glass","","false","true","false"
"860","Workspace.SalvageWorld.Stages.7.Props.lab equipment.Lab Equipment (Breaking Bad).Model.Model.Model.Model.Part","Part","60.394, 1.613, -2216.045","0.063, 0.107, 0.289","1.677196979522705","Enum.Material.Glass","","false","true","false"
"861","Workspace.SalvageWorld.Stages.7.Props.lab equipment.Lab Equipment (Breaking Bad).Model.Model.Model.Model.Part","Part","60.661, 1.613, -2216.070","0.063, 0.107, 0.289","1.677196979522705","Enum.Material.Glass","","false","true","false"
"862","Workspace.SalvageWorld.Stages.7.Props.lab equipment.Lab Equipment (Breaking Bad).Model.Model.Model.Model.Part","Part","61.070, 1.613, -2216.109","0.063, 0.107, 0.289","1.677196979522705","Enum.Material.Glass","","false","true","false"
"863","Workspace.SalvageWorld.Stages.7.Props.lab equipment.Lab Equipment (Breaking Bad).Model.Model.Model.Model.Part","Part","-58.054, 1.628, -2375.954","0.063, 0.107, 0.289","1.6847283840179443","Enum.Material.Glass","","false","true","false"
"864","Workspace.SalvageWorld.Stages.7.Props.lab equipment.Lab Equipment (Breaking Bad).Model.Model.Model.Model.Part","Part","-58.211, 1.628, -2376.172","0.063, 0.107, 0.289","1.6847283840179443","Enum.Material.Glass","","false","true","false"
"865","Workspace.SalvageWorld.Stages.7.Props.lab equipment.Lab Equipment (Breaking Bad).Model.Model.Model.Model.Part","Part","-58.451, 1.628, -2376.504","0.063, 0.107, 0.289","1.6847283840179443","Enum.Material.Glass","","false","true","false"
"866","Workspace.SalvageWorld.Stages.7.Props.lab equipment.Lab Equipment (Breaking Bad).Model.Model.Model.Model.Part","Part","-61.166, 1.628, -2139.867","0.063, 0.107, 0.289","1.6847283840179443","Enum.Material.Glass","","false","true","false"
"867","Workspace.SalvageWorld.Stages.7.Props.lab equipment.Lab Equipment (Breaking Bad).Model.Model.Model.Model.Part","Part","-61.280, 1.628, -2139.623","0.063, 0.107, 0.289","1.6847283840179443","Enum.Material.Glass","","false","true","false"
"868","Workspace.SalvageWorld.Stages.7.Props.lab equipment.Lab Equipment (Breaking Bad).Model.Model.Model.Model.Part","Part","-61.452, 1.628, -2139.251","0.063, 0.107, 0.289","1.6847283840179443","Enum.Material.Glass","","false","true","false"
"869","Workspace.SalvageWorld.Stages.7.Props.lab equipment.Lab Equipment (Breaking Bad).Model.Model.Model.Model.Part","Part","60.209, 1.628, -2216.197","0.063, 0.107, 0.289","1.6847283840179443","Enum.Material.Glass","","false","true","false"
"870","Workspace.SalvageWorld.Stages.7.Props.lab equipment.Lab Equipment (Breaking Bad).Model.Model.Model.Model.Part","Part","60.476, 1.628, -2216.223","0.063, 0.107, 0.289","1.6847283840179443","Enum.Material.Glass","","false","true","false"
"871","Workspace.SalvageWorld.Stages.7.Props.lab equipment.Lab Equipment (Breaking Bad).Model.Model.Model.Model.Part","Part","60.884, 1.628, -2216.261","0.063, 0.107, 0.289","1.6847283840179443","Enum.Material.Glass","","false","true","false"
"872","Workspace.SalvageWorld.Stages.7.Props.lab equipment.Lab Equipment (Breaking Bad).Model.Hotplate.Union","UnionOperation","-58.048, 1.506, -2380.201","0.145, 1.490, 0.456","1.6852598190307617","Enum.Material.Metal","","false","true","false"
"873","Workspace.SalvageWorld.Stages.7.Props.lab equipment.Lab Equipment (Breaking Bad).Model.Hotplate.Union","UnionOperation","-64.872, 1.506, -2137.790","0.145, 1.490, 0.456","1.6852598190307617","Enum.Material.Metal","","false","true","false"
"874","Workspace.SalvageWorld.Stages.7.Props.lab equipment.Lab Equipment (Breaking Bad).Model.Hotplate.Union","UnionOperation","63.872, 1.506, -2214.047","0.145, 1.490, 0.456","1.6852598190307617","Enum.Material.Metal","","false","true","false"
"884","Workspace.SalvageWorld.Stages.7.Props.lab equipment.Lab Equipment (Breaking Bad).Model.Model.Model.Model.Part","Part","-57.216, 1.696, -2376.988","0.063, 0.107, 0.289","1.7497999668121338","Enum.Material.Glass","","false","true","true"
"885","Workspace.SalvageWorld.Stages.7.Props.lab equipment.Lab Equipment (Breaking Bad).Model.Model.Model.Model.Part","Part","-57.329, 1.696, -2377.062","0.063, 0.107, 0.289","1.7497999668121338","Enum.Material.Glass","","false","true","true"
"886","Workspace.SalvageWorld.Stages.7.Props.lab equipment.Lab Equipment (Breaking Bad).Model.Model.Model.Model.Part","Part","-57.378, 1.696, -2376.740","0.063, 0.107, 0.289","1.7497999668121338","Enum.Material.Glass","","false","true","true"
"887","Workspace.SalvageWorld.Stages.7.Props.lab equipment.Lab Equipment (Breaking Bad).Model.Model.Model.Model.Part","Part","-57.405, 1.696, -2376.800","0.063, 0.107, 0.289","1.7497999668121338","Enum.Material.Glass","","false","true","true"
"888","Workspace.SalvageWorld.Stages.7.Props.lab equipment.Lab Equipment (Breaking Bad).Model.Model.Model.Model.Part","Part","-57.454, 1.696, -2377.035","0.063, 0.107, 0.289","1.7497999668121338","Enum.Material.Glass","","false","true","true"
"889","Workspace.SalvageWorld.Stages.7.Props.lab equipment.Lab Equipment (Breaking Bad).Model.Model.Model.Model.Part","Part","-57.481, 1.696, -2376.807","0.063, 0.107, 0.289","1.7497999668121338","Enum.Material.Glass","","false","true","true"
"890","Workspace.SalvageWorld.Stages.7.Props.lab equipment.Lab Equipment (Breaking Bad).Model.Model.Model.Model.Part","Part","-57.483, 1.696, -2377.163","0.063, 0.107, 0.289","1.7497999668121338","Enum.Material.Glass","","false","true","true"
"891","Workspace.SalvageWorld.Stages.7.Props.lab equipment.Lab Equipment (Breaking Bad).Model.Model.Model.Model.Part","Part","-57.491, 1.696, -2376.814","0.063, 0.107, 0.289","1.7497999668121338","Enum.Material.Glass","","false","true","true"
"892","Workspace.SalvageWorld.Stages.7.Props.lab equipment.Lab Equipment (Breaking Bad).Model.Model.Model.Model.Part","Part","-57.523, 1.696, -2376.284","0.063, 0.107, 0.289","1.7497999668121338","Enum.Material.Glass","","false","true","true"
"893","Workspace.SalvageWorld.Stages.7.Props.lab equipment.Lab Equipment (Breaking Bad).Model.Model.Model.Model.Part","Part","-57.568, 1.696, -2376.553","0.063, 0.107, 0.289","1.7497999668121338","Enum.Material.Glass","","false","true","true"
"894","Workspace.SalvageWorld.Stages.7.Props.lab equipment.Lab Equipment (Breaking Bad).Model.Model.Model.Model.Part","Part","-57.594, 1.696, -2376.881","0.063, 0.107, 0.289","1.7497999668121338","Enum.Material.Glass","","false","true","true"
"895","Workspace.SalvageWorld.Stages.7.Props.lab equipment.Lab Equipment (Breaking Bad).Model.Model.Model.Model.Part","Part","-57.596, 1.696, -2377.237","0.063, 0.107, 0.289","1.7497999668121338","Enum.Material.Glass","","false","true","true"
"896","Workspace.SalvageWorld.Stages.7.Props.lab equipment.Lab Equipment (Breaking Bad).Model.Model.Model.Model.Part","Part","-57.617, 1.696, -2376.788","0.063, 0.107, 0.289","1.7497999668121338","Enum.Material.Glass","","false","true","true"
"897","Workspace.SalvageWorld.Stages.7.Props.lab equipment.Lab Equipment (Breaking Bad).Model.Model.Model.Model.Part","Part","-57.636, 1.696, -2376.358","0.063, 0.107, 0.289","1.7497999668121338","Enum.Material.Glass","","false","true","true"
"898","Workspace.SalvageWorld.Stages.7.Props.lab equipment.Lab Equipment (Breaking Bad).Model.Model.Model.Model.Part","Part","-57.671, 1.696, -2376.620","0.063, 0.107, 0.289","1.7497999668121338","Enum.Material.Glass","","false","true","true"
"899","Workspace.SalvageWorld.Stages.7.Props.lab equipment.Lab Equipment (Breaking Bad).Model.Model.Model.Model.Part","Part","-57.673, 1.696, -2376.976","0.063, 0.107, 0.289","1.7497999668121338","Enum.Material.Glass","","false","true","true"
"900","Workspace.SalvageWorld.Stages.7.Props.lab equipment.Lab Equipment (Breaking Bad).Model.Model.Model.Model.Part","Part","-57.713, 1.696, -2376.097","0.063, 0.107, 0.289","1.7497999668121338","Enum.Material.Glass","","false","true","true"
"901","Workspace.SalvageWorld.Stages.7.Props.lab equipment.Lab Equipment (Breaking Bad).Model.Model.Model.Model.Part","Part","-57.719, 1.696, -2376.855","0.063, 0.107, 0.289","1.7497999668121338","Enum.Material.Glass","","false","true","true"
"902","Workspace.SalvageWorld.Stages.7.Props.lab equipment.Lab Equipment (Breaking Bad).Model.Model.Model.Model.Part","Part","-57.721, 1.696, -2377.318","0.063, 0.107, 0.289","1.7497999668121338","Enum.Material.Glass","","false","true","true"
"903","Workspace.SalvageWorld.Stages.7.Props.lab equipment.Lab Equipment (Breaking Bad).Model.Model.Model.Model.Part","Part","-57.722, 1.696, -2377.211","0.063, 0.107, 0.289","1.7497999668121338","Enum.Material.Glass","","false","true","true"
"904","Workspace.SalvageWorld.Stages.7.Props.lab equipment.Lab Equipment (Breaking Bad).Model.Model.Model.Model.Part","Part","-57.756, 1.696, -2376.988","0.063, 0.107, 0.289","1.7497999668121338","Enum.Material.Glass","","false","true","true"
"905","Workspace.SalvageWorld.Stages.7.Props.lab equipment.Lab Equipment (Breaking Bad).Model.Model.Model.Model.Part","Part","-57.762, 1.696, -2376.332","0.063, 0.107, 0.289","1.7497999668121338","Enum.Material.Glass","","false","true","true"
"906","Workspace.SalvageWorld.Stages.7.Props.lab equipment.Lab Equipment (Breaking Bad).Model.Model.Model.Model.Part","Part","-57.833, 1.696, -2377.392","0.063, 0.107, 0.289","1.7497999668121338","Enum.Material.Glass","","false","true","true"
"907","Workspace.SalvageWorld.Stages.7.Props.lab equipment.Lab Equipment (Breaking Bad).Model.Model.Model.Model.Part","Part","-57.861, 1.696, -2376.505","0.063, 0.107, 0.289","1.7497999668121338","Enum.Material.Glass","","false","true","true"
"908","Workspace.SalvageWorld.Stages.7.Props.lab equipment.Lab Equipment (Breaking Bad).Model.Model.Model.Model.Part","Part","-57.869, 1.696, -2377.062","0.063, 0.107, 0.289","1.7497999668121338","Enum.Material.Glass","","false","true","true"
"909","Workspace.SalvageWorld.Stages.7.Props.lab equipment.Lab Equipment (Breaking Bad).Model.Model.Model.Model.Part","Part","-57.910, 1.696, -2377.131","0.063, 0.107, 0.289","1.7497999668121338","Enum.Material.Glass","","false","true","true"
"910","Workspace.SalvageWorld.Stages.7.Props.lab equipment.Lab Equipment (Breaking Bad).Model.Model.Model.Model.Part","Part","-57.938, 1.696, -2376.244","0.063, 0.107, 0.289","1.7497999668121338","Enum.Material.Glass","","false","true","true"
"911","Workspace.SalvageWorld.Stages.7.Props.lab equipment.Lab Equipment (Breaking Bad).Model.Model.Model.Model.Part","Part","-57.946, 1.696, -2376.801","0.063, 0.107, 0.289","1.7497999668121338","Enum.Material.Glass","","false","true","true"
"912","Workspace.SalvageWorld.Stages.7.Props.lab equipment.Lab Equipment (Breaking Bad).Model.Model.Model.Model.Part","Part","-57.959, 1.696, -2377.366","0.063, 0.107, 0.289","1.7497999668121338","Enum.Material.Glass","","false","true","true"
"913","Workspace.SalvageWorld.Stages.7.Props.lab equipment.Lab Equipment (Breaking Bad).Model.Model.Model.Model.Part","Part","-57.987, 1.696, -2376.479","0.063, 0.107, 0.289","1.7497999668121338","Enum.Material.Glass","","false","true","true"
"914","Workspace.SalvageWorld.Stages.7.Props.lab equipment.Lab Equipment (Breaking Bad).Model.Model.Model.Model.Part","Part","-57.995, 1.696, -2377.036","0.063, 0.107, 0.289","1.7497999668121338","Enum.Material.Glass","","false","true","true"
"915","Workspace.SalvageWorld.Stages.7.Props.lab equipment.Lab Equipment (Breaking Bad).Model.Model.Model.Model.Part","Part","-58.091, 1.696, -2376.656","0.063, 0.107, 0.289","1.7497999668121338","Enum.Material.Glass","","false","true","true"
"916","Workspace.SalvageWorld.Stages.7.Props.lab equipment.Lab Equipment (Breaking Bad).Model.Model.Model.Model.Part","Part","-58.192, 1.696, -2376.925","0.063, 0.107, 0.289","1.7497999668121338","Enum.Material.Glass","","false","true","true"
"917","Workspace.SalvageWorld.Stages.7.Props.lab equipment.Lab Equipment (Breaking Bad).Model.Model.Model.Model.Part","Part","-58.204, 1.696, -2376.730","0.063, 0.107, 0.289","1.7497999668121338","Enum.Material.Glass","","false","true","true"
"918","Workspace.SalvageWorld.Stages.7.Props.lab equipment.Lab Equipment (Breaking Bad).Model.Model.Model.Model.Part","Part","-58.281, 1.696, -2376.469","0.063, 0.107, 0.289","1.7497999668121338","Enum.Material.Glass","","false","true","true"
"919","Workspace.SalvageWorld.Stages.7.Props.lab equipment.Lab Equipment (Breaking Bad).Model.Model.Model.Model.Part","Part","-58.305, 1.696, -2376.999","0.063, 0.107, 0.289","1.7497999668121338","Enum.Material.Glass","","false","true","true"
"920","Workspace.SalvageWorld.Stages.7.Props.lab equipment.Lab Equipment (Breaking Bad).Model.Model.Model.Model.Part","Part","-58.330, 1.696, -2376.704","0.063, 0.107, 0.289","1.7497999668121338","Enum.Material.Glass","","false","true","true"
"921","Workspace.SalvageWorld.Stages.7.Props.lab equipment.Lab Equipment (Breaking Bad).Model.Model.Model.Model.Part","Part","-58.382, 1.696, -2376.737","0.063, 0.107, 0.289","1.7497999668121338","Enum.Material.Glass","","false","true","true"
"922","Workspace.SalvageWorld.Stages.7.Props.lab equipment.Lab Equipment (Breaking Bad).Model.Model.Model.Model.Part","Part","-58.431, 1.696, -2376.972","0.063, 0.107, 0.289","1.7497999668121338","Enum.Material.Glass","","false","true","true"
"923","Workspace.SalvageWorld.Stages.7.Props.lab equipment.Lab Equipment (Breaking Bad).Model.Model.Model.Model.Part","Part","-61.459, 1.696, -2140.094","0.063, 0.107, 0.289","1.7497999668121338","Enum.Material.Glass","","false","true","true"
"924","Workspace.SalvageWorld.Stages.7.Props.lab equipment.Lab Equipment (Breaking Bad).Model.Model.Model.Model.Part","Part","-61.477, 1.696, -2139.826","0.063, 0.107, 0.289","1.7497999668121338","Enum.Material.Glass","","false","true","true"
"925","Workspace.SalvageWorld.Stages.7.Props.lab equipment.Lab Equipment (Breaking Bad).Model.Model.Model.Model.Part","Part","-61.505, 1.696, -2139.417","0.063, 0.107, 0.289","1.7497999668121338","Enum.Material.Glass","","false","true","true"
"926","Workspace.SalvageWorld.Stages.7.Props.lab equipment.Lab Equipment (Breaking Bad).Model.Model.Model.Model.Part","Part","-61.639, 1.696, -2139.936","0.063, 0.107, 0.289","1.7497999668121338","Enum.Material.Glass","","false","true","true"
"927","Workspace.SalvageWorld.Stages.7.Props.lab equipment.Lab Equipment (Breaking Bad).Model.Model.Model.Model.Part","Part","-61.658, 1.696, -2139.668","0.063, 0.107, 0.289","1.7497999668121338","Enum.Material.Glass","","false","true","true"
"928","Workspace.SalvageWorld.Stages.7.Props.lab equipment.Lab Equipment (Breaking Bad).Model.Model.Model.Model.Part","Part","-61.686, 1.696, -2139.259","0.063, 0.107, 0.289","1.7497999668121338","Enum.Material.Glass","","false","true","true"
"929","Workspace.SalvageWorld.Stages.7.Props.lab equipment.Lab Equipment (Breaking Bad).Model.Model.Model.Model.Part","Part","-61.689, 1.696, -2139.197","0.063, 0.107, 0.289","1.7497999668121338","Enum.Material.Glass","","false","true","true"
"930","Workspace.SalvageWorld.Stages.7.Props.lab equipment.Lab Equipment (Breaking Bad).Model.Model.Model.Model.Part","Part","-61.715, 1.696, -2140.167","0.063, 0.107, 0.289","1.7497999668121338","Enum.Material.Glass","","false","true","true"
"931","Workspace.SalvageWorld.Stages.7.Props.lab equipment.Lab Equipment (Breaking Bad).Model.Model.Model.Model.Part","Part","-61.724, 1.696, -2140.032","0.063, 0.107, 0.289","1.7497999668121338","Enum.Material.Glass","","false","true","true"
"932","Workspace.SalvageWorld.Stages.7.Props.lab equipment.Lab Equipment (Breaking Bad).Model.Model.Model.Model.Part","Part","-61.742, 1.696, -2139.765","0.063, 0.107, 0.289","1.7497999668121338","Enum.Material.Glass","","false","true","true"
"933","Workspace.SalvageWorld.Stages.7.Props.lab equipment.Lab Equipment (Breaking Bad).Model.Model.Model.Model.Part","Part","-61.761, 1.696, -2139.490","0.063, 0.107, 0.289","1.7497999668121338","Enum.Material.Glass","","false","true","true"
"934","Workspace.SalvageWorld.Stages.7.Props.lab equipment.Lab Equipment (Breaking Bad).Model.Model.Model.Model.Part","Part","-61.770, 1.696, -2139.355","0.063, 0.107, 0.289","1.7497999668121338","Enum.Material.Glass","","false","true","true"
"935","Workspace.SalvageWorld.Stages.7.Props.lab equipment.Lab Equipment (Breaking Bad).Model.Model.Model.Model.Part","Part","-61.870, 1.696, -2139.039","0.063, 0.107, 0.289","1.7497999668121338","Enum.Material.Glass","","false","true","true"
"936","Workspace.SalvageWorld.Stages.7.Props.lab equipment.Lab Equipment (Breaking Bad).Model.Model.Model.Model.Part","Part","-61.927, 1.696, -2139.997","0.063, 0.107, 0.289","1.7497999668121338","Enum.Material.Glass","","false","true","true"
"937","Workspace.SalvageWorld.Stages.7.Props.lab equipment.Lab Equipment (Breaking Bad).Model.Model.Model.Model.Part","Part","-61.935, 1.696, -2139.874","0.063, 0.107, 0.289","1.7497999668121338","Enum.Material.Glass","","false","true","true"
"938","Workspace.SalvageWorld.Stages.7.Props.lab equipment.Lab Equipment (Breaking Bad).Model.Model.Model.Model.Part","Part","-61.945, 1.696, -2139.271","0.063, 0.107, 0.289","1.7497999668121338","Enum.Material.Glass","","false","true","true"
"939","Workspace.SalvageWorld.Stages.7.Props.lab equipment.Lab Equipment (Breaking Bad).Model.Model.Model.Model.Part","Part","-61.954, 1.696, -2139.136","0.063, 0.107, 0.289","1.7497999668121338","Enum.Material.Glass","","false","true","true"
"940","Workspace.SalvageWorld.Stages.7.Props.lab equipment.Lab Equipment (Breaking Bad).Model.Model.Model.Model.Part","Part","-61.958, 1.696, -2139.546","0.063, 0.107, 0.289","1.7497999668121338","Enum.Material.Glass","","false","true","true"
"941","Workspace.SalvageWorld.Stages.7.Props.lab equipment.Lab Equipment (Breaking Bad).Model.Model.Model.Model.Part","Part","-62.108, 1.696, -2139.839","0.063, 0.107, 0.289","1.7497999668121338","Enum.Material.Glass","","false","true","true"
"942","Workspace.SalvageWorld.Stages.7.Props.lab equipment.Lab Equipment (Breaking Bad).Model.Model.Model.Model.Part","Part","-62.116, 1.696, -2139.717","0.063, 0.107, 0.289","1.7497999668121338","Enum.Material.Glass","","false","true","true"
"943","Workspace.SalvageWorld.Stages.7.Props.lab equipment.Lab Equipment (Breaking Bad).Model.Model.Model.Model.Part","Part","-62.139, 1.696, -2139.388","0.063, 0.107, 0.289","1.7497999668121338","Enum.Material.Glass","","false","true","true"
"944","Workspace.SalvageWorld.Stages.7.Props.lab equipment.Lab Equipment (Breaking Bad).Model.Model.Model.Model.Part","Part","-62.183, 1.696, -2140.070","0.063, 0.107, 0.289","1.7497999668121338","Enum.Material.Glass","","false","true","true"
"945","Workspace.SalvageWorld.Stages.7.Props.lab equipment.Lab Equipment (Breaking Bad).Model.Model.Model.Model.Part","Part","-62.192, 1.696, -2139.948","0.063, 0.107, 0.289","1.7497999668121338","Enum.Material.Glass","","false","true","true"
"946","Workspace.SalvageWorld.Stages.7.Props.lab equipment.Lab Equipment (Breaking Bad).Model.Model.Model.Model.Part","Part","-62.192, 1.696, -2139.936","0.063, 0.107, 0.289","1.7497999668121338","Enum.Material.Glass","","false","true","true"
"947","Workspace.SalvageWorld.Stages.7.Props.lab equipment.Lab Equipment (Breaking Bad).Model.Model.Model.Model.Part","Part","-62.201, 1.696, -2139.813","0.063, 0.107, 0.289","1.7497999668121338","Enum.Material.Glass","","false","true","true"
"948","Workspace.SalvageWorld.Stages.7.Props.lab equipment.Lab Equipment (Breaking Bad).Model.Model.Model.Model.Part","Part","-62.214, 1.696, -2139.619","0.063, 0.107, 0.289","1.7497999668121338","Enum.Material.Glass","","false","true","true"
"949","Workspace.SalvageWorld.Stages.7.Props.lab equipment.Lab Equipment (Breaking Bad).Model.Model.Model.Model.Part","Part","-62.222, 1.696, -2140.017","0.063, 0.107, 0.289","1.7497999668121338","Enum.Material.Glass","","false","true","true"
"950","Workspace.SalvageWorld.Stages.7.Props.lab equipment.Lab Equipment (Breaking Bad).Model.Model.Model.Model.Part","Part","-62.223, 1.696, -2139.484","0.063, 0.107, 0.289","1.7497999668121338","Enum.Material.Glass","","false","true","true"
"951","Workspace.SalvageWorld.Stages.7.Props.lab equipment.Lab Equipment (Breaking Bad).Model.Model.Model.Model.Part","Part","-62.244, 1.696, -2139.698","0.063, 0.107, 0.289","1.7497999668121338","Enum.Material.Glass","","false","true","true"
"952","Workspace.SalvageWorld.Stages.7.Props.lab equipment.Lab Equipment (Breaking Bad).Model.Model.Model.Model.Part","Part","-62.263, 1.696, -2139.415","0.063, 0.107, 0.289","1.7497999668121338","Enum.Material.Glass","","false","true","true"
"953","Workspace.SalvageWorld.Stages.7.Props.lab equipment.Lab Equipment (Breaking Bad).Model.Model.Model.Model.Part","Part","-62.403, 1.696, -2139.859","0.063, 0.107, 0.289","1.7497999668121338","Enum.Material.Glass","","false","true","true"
"954","Workspace.SalvageWorld.Stages.7.Props.lab equipment.Lab Equipment (Breaking Bad).Model.Model.Model.Model.Part","Part","-62.425, 1.696, -2139.540","0.063, 0.107, 0.289","1.7497999668121338","Enum.Material.Glass","","false","true","true"
"955","Workspace.SalvageWorld.Stages.7.Props.lab equipment.Lab Equipment (Breaking Bad).Model.Model.Model.Model.Part","Part","-62.444, 1.696, -2139.257","0.063, 0.107, 0.289","1.7497999668121338","Enum.Material.Glass","","false","true","true"
"956","Workspace.SalvageWorld.Stages.7.Props.lab equipment.Lab Equipment (Breaking Bad).Model.Model.Model.Model.Part","Part","-62.478, 1.696, -2140.090","0.063, 0.107, 0.289","1.7497999668121338","Enum.Material.Glass","","false","true","true"
"957","Workspace.SalvageWorld.Stages.7.Props.lab equipment.Lab Equipment (Breaking Bad).Model.Model.Model.Model.Part","Part","-62.488, 1.696, -2139.956","0.063, 0.107, 0.289","1.7497999668121338","Enum.Material.Glass","","false","true","true"
"958","Workspace.SalvageWorld.Stages.7.Props.lab equipment.Lab Equipment (Breaking Bad).Model.Model.Model.Model.Part","Part","-62.500, 1.696, -2139.771","0.063, 0.107, 0.289","1.7497999668121338","Enum.Material.Glass","","false","true","true"
"959","Workspace.SalvageWorld.Stages.7.Props.lab equipment.Lab Equipment (Breaking Bad).Model.Model.Model.Model.Part","Part","-62.509, 1.696, -2139.636","0.063, 0.107, 0.289","1.7497999668121338","Enum.Material.Glass","","false","true","true"
"960","Workspace.SalvageWorld.Stages.7.Props.lab equipment.Lab Equipment (Breaking Bad).Model.Model.Model.Model.Part","Part","-62.519, 1.696, -2139.488","0.063, 0.107, 0.289","1.7497999668121338","Enum.Material.Glass","","false","true","true"
"961","Workspace.SalvageWorld.Stages.7.Props.lab equipment.Lab Equipment (Breaking Bad).Model.Model.Model.Model.Part","Part","-62.529, 1.696, -2139.354","0.063, 0.107, 0.289","1.7497999668121338","Enum.Material.Glass","","false","true","true"
"962","Workspace.SalvageWorld.Stages.7.Props.lab equipment.Lab Equipment (Breaking Bad).Model.Model.Model.Model.Part","Part","60.160, 1.696, -2215.831","0.063, 0.107, 0.289","1.7497999668121338","Enum.Material.Glass","","false","true","true"
"963","Workspace.SalvageWorld.Stages.7.Props.lab equipment.Lab Equipment (Breaking Bad).Model.Model.Model.Model.Part","Part","60.226, 1.696, -2215.572","0.063, 0.107, 0.289","1.7497999668121338","Enum.Material.Glass","","false","true","true"
"964","Workspace.SalvageWorld.Stages.7.Props.lab equipment.Lab Equipment (Breaking Bad).Model.Model.Model.Model.Part","Part","60.347, 1.696, -2215.632","0.063, 0.107, 0.289","1.7497999668121338","Enum.Material.Glass","","false","true","true"
"965","Workspace.SalvageWorld.Stages.7.Props.lab equipment.Lab Equipment (Breaking Bad).Model.Model.Model.Model.Part","Part","60.388, 1.696, -2215.754","0.063, 0.107, 0.289","1.7497999668121338","Enum.Material.Glass","","false","true","true"
"966","Workspace.SalvageWorld.Stages.7.Props.lab equipment.Lab Equipment (Breaking Bad).Model.Model.Model.Model.Part","Part","60.401, 1.696, -2215.950","0.063, 0.107, 0.289","1.7497999668121338","Enum.Material.Glass","","false","true","true"
"967","Workspace.SalvageWorld.Stages.7.Props.lab equipment.Lab Equipment (Breaking Bad).Model.Model.Model.Model.Part","Part","60.480, 1.696, -2215.475","0.063, 0.107, 0.289","1.7497999668121338","Enum.Material.Glass","","false","true","true"
"968","Workspace.SalvageWorld.Stages.7.Props.lab equipment.Lab Equipment (Breaking Bad).Model.Model.Model.Model.Part","Part","60.546, 1.696, -2215.217","0.063, 0.107, 0.289","1.7497999668121338","Enum.Material.Glass","","false","true","true"
"969","Workspace.SalvageWorld.Stages.7.Props.lab equipment.Lab Equipment (Breaking Bad).Model.Model.Model.Model.Part","Part","60.588, 1.696, -2215.752","0.063, 0.107, 0.289","1.7497999668121338","Enum.Material.Glass","","false","true","true"
"970","Workspace.SalvageWorld.Stages.7.Props.lab equipment.Lab Equipment (Breaking Bad).Model.Model.Model.Model.Part","Part","60.590, 1.696, -2215.530","0.063, 0.107, 0.289","1.7497999668121338","Enum.Material.Glass","","false","true","true"
"971","Workspace.SalvageWorld.Stages.7.Props.lab equipment.Lab Equipment (Breaking Bad).Model.Model.Model.Model.Part","Part","60.612, 1.696, -2215.210","0.063, 0.107, 0.289","1.7497999668121338","Enum.Material.Glass","","false","true","true"
"972","Workspace.SalvageWorld.Stages.7.Props.lab equipment.Lab Equipment (Breaking Bad).Model.Model.Model.Model.Part","Part","60.628, 1.696, -2215.874","0.063, 0.107, 0.289","1.7497999668121338","Enum.Material.Glass","","false","true","true"
"973","Workspace.SalvageWorld.Stages.7.Props.lab equipment.Lab Equipment (Breaking Bad).Model.Model.Model.Model.Part","Part","60.656, 1.696, -2215.271","0.063, 0.107, 0.289","1.7497999668121338","Enum.Material.Glass","","false","true","true"
"974","Workspace.SalvageWorld.Stages.7.Props.lab equipment.Lab Equipment (Breaking Bad).Model.Model.Model.Model.Part","Part","60.667, 1.696, -2215.277","0.063, 0.107, 0.289","1.7497999668121338","Enum.Material.Glass","","false","true","true"
"975","Workspace.SalvageWorld.Stages.7.Props.lab equipment.Lab Equipment (Breaking Bad).Model.Model.Model.Model.Part","Part","60.678, 1.696, -2214.952","0.063, 0.107, 0.289","1.7497999668121338","Enum.Material.Glass","","false","true","true"
"976","Workspace.SalvageWorld.Stages.7.Props.lab equipment.Lab Equipment (Breaking Bad).Model.Model.Model.Model.Part","Part","60.708, 1.696, -2215.398","0.063, 0.107, 0.289","1.7497999668121338","Enum.Material.Glass","","false","true","true"
"977","Workspace.SalvageWorld.Stages.7.Props.lab equipment.Lab Equipment (Breaking Bad).Model.Model.Model.Model.Part","Part","60.768, 1.696, -2216.133","0.063, 0.107, 0.289","1.7497999668121338","Enum.Material.Glass","","false","true","true"
"978","Workspace.SalvageWorld.Stages.7.Props.lab equipment.Lab Equipment (Breaking Bad).Model.Model.Model.Model.Part","Part","60.777, 1.696, -2215.332","0.063, 0.107, 0.289","1.7497999668121338","Enum.Material.Glass","","false","true","true"
"979","Workspace.SalvageWorld.Stages.7.Props.lab equipment.Lab Equipment (Breaking Bad).Model.Model.Model.Model.Part","Part","60.799, 1.696, -2215.012","0.063, 0.107, 0.289","1.7497999668121338","Enum.Material.Glass","","false","true","true"
"980","Workspace.SalvageWorld.Stages.7.Props.lab equipment.Lab Equipment (Breaking Bad).Model.Model.Model.Model.Part","Part","60.818, 1.696, -2215.453","0.063, 0.107, 0.289","1.7497999668121338","Enum.Material.Glass","","false","true","true"
"981","Workspace.SalvageWorld.Stages.7.Props.lab equipment.Lab Equipment (Breaking Bad).Model.Model.Model.Model.Part","Part","60.834, 1.696, -2215.874","0.063, 0.107, 0.289","1.7497999668121338","Enum.Material.Glass","","false","true","true"
"982","Workspace.SalvageWorld.Stages.7.Props.lab equipment.Lab Equipment (Breaking Bad).Model.Model.Model.Model.Part","Part","60.840, 1.696, -2215.134","0.063, 0.107, 0.289","1.7497999668121338","Enum.Material.Glass","","false","true","true"
"983","Workspace.SalvageWorld.Stages.7.Props.lab equipment.Lab Equipment (Breaking Bad).Model.Model.Model.Model.Part","Part","60.885, 1.696, -2215.676","0.063, 0.107, 0.289","1.7497999668121338","Enum.Material.Glass","","false","true","true"
"984","Workspace.SalvageWorld.Stages.7.Props.lab equipment.Lab Equipment (Breaking Bad).Model.Model.Model.Model.Part","Part","60.899, 1.696, -2215.352","0.063, 0.107, 0.289","1.7497999668121338","Enum.Material.Glass","","false","true","true"
"985","Workspace.SalvageWorld.Stages.7.Props.lab equipment.Lab Equipment (Breaking Bad).Model.Model.Model.Model.Part","Part","60.951, 1.696, -2215.418","0.063, 0.107, 0.289","1.7497999668121338","Enum.Material.Glass","","false","true","true"
"986","Workspace.SalvageWorld.Stages.7.Props.lab equipment.Lab Equipment (Breaking Bad).Model.Model.Model.Model.Part","Part","60.955, 1.696, -2215.934","0.063, 0.107, 0.289","1.7497999668121338","Enum.Material.Glass","","false","true","true"
"987","Workspace.SalvageWorld.Stages.7.Props.lab equipment.Lab Equipment (Breaking Bad).Model.Model.Model.Model.Part","Part","60.965, 1.696, -2215.094","0.063, 0.107, 0.289","1.7497999668121338","Enum.Material.Glass","","false","true","true"
"988","Workspace.SalvageWorld.Stages.7.Props.lab equipment.Lab Equipment (Breaking Bad).Model.Model.Model.Model.Part","Part","60.996, 1.696, -2216.056","0.063, 0.107, 0.289","1.7497999668121338","Enum.Material.Glass","","false","true","true"
"989","Workspace.SalvageWorld.Stages.7.Props.lab equipment.Lab Equipment (Breaking Bad).Model.Model.Model.Model.Part","Part","61.051, 1.696, -2216.084","0.063, 0.107, 0.289","1.7497999668121338","Enum.Material.Glass","","false","true","true"
"990","Workspace.SalvageWorld.Stages.7.Props.lab equipment.Lab Equipment (Breaking Bad).Model.Model.Model.Model.Part","Part","61.072, 1.696, -2215.478","0.063, 0.107, 0.289","1.7497999668121338","Enum.Material.Glass","","false","true","true"
"991","Workspace.SalvageWorld.Stages.7.Props.lab equipment.Lab Equipment (Breaking Bad).Model.Model.Model.Model.Part","Part","61.086, 1.696, -2215.154","0.063, 0.107, 0.289","1.7497999668121338","Enum.Material.Glass","","false","true","true"
"992","Workspace.SalvageWorld.Stages.7.Props.lab equipment.Lab Equipment (Breaking Bad).Model.Model.Model.Model.Part","Part","61.113, 1.696, -2215.600","0.063, 0.107, 0.289","1.7497999668121338","Enum.Material.Glass","","false","true","true"
"993","Workspace.SalvageWorld.Stages.7.Props.lab equipment.Lab Equipment (Breaking Bad).Model.Model.Model.Model.Part","Part","61.117, 1.696, -2215.826","0.063, 0.107, 0.289","1.7497999668121338","Enum.Material.Glass","","false","true","true"
"994","Workspace.SalvageWorld.Stages.7.Props.lab equipment.Lab Equipment (Breaking Bad).Model.Model.Model.Model.Part","Part","61.126, 1.696, -2215.276","0.063, 0.107, 0.289","1.7497999668121338","Enum.Material.Glass","","false","true","true"
"995","Workspace.SalvageWorld.Stages.7.Props.lab equipment.Lab Equipment (Breaking Bad).Model.Model.Model.Model.Part","Part","61.153, 1.696, -2215.479","0.063, 0.107, 0.289","1.7497999668121338","Enum.Material.Glass","","false","true","true"
"996","Workspace.SalvageWorld.Stages.7.Props.lab equipment.Lab Equipment (Breaking Bad).Model.Model.Model.Model.Part","Part","61.219, 1.696, -2215.220","0.063, 0.107, 0.289","1.7497999668121338","Enum.Material.Glass","","false","true","true"
"997","Workspace.SalvageWorld.Stages.7.Props.lab equipment.Lab Equipment (Breaking Bad).Model.Model.Model.Model.Part","Part","61.237, 1.696, -2215.886","0.063, 0.107, 0.289","1.7497999668121338","Enum.Material.Glass","","false","true","true"
"998","Workspace.SalvageWorld.Stages.7.Props.lab equipment.Lab Equipment (Breaking Bad).Model.Model.Model.Model.Part","Part","61.278, 1.696, -2216.008","0.063, 0.107, 0.289","1.7497999668121338","Enum.Material.Glass","","false","true","true"
"999","Workspace.SalvageWorld.Stages.7.Props.lab equipment.Lab Equipment (Breaking Bad).Model.Model.Model.Model.Part","Part","61.339, 1.696, -2215.281","0.063, 0.107, 0.289","1.7497999668121338","Enum.Material.Glass","","false","true","true"
"1000","Workspace.SalvageWorld.Stages.7.Props.lab equipment.Lab Equipment (Breaking Bad).Model.Model.Model.Model.Part","Part","61.380, 1.696, -2215.402","0.063, 0.107, 0.289","1.7497999668121338","Enum.Material.Glass","","false","true","true"
"1001","Workspace.SalvageWorld.Stages.7.Props.lab equipment.Lab Equipment (Breaking Bad).Model.Model.Model.Model.Part","Part","-57.748, 1.696, -2376.431","0.063, 0.107, 0.289","1.7498304843902588","Enum.Material.Glass","","false","true","true"
"1002","Workspace.SalvageWorld.Stages.7.Props.lab equipment.Lab Equipment (Breaking Bad).Model.Model.Model.Model.Part","Part","-61.733, 1.696, -2139.899","0.063, 0.107, 0.289","1.7498304843902588","Enum.Material.Glass","","false","true","true"
"1003","Workspace.SalvageWorld.Stages.7.Props.lab equipment.Lab Equipment (Breaking Bad).Model.Model.Model.Model.Part","Part","60.467, 1.696, -2215.692","0.063, 0.107, 0.289","1.7498304843902588","Enum.Material.Glass","","false","true","true"
"1007","Workspace.SalvageWorld.Stages.7.Props.lab equipment.Lab Equipment (Breaking Bad).Model.Model.Model.Model.Part","Part","-57.269, 1.666, -2376.900","0.063, 0.107, 0.289","1.755478858947754","Enum.Material.Glass","","false","true","false"
"1008","Workspace.SalvageWorld.Stages.7.Props.lab equipment.Lab Equipment (Breaking Bad).Model.Model.Model.Model.Part","Part","-57.536, 1.666, -2377.076","0.063, 0.107, 0.289","1.755478858947754","Enum.Material.Glass","","false","true","false"
"1009","Workspace.SalvageWorld.Stages.7.Props.lab equipment.Lab Equipment (Breaking Bad).Model.Model.Model.Model.Part","Part","-57.773, 1.666, -2377.231","0.063, 0.107, 0.289","1.755478858947754","Enum.Material.Glass","","false","true","false"
"1010","Workspace.SalvageWorld.Stages.7.Props.lab equipment.Lab Equipment (Breaking Bad).Model.Model.Model.Model.Part","Part","-57.809, 1.666, -2376.901","0.063, 0.107, 0.289","1.755478858947754","Enum.Material.Glass","","false","true","false"
"1011","Workspace.SalvageWorld.Stages.7.Props.lab equipment.Lab Equipment (Breaking Bad).Model.Model.Model.Model.Part","Part","-58.245, 1.666, -2376.837","0.063, 0.107, 0.289","1.755478858947754","Enum.Material.Glass","","false","true","false"
"1012","Workspace.SalvageWorld.Stages.7.Props.lab equipment.Lab Equipment (Breaking Bad).Model.Model.Model.Model.Part","Part","-61.843, 1.666, -2139.267","0.063, 0.107, 0.289","1.755478858947754","Enum.Material.Glass","","false","true","false"
"1013","Workspace.SalvageWorld.Stages.7.Props.lab equipment.Lab Equipment (Breaking Bad).Model.Model.Model.Model.Part","Part","-62.112, 1.666, -2139.616","0.063, 0.107, 0.289","1.755478858947754","Enum.Material.Glass","","false","true","false"
"1014","Workspace.SalvageWorld.Stages.7.Props.lab equipment.Lab Equipment (Breaking Bad).Model.Model.Model.Model.Part","Part","-62.377, 1.666, -2140.087","0.063, 0.107, 0.289","1.755478858947754","Enum.Material.Glass","","false","true","false"
"1015","Workspace.SalvageWorld.Stages.7.Props.lab equipment.Lab Equipment (Breaking Bad).Model.Model.Model.Model.Part","Part","-62.398, 1.666, -2139.768","0.063, 0.107, 0.289","1.755478858947754","Enum.Material.Glass","","false","true","false"
"1016","Workspace.SalvageWorld.Stages.7.Props.lab equipment.Lab Equipment (Breaking Bad).Model.Model.Model.Model.Part","Part","-62.418, 1.666, -2139.485","0.063, 0.107, 0.289","1.755478858947754","Enum.Material.Glass","","false","true","false"
"1017","Workspace.SalvageWorld.Stages.7.Props.lab equipment.Lab Equipment (Breaking Bad).Model.Model.Model.Model.Part","Part","60.629, 1.666, -2215.041","0.063, 0.107, 0.289","1.755478858947754","Enum.Material.Glass","","false","true","false"
"1018","Workspace.SalvageWorld.Stages.7.Props.lab equipment.Lab Equipment (Breaking Bad).Model.Model.Model.Model.Part","Part","60.903, 1.666, -2215.508","0.063, 0.107, 0.289","1.755478858947754","Enum.Material.Glass","","false","true","false"
"1019","Workspace.SalvageWorld.Stages.7.Props.lab equipment.Lab Equipment (Breaking Bad).Model.Model.Model.Model.Part","Part","60.916, 1.666, -2215.184","0.063, 0.107, 0.289","1.755478858947754","Enum.Material.Glass","","false","true","false"
"1020","Workspace.SalvageWorld.Stages.7.Props.lab equipment.Lab Equipment (Breaking Bad).Model.Model.Model.Model.Part","Part","61.068, 1.666, -2215.916","0.063, 0.107, 0.289","1.755478858947754","Enum.Material.Glass","","false","true","false"
"1021","Workspace.SalvageWorld.Stages.7.Props.lab equipment.Lab Equipment (Breaking Bad).Model.Model.Model.Model.Part","Part","61.170, 1.666, -2215.310","0.063, 0.107, 0.289","1.755478858947754","Enum.Material.Glass","","false","true","false"
"1022","Workspace.SalvageWorld.Stages.7.Props.lab equipment.Lab Equipment (Breaking Bad).Model.Model.Model.Model.Part","Part","-57.431, 1.666, -2376.653","0.063, 0.107, 0.289","1.755509376525879","Enum.Material.Glass","","false","true","false"
"1023","Workspace.SalvageWorld.Stages.7.Props.lab equipment.Lab Equipment (Breaking Bad).Model.Model.Model.Model.Part","Part","-57.534, 1.666, -2376.720","0.063, 0.107, 0.289","1.755509376525879","Enum.Material.Glass","","false","true","false"
"1024","Workspace.SalvageWorld.Stages.7.Props.lab equipment.Lab Equipment (Breaking Bad).Model.Model.Model.Model.Part","Part","-57.576, 1.666, -2376.197","0.063, 0.107, 0.289","1.755509376525879","Enum.Material.Glass","","false","true","false"
"1025","Workspace.SalvageWorld.Stages.7.Props.lab equipment.Lab Equipment (Breaking Bad).Model.Model.Model.Model.Part","Part","-57.801, 1.666, -2376.344","0.063, 0.107, 0.289","1.755509376525879","Enum.Material.Glass","","false","true","false"
"1026","Workspace.SalvageWorld.Stages.7.Props.lab equipment.Lab Equipment (Breaking Bad).Model.Model.Model.Model.Part","Part","-58.144, 1.666, -2376.569","0.063, 0.107, 0.289","1.755509376525879","Enum.Material.Glass","","false","true","false"
"1027","Workspace.SalvageWorld.Stages.7.Props.lab equipment.Lab Equipment (Breaking Bad).Model.Model.Model.Model.Part","Part","-61.613, 1.666, -2140.164","0.063, 0.107, 0.289","1.755509376525879","Enum.Material.Glass","","false","true","false"
"1028","Workspace.SalvageWorld.Stages.7.Props.lab equipment.Lab Equipment (Breaking Bad).Model.Model.Model.Model.Part","Part","-61.631, 1.666, -2139.896","0.063, 0.107, 0.289","1.755509376525879","Enum.Material.Glass","","false","true","false"
"1029","Workspace.SalvageWorld.Stages.7.Props.lab equipment.Lab Equipment (Breaking Bad).Model.Model.Model.Model.Part","Part","-61.659, 1.666, -2139.487","0.063, 0.107, 0.289","1.755509376525879","Enum.Material.Glass","","false","true","false"
"1030","Workspace.SalvageWorld.Stages.7.Props.lab equipment.Lab Equipment (Breaking Bad).Model.Model.Model.Model.Part","Part","-62.081, 1.666, -2140.067","0.063, 0.107, 0.289","1.755509376525879","Enum.Material.Glass","","false","true","false"
"1031","Workspace.SalvageWorld.Stages.7.Props.lab equipment.Lab Equipment (Breaking Bad).Model.Model.Model.Model.Part","Part","-62.090, 1.666, -2139.945","0.063, 0.107, 0.289","1.755509376525879","Enum.Material.Glass","","false","true","false"
"1032","Workspace.SalvageWorld.Stages.7.Props.lab equipment.Lab Equipment (Breaking Bad).Model.Model.Model.Model.Part","Part","60.177, 1.666, -2215.662","0.063, 0.107, 0.289","1.755509376525879","Enum.Material.Glass","","false","true","false"
"1033","Workspace.SalvageWorld.Stages.7.Props.lab equipment.Lab Equipment (Breaking Bad).Model.Model.Model.Model.Part","Part","60.418, 1.666, -2215.781","0.063, 0.107, 0.289","1.755509376525879","Enum.Material.Glass","","false","true","false"
"1034","Workspace.SalvageWorld.Stages.7.Props.lab equipment.Lab Equipment (Breaking Bad).Model.Model.Model.Model.Part","Part","60.498, 1.666, -2215.306","0.063, 0.107, 0.289","1.755509376525879","Enum.Material.Glass","","false","true","false"
"1035","Workspace.SalvageWorld.Stages.7.Props.lab equipment.Lab Equipment (Breaking Bad).Model.Model.Model.Model.Part","Part","60.608, 1.666, -2215.361","0.063, 0.107, 0.289","1.755509376525879","Enum.Material.Glass","","false","true","false"
"1036","Workspace.SalvageWorld.Stages.7.Props.lab equipment.Lab Equipment (Breaking Bad).Model.Model.Model.Model.Part","Part","60.785, 1.666, -2215.964","0.063, 0.107, 0.289","1.755509376525879","Enum.Material.Glass","","false","true","false"
"1064","Workspace.SalvageWorld.Stages.7.Props.lab equipment.Lab Equipment (Breaking Bad).Model.Volumetric Flask.Union","UnionOperation","-60.126, 1.718, -2377.507","0.491, 1.058, 1.058","1.9640090465545654","Enum.Material.SmoothPlastic","","false","true","false"
"1065","Workspace.SalvageWorld.Stages.7.Props.lab equipment.Lab Equipment (Breaking Bad).Model.Volumetric Flask.Union","UnionOperation","-60.416, 1.718, -2378.902","0.491, 1.058, 1.058","1.9640090465545654","Enum.Material.SmoothPlastic","","false","true","false"
"1066","Workspace.SalvageWorld.Stages.7.Props.lab equipment.Lab Equipment (Breaking Bad).Model.Volumetric Flask.Union","UnionOperation","-61.505, 1.718, -2137.299","0.491, 1.058, 1.058","1.9640090465545654","Enum.Material.SmoothPlastic","","false","true","false"
"1067","Workspace.SalvageWorld.Stages.7.Props.lab equipment.Lab Equipment (Breaking Bad).Model.Volumetric Flask.Union","UnionOperation","-62.578, 1.718, -2136.363","0.491, 1.058, 1.058","1.9640090465545654","Enum.Material.SmoothPlastic","","false","true","false"
"1068","Workspace.SalvageWorld.Stages.7.Props.lab equipment.Lab Equipment (Breaking Bad).Model.Volumetric Flask.Union","UnionOperation","62.596, 1.718, -2217.201","0.491, 1.058, 1.058","1.9640090465545654","Enum.Material.SmoothPlastic","","false","true","false"
"1069","Workspace.SalvageWorld.Stages.7.Props.lab equipment.Lab Equipment (Breaking Bad).Model.Volumetric Flask.Union","UnionOperation","63.946, 1.718, -2216.748","0.491, 1.058, 1.058","1.9640090465545654","Enum.Material.SmoothPlastic","","false","true","false"
"1070","Workspace.SalvageWorld.Stages.1.Props.tree stump.Tree Stump.Tree Stump.Part","Part","-57.771, 0.664, -117.892","1.500, 2.300, 0.500","1.9707146883010864","Enum.Material.Plastic","SalvageStud","true","true","false"
"1071","Workspace.SalvageWorld.Stages.1.Props.tree stump.Tree Stump.Tree Stump.Part","Part","-60.122, 0.664, -274.514","1.500, 2.300, 0.500","1.9707146883010864","Enum.Material.Plastic","SalvageStud","true","true","false"
"1075","Workspace.SalvageWorld.Stages.7.Props.lab equipment.Lab Equipment (Breaking Bad).Model.Volumetric Flask.Union","UnionOperation","-60.126, 0.845, -2377.507","2.317, 1.152, 1.152","2.0034308433532715","Enum.Material.SmoothPlastic","","false","true","false"
"1076","Workspace.SalvageWorld.Stages.7.Props.lab equipment.Lab Equipment (Breaking Bad).Model.Volumetric Flask.Union","UnionOperation","-60.416, 0.845, -2378.902","2.317, 1.152, 1.152","2.0034308433532715","Enum.Material.SmoothPlastic","","false","true","false"
"1077","Workspace.SalvageWorld.Stages.7.Props.lab equipment.Lab Equipment (Breaking Bad).Model.Volumetric Flask.Union","UnionOperation","-61.505, 0.845, -2137.299","2.317, 1.152, 1.152","2.0034308433532715","Enum.Material.SmoothPlastic","","false","true","false"
"1078","Workspace.SalvageWorld.Stages.7.Props.lab equipment.Lab Equipment (Breaking Bad).Model.Volumetric Flask.Union","UnionOperation","-62.578, 0.845, -2136.363","2.317, 1.152, 1.152","2.0034308433532715","Enum.Material.SmoothPlastic","","false","true","false"
"1079","Workspace.SalvageWorld.Stages.7.Props.lab equipment.Lab Equipment (Breaking Bad).Model.Volumetric Flask.Union","UnionOperation","62.596, 0.845, -2217.201","2.317, 1.152, 1.152","2.0034308433532715","Enum.Material.SmoothPlastic","","false","true","false"
"1080","Workspace.SalvageWorld.Stages.7.Props.lab equipment.Lab Equipment (Breaking Bad).Model.Volumetric Flask.Union","UnionOperation","63.946, 0.845, -2216.748","2.317, 1.152, 1.152","2.0034308433532715","Enum.Material.SmoothPlastic","","false","true","false"
"1084","Workspace.SalvageWorld.Stages.7.Props.lab equipment.Lab Equipment (Breaking Bad).Model.Part","Part","-57.116, 1.930, -2376.844","0.120, 0.150, 4.100","2.0053508281707764","Enum.Material.SmoothPlastic","","false","true","true"
"1085","Workspace.SalvageWorld.Stages.7.Props.lab equipment.Lab Equipment (Breaking Bad).Model.Part","Part","-57.553, 1.930, -2374.751","1.820, 0.150, 0.180","2.0053508281707764","Enum.Material.SmoothPlastic","","false","true","true"
"1086","Workspace.SalvageWorld.Stages.7.Props.lab equipment.Lab Equipment (Breaking Bad).Model.Part","Part","-58.369, 1.930, -2378.673","1.820, 0.150, 0.180","2.0053508281707764","Enum.Material.SmoothPlastic","","false","true","true"
"1087","Workspace.SalvageWorld.Stages.7.Props.lab equipment.Lab Equipment (Breaking Bad).Model.Part","Part","-58.787, 1.930, -2376.496","0.120, 0.150, 4.100","2.0053508281707764","Enum.Material.SmoothPlastic","","false","true","true"
"1088","Workspace.SalvageWorld.Stages.7.Props.lab equipment.Lab Equipment (Breaking Bad).Model.Part","Part","-60.364, 1.930, -2140.893","1.820, 0.150, 0.180","2.0053508281707764","Enum.Material.SmoothPlastic","","false","true","true"
"1089","Workspace.SalvageWorld.Stages.7.Props.lab equipment.Lab Equipment (Breaking Bad).Model.Part","Part","-61.280, 1.930, -2138.962","0.120, 0.150, 4.100","2.0053508281707764","Enum.Material.SmoothPlastic","","false","true","true"
"1090","Workspace.SalvageWorld.Stages.7.Props.lab equipment.Lab Equipment (Breaking Bad).Model.Part","Part","-62.402, 1.930, -2140.248","0.120, 0.150, 4.100","2.0053508281707764","Enum.Material.SmoothPlastic","","false","true","true"
"1091","Workspace.SalvageWorld.Stages.7.Props.lab equipment.Lab Equipment (Breaking Bad).Model.Part","Part","-63.383, 1.930, -2138.259","1.820, 0.150, 0.180","2.0053508281707764","Enum.Material.SmoothPlastic","","false","true","true"
"1092","Workspace.SalvageWorld.Stages.7.Props.lab equipment.Lab Equipment (Breaking Bad).Model.Part","Part","58.918, 1.930, -2216.372","1.820, 0.150, 0.180","2.0053508281707764","Enum.Material.SmoothPlastic","","false","true","true"
"1093","Workspace.SalvageWorld.Stages.7.Props.lab equipment.Lab Equipment (Breaking Bad).Model.Part","Part","60.504, 1.930, -2214.938","0.120, 0.150, 4.100","2.0053508281707764","Enum.Material.SmoothPlastic","","false","true","true"
"1094","Workspace.SalvageWorld.Stages.7.Props.lab equipment.Lab Equipment (Breaking Bad).Model.Part","Part","61.047, 1.930, -2216.556","0.120, 0.150, 4.100","2.0053508281707764","Enum.Material.SmoothPlastic","","false","true","true"
"1095","Workspace.SalvageWorld.Stages.7.Props.lab equipment.Lab Equipment (Breaking Bad).Model.Part","Part","62.715, 1.930, -2215.096","1.820, 0.150, 0.180","2.0053508281707764","Enum.Material.SmoothPlastic","","false","true","true"
"1096","Workspace.SalvageWorld.Stages.7.Props.lab equipment.Lab Equipment (Breaking Bad).Model.Part","Part","-57.960, 1.980, -2376.710","1.820, 0.050, 4.190","2.005399703979492","Enum.Material.SmoothPlastic","","false","true","true"
"1097","Workspace.SalvageWorld.Stages.7.Props.lab equipment.Lab Equipment (Breaking Bad).Model.Part","Part","-61.872, 1.980, -2139.578","1.820, 0.050, 4.190","2.005399703979492","Enum.Material.SmoothPlastic","","false","true","true"
"1098","Workspace.SalvageWorld.Stages.7.Props.lab equipment.Lab Equipment (Breaking Bad).Model.Part","Part","60.815, 1.980, -2215.734","1.820, 0.050, 4.190","2.005399703979492","Enum.Material.SmoothPlastic","","false","true","true"
"1099","Workspace.SalvageWorld.Stages.1.Props.tree stump.Tree Stump.Tree Stump.Part","Part","-60.325, 1.344, -274.203","1.600, 0.200, 1.000","2.0072553157806396","Enum.Material.Plastic","SalvageStud","true","true","false"
"1100","Workspace.SalvageWorld.Stages.1.Props.tree stump.Tree Stump.Tree Stump.Part","Part","-57.684, 1.344, -118.252","1.600, 0.200, 1.000","2.0072555541992188","Enum.Material.Plastic","SalvageStud","true","true","false"
"1101","Workspace.SalvageWorld.Stages.1.Props.tree stump.Tree Stump.Tree Stump.Part","Part","-60.337, 1.321, -274.202","1.600, 0.200, 1.000","2.0126378536224365","Enum.Material.Plastic","SalvageStud","true","true","false"
"1102","Workspace.SalvageWorld.Stages.1.Props.tree stump.Tree Stump.Tree Stump.Part","Part","-57.673, 1.321, -118.258","1.600, 0.200, 1.000","2.0126380920410156","Enum.Material.Plastic","SalvageStud","true","true","false"
"1106","Workspace.SalvageWorld.Stages.1.Props.tree stump.Tree Stump.Tree Stump.Part","Part","-57.461, 1.506, -275.689","0.900, 0.200, 1.000","2.0329861640930176","Enum.Material.Plastic","SalvageStud","true","true","false"
"1107","Workspace.SalvageWorld.Stages.1.Props.tree stump.Tree Stump.Tree Stump.Part","Part","-59.884, 1.506, -115.893","0.900, 0.200, 1.000","2.0329861640930176","Enum.Material.Plastic","SalvageStud","true","true","false"
"1108","Workspace.SalvageWorld.Stages.1.Props.tree stump.Tree Stump.Tree Stump.Part","Part","-57.682, 1.836, -275.148","0.900, 0.200, 1.000","2.0329971313476562","Enum.Material.Plastic","SalvageStud","true","true","false"
"1109","Workspace.SalvageWorld.Stages.1.Props.tree stump.Tree Stump.Tree Stump.Part","Part","-59.857, 1.836, -116.477","0.900, 0.200, 1.000","2.0329971313476562","Enum.Material.Plastic","SalvageStud","true","true","false"
"1129","Workspace.SalvageWorld.Stages.1.Props.tree stump.Tree Stump.Tree Stump.Part","Part","-58.550, 0.723, -116.726","1.500, 2.700, 2.300","2.2478857040405273","Enum.Material.Plastic","SalvageStud","true","true","false"
"1130","Workspace.SalvageWorld.Stages.1.Props.tree stump.Tree Stump.Tree Stump.Part","Part","-58.997, 0.723, -275.352","1.500, 2.700, 2.300","2.2478857040405273","Enum.Material.Plastic","SalvageStud","true","true","false"
"1131","Workspace.SalvageWorld.Stages.1.Props.tree stump.Tree Stump.Tree Stump.Part","Part","-57.394, 1.658, -275.442","0.900, 0.200, 1.000","2.2482879161834717","Enum.Material.Plastic","SalvageStud","true","true","false"
"1132","Workspace.SalvageWorld.Stages.1.Props.tree stump.Tree Stump.Tree Stump.Part","Part","-60.031, 1.658, -116.103","0.900, 0.200, 1.000","2.2482879161834717","Enum.Material.Plastic","SalvageStud","true","true","false"
"1136","Workspace.SalvageWorld.Stages.1.Props.tree stump.Tree Stump.Tree Stump.Part","Part","-57.913, 1.569, -275.969","1.600, 0.200, 1.000","2.2589104175567627","Enum.Material.Plastic","SalvageStud","true","true","false"
"1137","Workspace.SalvageWorld.Stages.1.Props.tree stump.Tree Stump.Tree Stump.Part","Part","-59.365, 1.569, -115.781","1.600, 0.200, 1.000","2.2589104175567627","Enum.Material.Plastic","SalvageStud","true","true","false"
"1138","Workspace.SalvageWorld.Stages.1.Props.tree stump.Tree Stump.Tree Stump.Part","Part","-57.973, 2.045, -275.124","0.900, 0.200, 1.000","2.2747178077697754","Enum.Material.Plastic","SalvageStud","true","true","false"
"1139","Workspace.SalvageWorld.Stages.1.Props.tree stump.Tree Stump.Tree Stump.Part","Part","-59.591, 2.045, -116.597","0.900, 0.200, 1.000","2.2747178077697754","Enum.Material.Plastic","SalvageStud","true","true","false"
"1140","Workspace.SalvageWorld.Stages.1.Props.tree stump.Tree Stump.Tree Stump.Part","Part","-58.299, 1.975, -275.542","1.600, 0.200, 1.000","2.285346746444702","Enum.Material.Plastic","SalvageStud","true","true","false"
"1141","Workspace.SalvageWorld.Stages.1.Props.tree stump.Tree Stump.Tree Stump.Part","Part","-59.144, 1.975, -116.312","1.600, 0.200, 1.000","2.285346746444702","Enum.Material.Plastic","SalvageStud","true","true","false"
"1142","Workspace.SalvageWorld.Stages.7.Props.computer desk.Desk and computer.Desk And Computer.Desk.Part","Part","-63.368, 2.230, -2218.823","0.130, 0.310, 0.340","2.3849880695343018","Enum.Material.Metal","","false","true","true"
"1143","Workspace.SalvageWorld.Stages.7.Props.computer desk.Desk and computer.Desk And Computer.Desk.Part","Part","-63.665, 2.230, -2219.083","0.880, 0.310, 0.090","2.3849880695343018","Enum.Material.Metal","","false","true","true"
"1144","Workspace.SalvageWorld.Stages.7.Props.computer desk.Desk and computer.Desk And Computer.Desk.Part","Part","-63.746, 2.230, -2219.470","0.130, 0.310, 0.340","2.3849880695343018","Enum.Material.Metal","","false","true","true"
"1145","Workspace.SalvageWorld.Stages.7.Props.computer desk.Desk and computer.Desk And Computer.Desk.Part","Part","60.127, 2.230, -2291.161","0.130, 0.310, 0.340","2.3849880695343018","Enum.Material.Metal","","false","true","true"
"1146","Workspace.SalvageWorld.Stages.7.Props.computer desk.Desk and computer.Desk And Computer.Desk.Part","Part","60.420, 2.230, -2291.426","0.880, 0.310, 0.090","2.3849880695343018","Enum.Material.Metal","","false","true","true"
"1147","Workspace.SalvageWorld.Stages.7.Props.computer desk.Desk and computer.Desk And Computer.Desk.Part","Part","60.495, 2.230, -2291.814","0.130, 0.310, 0.340","2.3849880695343018","Enum.Material.Metal","","false","true","true"
"1198","Workspace.SalvageWorld.Stages.1.Props.tree stump.Tree Stump.Tree Stump.Part","Part","-58.427, 1.946, -118.335","0.900, 0.200, 1.000","2.429234504699707","Enum.Material.Plastic","SalvageStud","true","true","false"
"1199","Workspace.SalvageWorld.Stages.1.Props.tree stump.Tree Stump.Tree Stump.Part","Part","-59.652, 1.946, -273.876","0.900, 0.200, 1.000","2.429234504699707","Enum.Material.Plastic","SalvageStud","true","true","false"
"1200","Workspace.SalvageWorld.Stages.1.Props.tree stump.Tree Stump.Tree Stump.Part","Part","-59.000, 2.329, -118.000","0.900, 0.200, 1.000","2.4292526245117188","Enum.Material.Plastic","SalvageStud","true","true","true"
"1201","Workspace.SalvageWorld.Stages.1.Props.tree stump.Tree Stump.Tree Stump.Part","Part","-59.000, 2.329, -274.000","0.900, 0.200, 1.000","2.4292526245117188","Enum.Material.Plastic","SalvageStud","true","true","true"
"1202","Workspace.SalvageWorld.Stages.1.Props.tree stump.Tree Stump.Tree Stump.Part","Part","-58.418, 1.997, -118.352","1.200, 0.200, 1.000","2.4330549240112305","Enum.Material.Plastic","SalvageStud","true","true","false"
"1203","Workspace.SalvageWorld.Stages.1.Props.tree stump.Tree Stump.Tree Stump.Part","Part","-59.666, 1.997, -273.864","1.200, 0.200, 1.000","2.4330549240112305","Enum.Material.Plastic","SalvageStud","true","true","false"
"1210","Workspace.SalvageWorld.Stages.1.Props.tree stump.Tree Stump.Tree Stump.Part","Part","-58.093, 2.094, -275.016","0.900, 0.200, 1.000","2.4953830242156982","Enum.Material.Plastic","SalvageStud","true","true","false"
"1211","Workspace.SalvageWorld.Stages.1.Props.tree stump.Tree Stump.Tree Stump.Part","Part","-59.514, 2.094, -116.738","0.900, 0.200, 1.000","2.4953830242156982","Enum.Material.Plastic","SalvageStud","true","true","false"
"1221","Workspace.SalvageWorld.Stages.1.Props.tree stump.Tree Stump.Tree Stump.Part","Part","-58.562, 2.191, -117.401","1.500, 0.300, 1.100","2.5382320880889893","Enum.Material.Plastic","SalvageStud","true","true","false"
"1222","Workspace.SalvageWorld.Stages.1.Props.tree stump.Tree Stump.Tree Stump.Part","Part","-59.212, 2.191, -274.712","1.500, 0.300, 1.100","2.5382320880889893","Enum.Material.Plastic","SalvageStud","true","true","false"
"1223","Workspace.SalvageWorld.Stages.1.Props.tree stump.Tree Stump.Tree Stump.Part","Part","-58.103, 1.999, -117.919","1.600, 0.200, 1.000","2.546114206314087","Enum.Material.Plastic","SalvageStud","true","true","false"
"1224","Workspace.SalvageWorld.Stages.1.Props.tree stump.Tree Stump.Tree Stump.Part","Part","-59.818, 1.999, -274.377","1.600, 0.200, 1.000","2.546114206314087","Enum.Material.Plastic","SalvageStud","true","true","false"
"1225","Workspace.SalvageWorld.Stages.1.Props.tree stump.Tree Stump.Tree Stump.Part","Part","-58.611, 2.131, -275.254","1.600, 0.200, 0.600","2.5479512214660645","Enum.Material.Plastic","SalvageStud","true","true","false"
"1226","Workspace.SalvageWorld.Stages.1.Props.tree stump.Tree Stump.Tree Stump.Part","Part","-58.946, 2.131, -116.688","1.600, 0.200, 0.600","2.5479512214660645","Enum.Material.Plastic","SalvageStud","true","true","false"
"1236","Workspace.SalvageWorld.Stages.1.Props.tree stump.Tree Stump.Tree Stump.Part","Part","-58.759, 2.351, -274.244","1.000, 0.200, 1.000","2.6432197093963623","Enum.Material.Plastic","SalvageStud","true","true","false"
"1237","Workspace.SalvageWorld.Stages.1.Props.tree stump.Tree Stump.Tree Stump.Part","Part","-59.146, 2.351, -117.690","1.000, 0.200, 1.000","2.6432197093963623","Enum.Material.Plastic","SalvageStud","true","true","false"
"1238","Workspace.SalvageWorld.Stages.1.Props.tree stump.Tree Stump.Tree Stump.Part","Part","-58.273, 2.181, -274.851","0.900, 0.200, 1.000","2.6432383060455322","Enum.Material.Plastic","SalvageStud","true","true","false"
"1239","Workspace.SalvageWorld.Stages.1.Props.tree stump.Tree Stump.Tree Stump.Part","Part","-59.400, 2.181, -116.954","0.900, 0.200, 1.000","2.6432383060455322","Enum.Material.Plastic","SalvageStud","true","true","false"
"1240","Workspace.SalvageWorld.Stages.1.Props.tree stump.Tree Stump.Tree Stump.Part","Part","-58.889, 2.418, -274.304","0.900, 0.200, 1.100","2.6493852138519287","Enum.Material.Plastic","SalvageStud","true","true","false"
"1241","Workspace.SalvageWorld.Stages.1.Props.tree stump.Tree Stump.Tree Stump.Part","Part","-59.002, 2.418, -117.677","0.900, 0.200, 1.100","2.6493852138519287","Enum.Material.Plastic","SalvageStud","true","true","false"
"1242","Workspace.SalvageWorld.Stages.1.Props.tree stump.Tree Stump.Tree Stump.Part","Part","-58.528, 2.350, -117.433","1.600, 0.200, 1.000","2.660039186477661","Enum.Material.Plastic","SalvageStud","true","true","false"
"1243","Workspace.SalvageWorld.Stages.1.Props.tree stump.Tree Stump.Tree Stump.Part","Part","-59.255, 2.350, -274.692","1.600, 0.200, 1.000","2.660039186477661","Enum.Material.Plastic","SalvageStud","true","true","false"
"1244","Workspace.SalvageWorld.Stages.1.Props.tree stump.Tree Stump.Tree Stump.Part","Part","-58.104, 1.984, -117.910","1.600, 0.200, 1.000","2.6600451469421387","Enum.Material.Plastic","SalvageStud","true","true","false"
"1245","Workspace.SalvageWorld.Stages.1.Props.tree stump.Tree Stump.Tree Stump.Part","Part","-59.814, 1.984, -274.385","1.600, 0.200, 1.000","2.6600451469421387","Enum.Material.Plastic","SalvageStud","true","true","false"
"1252","Workspace.SalvageWorld.Stages.1.Props.tree stump.Tree Stump.Tree Stump.Part","Part","-58.513, 2.347, -117.455","1.600, 0.200, 1.000","2.754051923751831","Enum.Material.Plastic","SalvageStud","true","true","false"
"1253","Workspace.SalvageWorld.Stages.1.Props.tree stump.Tree Stump.Tree Stump.Part","Part","-59.276, 2.347, -274.677","1.600, 0.200, 1.000","2.75405216217041","Enum.Material.Plastic","SalvageStud","true","true","false"
"1254","Workspace.SalvageWorld.Stages.1.Props.tree stump.Tree Stump.Tree Stump.Part","Part","-58.742, 2.225, -275.124","1.600, 0.200, 0.800","2.7540645599365234","Enum.Material.Plastic","SalvageStud","true","true","false"
"1255","Workspace.SalvageWorld.Stages.1.Props.tree stump.Tree Stump.Tree Stump.Part","Part","-58.867, 2.225, -116.854","1.600, 0.200, 0.800","2.7540645599365234","Enum.Material.Plastic","SalvageStud","true","true","false"
"1261","Workspace.SalvageWorld.Stages.9.Props.ufo.UFO.UFO.Body.Part","Part","-46.228, 2.238, -3076.425","6.000, 1.200, 1.000","2.8383562564849854","Enum.Material.Plastic","","false","false","true"
"1262","Workspace.SalvageWorld.Stages.9.Props.ufo.UFO.UFO.Body.Part","Part","-67.375, 2.238, -2849.943","6.000, 1.200, 1.000","2.8383562564849854","Enum.Material.Plastic","","false","false","true"
"1263","Workspace.SalvageWorld.Stages.9.Props.ufo.UFO.UFO.Body.Part","Part","54.645, 2.238, -2905.751","6.000, 1.200, 1.000","2.8383562564849854","Enum.Material.Plastic","","false","false","true"
"1264","Workspace.SalvageWorld.Stages.9.Props.ufo.UFO.UFO.Body.Wedge","WedgePart","-46.881, 2.238, -3079.863","1.200, 1.000, 1.000","2.8383731842041016","Enum.Material.Plastic","","false","false","false"
"1265","Workspace.SalvageWorld.Stages.9.Props.ufo.UFO.UFO.Body.Wedge","WedgePart","-70.051, 2.238, -2847.688","1.200, 1.000, 1.000","2.8383731842041016","Enum.Material.Plastic","","false","false","false"
"1266","Workspace.SalvageWorld.Stages.9.Props.ufo.UFO.UFO.Body.Wedge","WedgePart","57.943, 2.238, -2904.579","1.200, 1.000, 1.000","2.8383731842041016","Enum.Material.Plastic","","false","false","false"
"1267","Workspace.SalvageWorld.Stages.9.Props.ufo.UFO.UFO.Body.Part","Part","-54.995, 2.238, -3082.394","6.000, 1.200, 1.000","2.8383755683898926","Enum.Material.Plastic","","false","false","true"
"1268","Workspace.SalvageWorld.Stages.9.Props.ufo.UFO.UFO.Body.Part","Part","-68.279, 2.238, -2839.375","6.000, 1.200, 1.000","2.8383755683898926","Enum.Material.Plastic","","false","false","true"
"1269","Workspace.SalvageWorld.Stages.9.Props.ufo.UFO.UFO.Body.Part","Part","64.224, 2.238, -2910.306","6.000, 1.200, 1.000","2.8383755683898926","Enum.Material.Plastic","","false","false","true"
"1270","Workspace.SalvageWorld.Stages.9.Props.ufo.UFO.UFO.Body.Wedge","WedgePart","-50.388, 2.238, -3082.251","1.200, 1.000, 1.000","2.838376522064209","Enum.Material.Plastic","","false","false","false"
"1271","Workspace.SalvageWorld.Stages.9.Props.ufo.UFO.UFO.Body.Wedge","WedgePart","-70.413, 2.238, -2843.461","1.200, 1.000, 1.000","2.838376522064209","Enum.Material.Plastic","","false","false","false"
"1272","Workspace.SalvageWorld.Stages.9.Props.ufo.UFO.UFO.Body.Wedge","WedgePart","61.775, 2.238, -2906.401","1.200, 1.000, 1.000","2.838376522064209","Enum.Material.Plastic","","false","false","false"
"1273","Workspace.SalvageWorld.Stages.9.Props.ufo.UFO.UFO.Body.Wedge","WedgePart","-48.050, 2.238, -3080.659","1.200, 1.000, 1.000","2.8383772373199463","Enum.Material.Plastic","","false","false","false"
"1274","Workspace.SalvageWorld.Stages.9.Props.ufo.UFO.UFO.Body.Wedge","WedgePart","-70.172, 2.238, -2846.279","1.200, 1.000, 1.000","2.8383772373199463","Enum.Material.Plastic","","false","false","false"
"1275","Workspace.SalvageWorld.Stages.9.Props.ufo.UFO.UFO.Body.Wedge","WedgePart","59.220, 2.238, -2905.186","1.200, 1.000, 1.000","2.8383772373199463","Enum.Material.Plastic","","false","false","false"
"1276","Workspace.SalvageWorld.Stages.9.Props.ufo.UFO.UFO.Body.Wedge","WedgePart","-45.576, 2.238, -3072.986","1.200, 1.000, 1.000","2.8383777141571045","Enum.Material.Plastic","","false","false","false"
"1277","Workspace.SalvageWorld.Stages.9.Props.ufo.UFO.UFO.Body.Wedge","WedgePart","-64.698, 2.238, -2852.197","1.200, 1.000, 1.000","2.8383777141571045","Enum.Material.Plastic","","false","false","false"
"1278","Workspace.SalvageWorld.Stages.9.Props.ufo.UFO.UFO.Body.Wedge","WedgePart","51.348, 2.238, -2906.924","1.200, 1.000, 1.000","2.8383777141571045","Enum.Material.Plastic","","false","false","false"
"1279","Workspace.SalvageWorld.Stages.9.Props.ufo.UFO.UFO.Body.Wedge","WedgePart","-51.557, 2.238, -3083.047","1.200, 1.000, 1.000","2.838378429412842","Enum.Material.Plastic","","false","false","false"
"1280","Workspace.SalvageWorld.Stages.9.Props.ufo.UFO.UFO.Body.Wedge","WedgePart","-70.534, 2.238, -2842.052","1.200, 1.000, 1.000","2.838378429412842","Enum.Material.Plastic","","false","false","false"
"1281","Workspace.SalvageWorld.Stages.9.Props.ufo.UFO.UFO.Body.Wedge","WedgePart","63.052, 2.238, -2907.008","1.200, 1.000, 1.000","2.838378429412842","Enum.Material.Plastic","","false","false","false"
"1282","Workspace.SalvageWorld.Stages.9.Props.ufo.UFO.UFO.Body.Part","Part","-48.193, 2.238, -3076.052","10.000, 1.200, 1.000","2.838380813598633","Enum.Material.Plastic","","false","false","true"
"1283","Workspace.SalvageWorld.Stages.9.Props.ufo.UFO.UFO.Body.Part","Part","-66.086, 2.238, -2848.413","10.000, 1.200, 1.000","2.838380813598633","Enum.Material.Plastic","","false","false","true"
"1284","Workspace.SalvageWorld.Stages.9.Props.ufo.UFO.UFO.Body.Part","Part","55.315, 2.238, -2907.636","10.000, 1.200, 1.000","2.838380813598633","Enum.Material.Plastic","","false","false","true"
"1285","Workspace.SalvageWorld.Stages.9.Props.ufo.UFO.UFO.Body.Wedge","WedgePart","-49.219, 2.238, -3081.455","1.200, 1.000, 1.000","2.838380813598633","Enum.Material.Plastic","","false","false","false"
"1286","Workspace.SalvageWorld.Stages.9.Props.ufo.UFO.UFO.Body.Wedge","WedgePart","-70.293, 2.238, -2844.870","1.200, 1.000, 1.000","2.838380813598633","Enum.Material.Plastic","","false","false","false"
"1287","Workspace.SalvageWorld.Stages.9.Props.ufo.UFO.UFO.Body.Wedge","WedgePart","60.497, 2.238, -2905.794","1.200, 1.000, 1.000","2.838380813598633","Enum.Material.Plastic","","false","false","false"
"1288","Workspace.SalvageWorld.Stages.9.Props.ufo.UFO.UFO.Body.Part","Part","-47.211, 2.238, -3076.238","8.000, 1.200, 1.000","2.8383820056915283","Enum.Material.Plastic","","false","false","true"
"1289","Workspace.SalvageWorld.Stages.9.Props.ufo.UFO.UFO.Body.Part","Part","-66.730, 2.238, -2849.178","8.000, 1.200, 1.000","2.8383820056915283","Enum.Material.Plastic","","false","false","true"
"1290","Workspace.SalvageWorld.Stages.9.Props.ufo.UFO.UFO.Body.Part","Part","54.980, 2.238, -2906.694","8.000, 1.200, 1.000","2.8383820056915283","Enum.Material.Plastic","","false","false","true"
"1291","Workspace.SalvageWorld.Stages.9.Props.ufo.UFO.UFO.Body.Wedge","WedgePart","-46.372, 2.238, -3071.817","1.200, 1.000, 1.000","2.8383822441101074","Enum.Material.Plastic","","false","false","false"
"1292","Workspace.SalvageWorld.Stages.9.Props.ufo.UFO.UFO.Body.Wedge","WedgePart","-63.289, 2.238, -2852.077","1.200, 1.000, 1.000","2.8383822441101074","Enum.Material.Plastic","","false","false","false"
"1293","Workspace.SalvageWorld.Stages.9.Props.ufo.UFO.UFO.Body.Wedge","WedgePart","50.740, 2.238, -2908.201","1.200, 1.000, 1.000","2.8383822441101074","Enum.Material.Plastic","","false","false","false"
"1294","Workspace.SalvageWorld.Stages.9.Props.ufo.UFO.UFO.Body.Wedge","WedgePart","-47.964, 2.238, -3069.479","1.200, 1.000, 1.000","2.8383889198303223","Enum.Material.Plastic","","false","false","false"
"1295","Workspace.SalvageWorld.Stages.9.Props.ufo.UFO.UFO.Body.Wedge","WedgePart","-60.471, 2.238, -2851.835","1.200, 1.000, 1.000","2.8383889198303223","Enum.Material.Plastic","","false","false","false"
"1296","Workspace.SalvageWorld.Stages.9.Props.ufo.UFO.UFO.Body.Wedge","WedgePart","49.526, 2.238, -2910.755","1.200, 1.000, 1.000","2.8383889198303223","Enum.Material.Plastic","","false","false","false"
"1297","Workspace.SalvageWorld.Stages.9.Props.ufo.UFO.UFO.Body.Wedge","WedgePart","-47.168, 2.238, -3070.648","1.200, 1.000, 1.000","2.8383915424346924","Enum.Material.Plastic","","false","false","false"
"1298","Workspace.SalvageWorld.Stages.9.Props.ufo.UFO.UFO.Body.Wedge","WedgePart","-61.880, 2.238, -2851.956","1.200, 1.000, 1.000","2.8383915424346924","Enum.Material.Plastic","","false","false","false"
"1299","Workspace.SalvageWorld.Stages.9.Props.ufo.UFO.UFO.Body.Wedge","WedgePart","50.133, 2.238, -2909.478","1.200, 1.000, 1.000","2.8383915424346924","Enum.Material.Plastic","","false","false","false"
"1300","Workspace.SalvageWorld.Stages.9.Props.ufo.UFO.UFO.Body.Wedge","WedgePart","-48.759, 2.238, -3068.310","1.200, 1.000, 1.000","2.8383984565734863","Enum.Material.Plastic","","false","false","false"
"1301","Workspace.SalvageWorld.Stages.9.Props.ufo.UFO.UFO.Body.Wedge","WedgePart","-59.062, 2.238, -2851.715","1.200, 1.000, 1.000","2.8383984565734863","Enum.Material.Plastic","","false","false","false"
"1302","Workspace.SalvageWorld.Stages.9.Props.ufo.UFO.UFO.Body.Wedge","WedgePart","48.919, 2.238, -2912.033","1.200, 1.000, 1.000","2.8383984565734863","Enum.Material.Plastic","","false","false","false"
"1304","Workspace.SalvageWorld.Stages.9.Props.ufo.UFO.UFO.Body.Wedge","WedgePart","-66.025, 2.238, -2836.698","1.200, 1.000, 1.000","2.838400363922119","Enum.Material.Plastic","","false","false","false"
"1305","Workspace.SalvageWorld.Stages.9.Props.ufo.UFO.UFO.Body.Wedge","WedgePart","65.397, 2.238, -2913.603","1.200, 1.000, 1.000","2.838400363922119","Enum.Material.Plastic","","false","false","false"
"1306","Workspace.SalvageWorld.Stages.9.Props.ufo.UFO.UFO.Body.Part","Part","-54.623, 2.238, -3080.429","10.000, 1.200, 1.000","2.8384008407592773","Enum.Material.Plastic","","false","false","true"
"1307","Workspace.SalvageWorld.Stages.9.Props.ufo.UFO.UFO.Body.Part","Part","-66.749, 2.238, -2840.663","10.000, 1.200, 1.000","2.8384008407592773","Enum.Material.Plastic","","false","false","true"
"1308","Workspace.SalvageWorld.Stages.9.Props.ufo.UFO.UFO.Body.Part","Part","62.340, 2.238, -2910.976","10.000, 1.200, 1.000","2.8384008407592773","Enum.Material.Plastic","","false","false","true"
"1309","Workspace.SalvageWorld.Stages.9.Props.ufo.UFO.UFO.Body.Part","Part","-54.809, 2.238, -3081.411","8.000, 1.200, 1.000","2.8384017944335938","Enum.Material.Plastic","","false","false","true"
"1310","Workspace.SalvageWorld.Stages.9.Props.ufo.UFO.UFO.Body.Part","Part","-67.514, 2.238, -2840.019","8.000, 1.200, 1.000","2.8384017944335938","Enum.Material.Plastic","","false","false","true"
"1311","Workspace.SalvageWorld.Stages.9.Props.ufo.UFO.UFO.Body.Part","Part","63.282, 2.238, -2910.641","8.000, 1.200, 1.000","2.8384017944335938","Enum.Material.Plastic","","false","false","true"
"1312","Workspace.SalvageWorld.Stages.9.Props.ufo.UFO.UFO.Body.Part","Part","-52.571, 2.238, -3069.622","10.000, 1.200, 1.000","2.838402271270752","Enum.Material.Plastic","","false","false","true"
"1313","Workspace.SalvageWorld.Stages.9.Props.ufo.UFO.UFO.Body.Part","Part","-58.336, 2.238, -2847.750","10.000, 1.200, 1.000","2.838402271270752","Enum.Material.Plastic","","false","false","true"
"1314","Workspace.SalvageWorld.Stages.9.Props.ufo.UFO.UFO.Body.Part","Part","51.975, 2.238, -2914.660","10.000, 1.200, 1.000","2.838402271270752","Enum.Material.Plastic","","false","false","true"
"1315","Workspace.SalvageWorld.Stages.9.Props.ufo.UFO.UFO.Body.Wedge","WedgePart","-60.026, 2.238, -3079.403","1.200, 1.000, 1.000","2.8384063243865967","Enum.Material.Plastic","","false","false","false"
"1316","Workspace.SalvageWorld.Stages.9.Props.ufo.UFO.UFO.Body.Wedge","WedgePart","-63.206, 2.238, -2836.457","1.200, 1.000, 1.000","2.8384063243865967","Enum.Material.Plastic","","false","false","false"
"1317","Workspace.SalvageWorld.Stages.9.Props.ufo.UFO.UFO.Body.Wedge","WedgePart","64.182, 2.238, -2916.158","1.200, 1.000, 1.000","2.8384063243865967","Enum.Material.Plastic","","false","false","false"
"1318","Workspace.SalvageWorld.Stages.9.Props.ufo.UFO.UFO.Body.Part","Part","-59.000, 2.238, -2840.000","10.000, 1.200, 1.000","2.838407039642334","Enum.Material.Plastic","","false","false","true"
"1319","Workspace.SalvageWorld.Stages.9.Props.ufo.UFO.UFO.Body.Part","Part","-59.000, 2.238, -3074.000","10.000, 1.200, 1.000","2.838407039642334","Enum.Material.Plastic","","false","false","true"
"1320","Workspace.SalvageWorld.Stages.9.Props.ufo.UFO.UFO.Body.Part","Part","59.000, 2.238, -2918.000","10.000, 1.200, 1.000","2.838407039642334","Enum.Material.Plastic","","false","false","true"
"1321","Workspace.SalvageWorld.Stages.9.Props.ufo.UFO.UFO.Body.Wedge","WedgePart","-59.230, 2.238, -3080.572","1.200, 1.000, 1.000","2.838407516479492","Enum.Material.Plastic","","false","false","false"
"1322","Workspace.SalvageWorld.Stages.9.Props.ufo.UFO.UFO.Body.Wedge","WedgePart","-64.615, 2.238, -2836.577","1.200, 1.000, 1.000","2.838407516479492","Enum.Material.Plastic","","false","false","false"
"1323","Workspace.SalvageWorld.Stages.9.Props.ufo.UFO.UFO.Body.Wedge","WedgePart","64.789, 2.238, -2914.881","1.200, 1.000, 1.000","2.838407516479492","Enum.Material.Plastic","","false","false","false"
"1324","Workspace.SalvageWorld.Stages.9.Props.ufo.UFO.UFO.Body.Part","Part","-52.198, 2.238, -3067.657","6.000, 1.200, 1.000","2.838411808013916","Enum.Material.Plastic","","false","false","true"
"1325","Workspace.SalvageWorld.Stages.9.Props.ufo.UFO.UFO.Body.Part","Part","-56.807, 2.238, -2849.038","6.000, 1.200, 1.000","2.838411808013916","Enum.Material.Plastic","","false","false","true"
"1326","Workspace.SalvageWorld.Stages.9.Props.ufo.UFO.UFO.Body.Part","Part","50.091, 2.238, -2915.330","6.000, 1.200, 1.000","2.838411808013916","Enum.Material.Plastic","","false","false","true"
"1327","Workspace.SalvageWorld.Stages.9.Props.ufo.UFO.UFO.Body.Wedge","WedgePart","-60.822, 2.238, -3078.234","1.200, 1.000, 1.000","2.838413715362549","Enum.Material.Plastic","","false","false","false"
"1328","Workspace.SalvageWorld.Stages.9.Props.ufo.UFO.UFO.Body.Wedge","WedgePart","-61.798, 2.238, -2836.336","1.200, 1.000, 1.000","2.838413715362549","Enum.Material.Plastic","","false","false","false"
"1329","Workspace.SalvageWorld.Stages.9.Props.ufo.UFO.UFO.Body.Wedge","WedgePart","63.575, 2.238, -2917.435","1.200, 1.000, 1.000","2.838413715362549","Enum.Material.Plastic","","false","false","false"
"1330","Workspace.SalvageWorld.Stages.9.Props.ufo.UFO.UFO.Body.Part","Part","-52.385, 2.238, -3068.640","8.000, 1.200, 1.000","2.8384151458740234","Enum.Material.Plastic","","false","false","true"
"1331","Workspace.SalvageWorld.Stages.9.Props.ufo.UFO.UFO.Body.Part","Part","-57.572, 2.238, -2848.394","8.000, 1.200, 1.000","2.8384151458740234","Enum.Material.Plastic","","false","false","true"
"1332","Workspace.SalvageWorld.Stages.9.Props.ufo.UFO.UFO.Body.Part","Part","51.033, 2.238, -2914.995","8.000, 1.200, 1.000","2.8384151458740234","Enum.Material.Plastic","","false","false","true"
"1333","Workspace.SalvageWorld.Stages.9.Props.ufo.UFO.UFO.Body.Wedge","WedgePart","-60.389, 2.238, -2836.216","1.200, 1.000, 1.000","2.8384158611297607","Enum.Material.Plastic","","false","false","false"
"1335","Workspace.SalvageWorld.Stages.9.Props.ufo.UFO.UFO.Body.Wedge","WedgePart","62.968, 2.238, -2918.712","1.200, 1.000, 1.000","2.8384158611297607","Enum.Material.Plastic","","false","false","false"
"1336","Workspace.SalvageWorld.Stages.9.Props.ufo.UFO.UFO.Body.Part","Part","-58.356, 2.238, -2839.235","8.000, 1.200, 1.000","2.838416337966919","Enum.Material.Plastic","","false","false","true"
"1337","Workspace.SalvageWorld.Stages.9.Props.ufo.UFO.UFO.Body.Part","Part","-59.982, 2.238, -3073.813","8.000, 1.200, 1.000","2.838416337966919","Enum.Material.Plastic","","false","false","true"
"1338","Workspace.SalvageWorld.Stages.9.Props.ufo.UFO.UFO.Body.Part","Part","59.335, 2.238, -2918.942","8.000, 1.200, 1.000","2.838416337966919","Enum.Material.Plastic","","false","false","true"
"1339","Workspace.SalvageWorld.Stages.9.Props.ufo.UFO.UFO.Body.Wedge","WedgePart","-54.673, 2.238, -2844.952","1.200, 1.000, 1.000","2.838416576385498","Enum.Material.Plastic","","false","false","false"
"1340","Workspace.SalvageWorld.Stages.9.Props.ufo.UFO.UFO.Body.Wedge","WedgePart","-56.805, 2.238, -3067.801","1.200, 1.000, 1.000","2.838416576385498","Enum.Material.Plastic","","false","false","false"
"1341","Workspace.SalvageWorld.Stages.9.Props.ufo.UFO.UFO.Body.Wedge","WedgePart","52.541, 2.238, -2919.235","1.200, 1.000, 1.000","2.838416576385498","Enum.Material.Plastic","","false","false","false"
"1342","Workspace.SalvageWorld.Stages.9.Props.ufo.UFO.UFO.Body.Wedge","WedgePart","-54.552, 2.238, -2846.361","1.200, 1.000, 1.000","2.8384199142456055","Enum.Material.Plastic","","false","false","false"
"1343","Workspace.SalvageWorld.Stages.9.Props.ufo.UFO.UFO.Body.Wedge","WedgePart","-55.636, 2.238, -3067.005","1.200, 1.000, 1.000","2.8384199142456055","Enum.Material.Plastic","","false","false","false"
"1344","Workspace.SalvageWorld.Stages.9.Props.ufo.UFO.UFO.Body.Wedge","WedgePart","51.264, 2.238, -2918.628","1.200, 1.000, 1.000","2.8384199142456055","Enum.Material.Plastic","","false","false","false"
"1345","Workspace.SalvageWorld.Stages.9.Props.ufo.UFO.UFO.Body.Part","Part","-57.712, 2.238, -2838.470","6.000, 1.200, 1.000","2.8384201526641846","Enum.Material.Plastic","","false","false","true"
"1346","Workspace.SalvageWorld.Stages.9.Props.ufo.UFO.UFO.Body.Part","Part","-60.965, 2.238, -3073.627","6.000, 1.200, 1.000","2.8384201526641846","Enum.Material.Plastic","","false","false","true"
"1347","Workspace.SalvageWorld.Stages.9.Props.ufo.UFO.UFO.Body.Part","Part","59.670, 2.238, -2919.885","6.000, 1.200, 1.000","2.8384201526641846","Enum.Material.Plastic","","false","false","true"
"1348","Workspace.SalvageWorld.Stages.9.Props.ufo.UFO.UFO.Body.Wedge","WedgePart","-54.794, 2.238, -2843.543","1.200, 1.000, 1.000","2.83842134475708","Enum.Material.Plastic","","false","false","false"
"1349","Workspace.SalvageWorld.Stages.9.Props.ufo.UFO.UFO.Body.Wedge","WedgePart","-57.974, 2.238, -3068.597","1.200, 1.000, 1.000","2.83842134475708","Enum.Material.Plastic","","false","false","false"
"1350","Workspace.SalvageWorld.Stages.9.Props.ufo.UFO.UFO.Body.Wedge","WedgePart","53.818, 2.238, -2919.842","1.200, 1.000, 1.000","2.83842134475708","Enum.Material.Plastic","","false","false","false"
"1351","Workspace.SalvageWorld.Stages.9.Props.ufo.UFO.UFO.Body.Wedge","WedgePart","-55.035, 2.238, -2840.725","1.200, 1.000, 1.000","2.8384242057800293","Enum.Material.Plastic","","false","false","false"
"1352","Workspace.SalvageWorld.Stages.9.Props.ufo.UFO.UFO.Body.Wedge","WedgePart","-60.312, 2.238, -3070.188","1.200, 1.000, 1.000","2.8384242057800293","Enum.Material.Plastic","","false","false","false"
"1353","Workspace.SalvageWorld.Stages.9.Props.ufo.UFO.UFO.Body.Wedge","WedgePart","56.372, 2.238, -2921.057","1.200, 1.000, 1.000","2.8384242057800293","Enum.Material.Plastic","","false","false","false"
"1354","Workspace.SalvageWorld.Stages.9.Props.ufo.UFO.UFO.Body.Wedge","WedgePart","-54.914, 2.238, -2842.134","1.200, 1.000, 1.000","2.8384273052215576","Enum.Material.Plastic","","false","false","false"
"1355","Workspace.SalvageWorld.Stages.9.Props.ufo.UFO.UFO.Body.Wedge","WedgePart","-59.143, 2.238, -3069.393","1.200, 1.000, 1.000","2.8384273052215576","Enum.Material.Plastic","","false","false","false"
"1356","Workspace.SalvageWorld.Stages.9.Props.ufo.UFO.UFO.Body.Wedge","WedgePart","55.095, 2.238, -2920.449","1.200, 1.000, 1.000","2.8384273052215576","Enum.Material.Plastic","","false","false","false"
"1357","Workspace.SalvageWorld.Stages.3.Props.washing machine.Washing Machine.Wash Machine By StarModelX.Union","UnionOperation","-58.302, 2.652, -893.965","0.167, 0.443, 0.453","2.8732705116271973","Enum.Material.SmoothPlastic","","false","true","false"
"1358","Workspace.SalvageWorld.Stages.3.Props.washing machine.Washing Machine.Wash Machine By StarModelX.Union","UnionOperation","56.891, 2.652, -740.425","0.167, 0.443, 0.453","2.8732705116271973","Enum.Material.SmoothPlastic","","false","true","false"
"1359","Workspace.SalvageWorld.Stages.3.Props.washing machine.Washing Machine.Wash Machine By StarModelX.Union","UnionOperation","60.404, 2.652, -975.630","0.167, 0.443, 0.453","2.8732705116271973","Enum.Material.SmoothPlastic","","false","true","false"
"1363","Workspace.SalvageWorld.Stages.3.Props.washing machine.Washing Machine.Wash Machine By StarModelX.Part","Part","-58.344, 2.560, -894.158","1.430, 0.720, 0.230","2.9202795028686523","Enum.Material.Metal","","false","true","true"
"1364","Workspace.SalvageWorld.Stages.3.Props.washing machine.Washing Machine.Wash Machine By StarModelX.Part","Part","57.079, 2.560, -740.363","1.430, 0.720, 0.230","2.9202795028686523","Enum.Material.Metal","","false","true","true"
"1365","Workspace.SalvageWorld.Stages.3.Props.washing machine.Washing Machine.Wash Machine By StarModelX.Part","Part","60.259, 2.560, -975.496","1.430, 0.720, 0.230","2.9202795028686523","Enum.Material.Metal","","false","true","true"
"1366","Workspace.SalvageWorld.Stages.3.Props.washing machine.Washing Machine.Wash Machine By StarModelX.Union","UnionOperation","-59.605, 2.570, -893.668","1.170, 0.740, 0.230","2.9402780532836914","Enum.Material.Metal","","false","true","false"
"1367","Workspace.SalvageWorld.Stages.3.Props.washing machine.Washing Machine.Wash Machine By StarModelX.Union","UnionOperation","57.293, 2.570, -741.700","1.170, 0.740, 0.230","2.9402780532836914","Enum.Material.Metal","","false","true","false"
"1368","Workspace.SalvageWorld.Stages.3.Props.washing machine.Washing Machine.Wash Machine By StarModelX.Union","UnionOperation","61.319, 2.570, -974.655","1.170, 0.740, 0.230","2.9402780532836914","Enum.Material.Metal","","false","true","false"
"1369","Workspace.SalvageWorld.Stages.3.Props.washing machine.Washing Machine.Wash Machine By StarModelX.Union","UnionOperation","-59.000, 2.483, -896.000","4.040, 0.994, 4.110","2.9802796840667725","Enum.Material.Metal","","false","true","false"
"1370","Workspace.SalvageWorld.Stages.3.Props.washing machine.Washing Machine.Wash Machine By StarModelX.Union","UnionOperation","59.000, 2.483, -740.000","4.040, 0.994, 4.110","2.9802796840667725","Enum.Material.Metal","","false","true","false"
"1371","Workspace.SalvageWorld.Stages.3.Props.washing machine.Washing Machine.Wash Machine By StarModelX.Union","UnionOperation","59.000, 2.483, -974.000","4.040, 0.994, 4.110","2.9802796840667725","Enum.Material.Metal","","false","true","false"
"1372","Workspace.SalvageWorld.Stages.3.Props.washing machine.Washing Machine.Wash Machine By StarModelX.Union","UnionOperation","-59.000, 2.483, -896.000","4.040, 0.994, 4.110","2.9802820682525635","Enum.Material.Metal","","false","true","false"
"1373","Workspace.SalvageWorld.Stages.3.Props.washing machine.Washing Machine.Wash Machine By StarModelX.Union","UnionOperation","59.000, 2.483, -740.000","4.040, 0.994, 4.110","2.9802820682525635","Enum.Material.Metal","","false","true","false"
"1374","Workspace.SalvageWorld.Stages.3.Props.washing machine.Washing Machine.Wash Machine By StarModelX.Union","UnionOperation","59.000, 2.483, -974.000","4.040, 0.994, 4.110","2.9802820682525635","Enum.Material.Metal","","false","true","false"
"1375","Workspace.SalvageWorld.Stages.7.Props.computer desk.Desk and computer.Desk And Computer.Desk.Part","Part","-58.525, 1.080, -2214.860","0.200, 3.870, 3.920","3.014981746673584","Enum.Material.Wood","","false","true","true"
"1376","Workspace.SalvageWorld.Stages.7.Props.computer desk.Desk and computer.Desk And Computer.Desk.Part","Part","-59.030, 1.080, -2219.309","8.390, 3.870, 0.300","3.014981746673584","Enum.Material.Wood","","false","true","true"
"1377","Workspace.SalvageWorld.Stages.7.Props.computer desk.Desk and computer.Desk And Computer.Desk.Part","Part","-61.625, 1.080, -2220.160","4.260, 3.870, 3.920","3.014981746673584","Enum.Material.Wood","","false","true","true"
"1378","Workspace.SalvageWorld.Stages.7.Props.computer desk.Desk and computer.Desk And Computer.Desk.Part","Part","57.885, 1.080, -2295.313","8.390, 3.870, 0.300","3.014981746673584","Enum.Material.Wood","","false","true","true"
"1379","Workspace.SalvageWorld.Stages.7.Props.computer desk.Desk and computer.Desk And Computer.Desk.Part","Part","58.460, 1.080, -2292.644","4.260, 3.870, 3.920","3.014981746673584","Enum.Material.Wood","","false","true","true"
"1380","Workspace.SalvageWorld.Stages.7.Props.computer desk.Desk and computer.Desk And Computer.Desk.Part","Part","61.470, 1.080, -2297.995","0.200, 3.870, 3.920","3.014981746673584","Enum.Material.Wood","","false","true","true"
"1381","Workspace.SalvageWorld.Stages.7.Props.computer desk.Desk and computer.Desk And Computer.Desk.Part","Part","-59.581, 2.960, -2216.676","4.080, 0.110, 3.910","3.014983892440796","Enum.Material.Wood","","false","true","true"
"1382","Workspace.SalvageWorld.Stages.7.Props.computer desk.Desk and computer.Desk And Computer.Desk.Part","Part","60.436, 2.960, -2296.167","4.080, 0.110, 3.910","3.014983892440796","Enum.Material.Wood","","false","true","true"
"1383","Workspace.SalvageWorld.Stages.7.Props.computer desk.Desk and computer.Desk And Computer.Model.Part","Part","-57.803, 3.040, -2216.541","0.260, 0.050, 0.100","3.064988374710083","Enum.Material.Metal","","false","true","true"
"1384","Workspace.SalvageWorld.Stages.7.Props.computer desk.Desk and computer.Desk And Computer.Model.Part","Part","-57.824, 3.040, -2216.758","0.290, 0.050, 0.100","3.064988374710083","Enum.Material.Metal","","false","true","true"
"1385","Workspace.SalvageWorld.Stages.7.Props.computer desk.Desk and computer.Desk And Computer.Model.Part","Part","-57.882, 3.040, -2216.301","0.300, 0.050, 0.100","3.064988374710083","Enum.Material.Metal","","false","true","true"
"1386","Workspace.SalvageWorld.Stages.7.Props.computer desk.Desk and computer.Desk And Computer.Model.Part","Part","-58.058, 3.040, -2216.094","0.300, 0.050, 0.100","3.064988374710083","Enum.Material.Metal","","false","true","true"
"1387","Workspace.SalvageWorld.Stages.7.Props.computer desk.Desk and computer.Desk And Computer.Model.Part","Part","-58.652, 3.040, -2218.227","3.220, 0.050, 0.100","3.064988374710083","Enum.Material.Metal","","false","true","true"
"1388","Workspace.SalvageWorld.Stages.7.Props.computer desk.Desk and computer.Desk And Computer.Model.Part","Part","-58.758, 3.040, -2215.643","1.420, 0.050, 0.100","3.064988374710083","Enum.Material.Metal","","false","true","true"
"1390","Workspace.SalvageWorld.Stages.7.Props.computer desk.Desk and computer.Desk And Computer.Model.Part","Part","-60.849, 3.040, -2218.656","0.260, 0.050, 0.100","3.064988374710083","Enum.Material.Metal","","false","true","true"
"1392","Workspace.SalvageWorld.Stages.7.Props.computer desk.Desk and computer.Desk And Computer.Model.Part","Part","58.628, 3.040, -2296.186","3.220, 0.050, 0.100","3.064988374710083","Enum.Material.Metal","","false","true","true"
"1393","Workspace.SalvageWorld.Stages.7.Props.computer desk.Desk and computer.Desk And Computer.Model.Part","Part","59.367, 3.040, -2294.073","0.260, 0.050, 0.100","3.064988374710083","Enum.Material.Metal","","false","true","true"
"1394","Workspace.SalvageWorld.Stages.7.Props.computer desk.Desk and computer.Desk And Computer.Model.Part","Part","59.478, 3.040, -2297.642","0.290, 0.050, 0.100","3.064988374710083","Enum.Material.Metal","","false","true","true"
"1395","Workspace.SalvageWorld.Stages.7.Props.computer desk.Desk and computer.Desk And Computer.Model.Part","Part","59.655, 3.040, -2297.770","0.260, 0.050, 0.100","3.064988374710083","Enum.Material.Metal","","false","true","true"
"1396","Workspace.SalvageWorld.Stages.7.Props.computer desk.Desk and computer.Desk And Computer.Model.Part","Part","59.903, 3.040, -2297.823","0.300, 0.050, 0.100","3.064988374710083","Enum.Material.Metal","","false","true","true"
"1397","Workspace.SalvageWorld.Stages.7.Props.computer desk.Desk and computer.Desk And Computer.Model.Part","Part","60.169, 3.040, -2297.775","0.300, 0.050, 0.100","3.064988374710083","Enum.Material.Metal","","false","true","true"
"1398","Workspace.SalvageWorld.Stages.7.Props.computer desk.Desk and computer.Desk And Computer.Model.Part","Part","60.913, 3.040, -2297.399","1.420, 0.050, 0.100","3.064988374710083","Enum.Material.Metal","","false","true","true"
"1399","Workspace.SalvageWorld.Stages.7.Props.computer desk.Desk and computer.Desk And Computer.Keyboard.wdwdawdawdawd","Part","-60.381, 3.025, -2217.152","2.890, 0.120, 1.130","3.084982395172119","Enum.Material.SmoothPlastic","","false","true","true"
"1400","Workspace.SalvageWorld.Stages.7.Props.computer desk.Desk and computer.Desk And Computer.Keyboard.wdwdawdawdawd","Part","60.429, 3.025, -2295.236","2.890, 0.120, 1.130","3.084982395172119","Enum.Material.SmoothPlastic","","false","true","true"
"1406","Workspace.SalvageWorld.Stages.7.Props.computer desk.Desk and computer.Desk And Computer.Keyboard.Part","Part","-59.300, 3.070, -2216.284","0.140, 0.050, 0.060","3.0949840545654297","Enum.Material.SmoothPlastic","","false","true","true"
"1407","Workspace.SalvageWorld.Stages.7.Props.computer desk.Desk and computer.Desk And Computer.Keyboard.Part","Part","-59.396, 3.070, -2216.448","0.140, 0.050, 0.060","3.0949840545654297","Enum.Material.SmoothPlastic","","false","true","true"
"1408","Workspace.SalvageWorld.Stages.7.Props.computer desk.Desk and computer.Desk And Computer.Keyboard.Part","Part","-59.433, 3.070, -2216.235","0.210, 0.050, 0.140","3.0949840545654297","Enum.Material.SmoothPlastic","","false","true","true"
"1409","Workspace.SalvageWorld.Stages.7.Props.computer desk.Desk and computer.Desk And Computer.Keyboard.Part","Part","-59.497, 3.070, -2216.621","0.140, 0.050, 0.060","3.0949840545654297","Enum.Material.SmoothPlastic","","false","true","true"
"1410","Workspace.SalvageWorld.Stages.7.Props.computer desk.Desk and computer.Desk And Computer.Keyboard.Part","Part","-59.552, 3.070, -2216.438","0.140, 0.050, 0.140","3.0949840545654297","Enum.Material.SmoothPlastic","","false","true","true"
"1411","Workspace.SalvageWorld.Stages.7.Props.computer desk.Desk and computer.Desk And Computer.Keyboard.Part","Part","-59.595, 3.070, -2216.105","0.170, 0.050, 0.150","3.0949840545654297","Enum.Material.SmoothPlastic","","false","true","true"
"1412","Workspace.SalvageWorld.Stages.7.Props.computer desk.Desk and computer.Desk And Computer.Keyboard.Part","Part","-59.598, 3.070, -2216.793","0.140, 0.050, 0.060","3.0949840545654297","Enum.Material.SmoothPlastic","","false","true","true"
"1413","Workspace.SalvageWorld.Stages.7.Props.computer desk.Desk and computer.Desk And Computer.Keyboard.Part","Part","-59.653, 3.070, -2216.610","0.140, 0.050, 0.140","3.0949840545654297","Enum.Material.SmoothPlastic","","false","true","true"
"1414","Workspace.SalvageWorld.Stages.7.Props.computer desk.Desk and computer.Desk And Computer.Keyboard.Part","Part","-59.664, 3.070, -2216.036","0.140, 0.050, 0.340","3.0949840545654297","Enum.Material.SmoothPlastic","","false","true","true"
"1415","Workspace.SalvageWorld.Stages.7.Props.computer desk.Desk and computer.Desk And Computer.Keyboard.Part","Part","-59.693, 3.070, -2216.957","0.140, 0.050, 0.060","3.0949840545654297","Enum.Material.SmoothPlastic","","false","true","true"
"1416","Workspace.SalvageWorld.Stages.7.Props.computer desk.Desk and computer.Desk And Computer.Keyboard.Part","Part","-59.699, 3.070, -2216.294","0.140, 0.050, 0.140","3.0949840545654297","Enum.Material.SmoothPlastic","","false","true","true"
"1417","Workspace.SalvageWorld.Stages.7.Props.computer desk.Desk and computer.Desk And Computer.Keyboard.Part","Part","-59.744, 3.070, -2216.766","0.140, 0.050, 0.140","3.0949840545654297","Enum.Material.SmoothPlastic","","false","true","true"
"1418","Workspace.SalvageWorld.Stages.7.Props.computer desk.Desk and computer.Desk And Computer.Keyboard.Part","Part","-59.794, 3.070, -2217.130","0.140, 0.050, 0.060","3.0949840545654297","Enum.Material.SmoothPlastic","","false","true","true"
"1419","Workspace.SalvageWorld.Stages.7.Props.computer desk.Desk and computer.Desk And Computer.Keyboard.Part","Part","-59.795, 3.070, -2216.458","0.140, 0.050, 0.140","3.0949840545654297","Enum.Material.SmoothPlastic","","false","true","true"
"1420","Workspace.SalvageWorld.Stages.7.Props.computer desk.Desk and computer.Desk And Computer.Keyboard.Part","Part","-59.840, 3.070, -2216.930","0.140, 0.050, 0.140","3.0949840545654297","Enum.Material.SmoothPlastic","","false","true","true"
"1421","Workspace.SalvageWorld.Stages.7.Props.computer desk.Desk and computer.Desk And Computer.Keyboard.Part","Part","-59.852, 3.070, -2216.158","0.140, 0.050, 0.140","3.0949840545654297","Enum.Material.SmoothPlastic","","false","true","true"
"1422","Workspace.SalvageWorld.Stages.7.Props.computer desk.Desk and computer.Desk And Computer.Keyboard.Part","Part","-59.896, 3.070, -2216.630","0.140, 0.050, 0.140","3.0949840545654297","Enum.Material.SmoothPlastic","","false","true","true"
"1423","Workspace.SalvageWorld.Stages.7.Props.computer desk.Desk and computer.Desk And Computer.Keyboard.Part","Part","-59.900, 3.070, -2217.311","0.140, 0.050, 0.060","3.0949840545654297","Enum.Material.SmoothPlastic","","false","true","true"
"1424","Workspace.SalvageWorld.Stages.7.Props.computer desk.Desk and computer.Desk And Computer.Keyboard.Part","Part","-59.941, 3.070, -2217.102","0.140, 0.050, 0.140","3.0949840545654297","Enum.Material.SmoothPlastic","","false","true","true"
"1425","Workspace.SalvageWorld.Stages.7.Props.computer desk.Desk and computer.Desk And Computer.Keyboard.Part","Part","-59.953, 3.070, -2216.331","0.140, 0.050, 0.140","3.0949840545654297","Enum.Material.SmoothPlastic","","false","true","true"
"1426","Workspace.SalvageWorld.Stages.7.Props.computer desk.Desk and computer.Desk And Computer.Keyboard.Part","Part","-59.997, 3.070, -2216.803","0.140, 0.050, 0.140","3.0949840545654297","Enum.Material.SmoothPlastic","","false","true","true"
"1427","Workspace.SalvageWorld.Stages.7.Props.computer desk.Desk and computer.Desk And Computer.Keyboard.Part","Part","-60.001, 3.070, -2217.484","0.140, 0.050, 0.060","3.0949840545654297","Enum.Material.SmoothPlastic","","false","true","true"
"1428","Workspace.SalvageWorld.Stages.7.Props.computer desk.Desk and computer.Desk And Computer.Keyboard.Part","Part","-60.013, 3.070, -2216.058","0.470, 0.050, 0.140","3.0949840545654297","Enum.Material.SmoothPlastic","","false","true","true"
"1429","Workspace.SalvageWorld.Stages.7.Props.computer desk.Desk and computer.Desk And Computer.Keyboard.Part","Part","-60.036, 3.070, -2217.266","0.140, 0.050, 0.140","3.0949840545654297","Enum.Material.SmoothPlastic","","false","true","true"
"1430","Workspace.SalvageWorld.Stages.7.Props.computer desk.Desk and computer.Desk And Computer.Keyboard.Part","Part","-60.049, 3.070, -2216.495","0.140, 0.050, 0.140","3.0949840545654297","Enum.Material.SmoothPlastic","","false","true","true"
"1431","Workspace.SalvageWorld.Stages.7.Props.computer desk.Desk and computer.Desk And Computer.Keyboard.Part","Part","-60.088, 3.070, -2216.958","0.140, 0.050, 0.140","3.0949840545654297","Enum.Material.SmoothPlastic","","false","true","true"
"1432","Workspace.SalvageWorld.Stages.7.Props.computer desk.Desk and computer.Desk And Computer.Keyboard.Part","Part","-60.102, 3.070, -2217.656","0.140, 0.050, 0.060","3.0949840545654297","Enum.Material.SmoothPlastic","","false","true","true"
"1433","Workspace.SalvageWorld.Stages.7.Props.computer desk.Desk and computer.Desk And Computer.Keyboard.Part","Part","-60.132, 3.070, -2217.430","0.140, 0.050, 0.140","3.0949840545654297","Enum.Material.SmoothPlastic","","false","true","true"
"1434","Workspace.SalvageWorld.Stages.7.Props.computer desk.Desk and computer.Desk And Computer.Keyboard.Part","Part","-60.144, 3.070, -2216.659","0.140, 0.050, 0.140","3.0949840545654297","Enum.Material.SmoothPlastic","","false","true","true"
"1435","Workspace.SalvageWorld.Stages.7.Props.computer desk.Desk and computer.Desk And Computer.Keyboard.Part","Part","-60.184, 3.070, -2217.122","0.140, 0.050, 0.140","3.0949840545654297","Enum.Material.SmoothPlastic","","false","true","true"
"1436","Workspace.SalvageWorld.Stages.7.Props.computer desk.Desk and computer.Desk And Computer.Keyboard.Part","Part","-60.192, 3.070, -2216.364","0.140, 0.050, 0.140","3.0949840545654297","Enum.Material.SmoothPlastic","","false","true","true"
"1437","Workspace.SalvageWorld.Stages.7.Props.computer desk.Desk and computer.Desk And Computer.Keyboard.Part","Part","-60.208, 3.070, -2217.838","0.140, 0.050, 0.060","3.0949840545654297","Enum.Material.SmoothPlastic","","false","true","true"
"1438","Workspace.SalvageWorld.Stages.7.Props.computer desk.Desk and computer.Desk And Computer.Keyboard.Part","Part","-60.233, 3.070, -2217.603","0.140, 0.050, 0.140","3.0949840545654297","Enum.Material.SmoothPlastic","","false","true","true"
"1439","Workspace.SalvageWorld.Stages.7.Props.computer desk.Desk and computer.Desk And Computer.Keyboard.Part","Part","-60.240, 3.070, -2216.823","0.140, 0.050, 0.140","3.0949840545654297","Enum.Material.SmoothPlastic","","false","true","true"
"1440","Workspace.SalvageWorld.Stages.7.Props.computer desk.Desk and computer.Desk And Computer.Keyboard.Part","Part","-60.285, 3.070, -2217.295","0.140, 0.050, 0.140","3.0949840545654297","Enum.Material.SmoothPlastic","","false","true","true"
"1441","Workspace.SalvageWorld.Stages.7.Props.computer desk.Desk and computer.Desk And Computer.Keyboard.Part","Part","-60.288, 3.070, -2216.528","0.140, 0.050, 0.140","3.0949840545654297","Enum.Material.SmoothPlastic","","false","true","true"
"1442","Workspace.SalvageWorld.Stages.7.Props.computer desk.Desk and computer.Desk And Computer.Keyboard.Part","Part","-60.309, 3.070, -2218.010","0.140, 0.050, 0.060","3.0949840545654297","Enum.Material.SmoothPlastic","","false","true","true"
"1443","Workspace.SalvageWorld.Stages.7.Props.computer desk.Desk and computer.Desk And Computer.Keyboard.Part","Part","-60.334, 3.070, -2217.776","0.140, 0.050, 0.140","3.0949840545654297","Enum.Material.SmoothPlastic","","false","true","true"
"1444","Workspace.SalvageWorld.Stages.7.Props.computer desk.Desk and computer.Desk And Computer.Keyboard.Part","Part","-60.336, 3.070, -2216.987","0.140, 0.050, 0.140","3.0949840545654297","Enum.Material.SmoothPlastic","","false","true","true"
"1445","Workspace.SalvageWorld.Stages.7.Props.computer desk.Desk and computer.Desk And Computer.Keyboard.Part","Part","-60.379, 3.070, -2216.684","0.140, 0.050, 0.140","3.0949840545654297","Enum.Material.SmoothPlastic","","false","true","true"
"1446","Workspace.SalvageWorld.Stages.7.Props.computer desk.Desk and computer.Desk And Computer.Keyboard.Part","Part","-60.386, 3.070, -2217.468","0.140, 0.050, 0.140","3.0949840545654297","Enum.Material.SmoothPlastic","","false","true","true"
"1447","Workspace.SalvageWorld.Stages.7.Props.computer desk.Desk and computer.Desk And Computer.Keyboard.Part","Part","-60.400, 3.070, -2218.166","0.140, 0.050, 0.060","3.0949840545654297","Enum.Material.SmoothPlastic","","false","true","true"
"1448","Workspace.SalvageWorld.Stages.7.Props.computer desk.Desk and computer.Desk And Computer.Keyboard.Part","Part","-60.425, 3.070, -2217.931","0.140, 0.050, 0.140","3.0949840545654297","Enum.Material.SmoothPlastic","","false","true","true"
"1449","Workspace.SalvageWorld.Stages.7.Props.computer desk.Desk and computer.Desk And Computer.Keyboard.Part","Part","-60.432, 3.070, -2217.151","0.140, 0.050, 0.140","3.0949840545654297","Enum.Material.SmoothPlastic","","false","true","true"
"1450","Workspace.SalvageWorld.Stages.7.Props.computer desk.Desk and computer.Desk And Computer.Keyboard.Part","Part","-60.447, 3.070, -2216.424","0.140, 0.050, 0.140","3.0949840545654297","Enum.Material.SmoothPlastic","","false","true","true"
"1451","Workspace.SalvageWorld.Stages.7.Props.computer desk.Desk and computer.Desk And Computer.Keyboard.Part","Part","-60.470, 3.070, -2216.839","0.140, 0.050, 0.140","3.0949840545654297","Enum.Material.SmoothPlastic","","false","true","true"
"1452","Workspace.SalvageWorld.Stages.7.Props.computer desk.Desk and computer.Desk And Computer.Keyboard.Part","Part","-60.477, 3.070, -2217.623","0.140, 0.050, 0.140","3.0949840545654297","Enum.Material.SmoothPlastic","","false","true","true"
"1453","Workspace.SalvageWorld.Stages.7.Props.computer desk.Desk and computer.Desk And Computer.Keyboard.Part","Part","-60.506, 3.070, -2218.347","0.140, 0.050, 0.060","3.0949840545654297","Enum.Material.SmoothPlastic","","false","true","true"
"1454","Workspace.SalvageWorld.Stages.7.Props.computer desk.Desk and computer.Desk And Computer.Keyboard.Part","Part","-60.521, 3.070, -2218.095","0.140, 0.050, 0.140","3.0949840545654297","Enum.Material.SmoothPlastic","","false","true","true"
"1455","Workspace.SalvageWorld.Stages.7.Props.computer desk.Desk and computer.Desk And Computer.Keyboard.Part","Part","-60.533, 3.070, -2217.323","0.140, 0.050, 0.140","3.0949840545654297","Enum.Material.SmoothPlastic","","false","true","true"
"1456","Workspace.SalvageWorld.Stages.7.Props.computer desk.Desk and computer.Desk And Computer.Keyboard.Part","Part","-60.561, 3.070, -2216.618","0.190, 0.050, 0.140","3.0949840545654297","Enum.Material.SmoothPlastic","","false","true","true"
"1457","Workspace.SalvageWorld.Stages.7.Props.computer desk.Desk and computer.Desk And Computer.Keyboard.Part","Part","-60.561, 3.070, -2216.994","0.140, 0.050, 0.140","3.0949840545654297","Enum.Material.SmoothPlastic","","false","true","true"
"1458","Workspace.SalvageWorld.Stages.7.Props.computer desk.Desk and computer.Desk And Computer.Keyboard.Part","Part","-60.573, 3.070, -2217.787","0.140, 0.050, 0.140","3.0949840545654297","Enum.Material.SmoothPlastic","","false","true","true"
"1459","Workspace.SalvageWorld.Stages.7.Props.computer desk.Desk and computer.Desk And Computer.Keyboard.Part","Part","-60.602, 3.070, -2218.511","0.140, 0.050, 0.060","3.0949840545654297","Enum.Material.SmoothPlastic","","false","true","true"
"1460","Workspace.SalvageWorld.Stages.7.Props.computer desk.Desk and computer.Desk And Computer.Keyboard.Part","Part","-60.622, 3.070, -2218.268","0.140, 0.050, 0.140","3.0949840545654297","Enum.Material.SmoothPlastic","","false","true","true"
"1461","Workspace.SalvageWorld.Stages.7.Props.computer desk.Desk and computer.Desk And Computer.Keyboard.Part","Part","-60.629, 3.070, -2217.488","0.140, 0.050, 0.140","3.0949840545654297","Enum.Material.SmoothPlastic","","false","true","true"
"1462","Workspace.SalvageWorld.Stages.7.Props.computer desk.Desk and computer.Desk And Computer.Keyboard.Part","Part","-60.657, 3.070, -2217.158","0.140, 0.050, 0.140","3.0949840545654297","Enum.Material.SmoothPlastic","","false","true","true"
"1463","Workspace.SalvageWorld.Stages.7.Props.computer desk.Desk and computer.Desk And Computer.Keyboard.Part","Part","-60.663, 3.070, -2217.942","0.140, 0.050, 0.140","3.0949840545654297","Enum.Material.SmoothPlastic","","false","true","true"
"1464","Workspace.SalvageWorld.Stages.7.Props.computer desk.Desk and computer.Desk And Computer.Keyboard.Part","Part","-60.718, 3.070, -2218.432","0.140, 0.050, 0.140","3.0949840545654297","Enum.Material.SmoothPlastic","","false","true","true"
"1465","Workspace.SalvageWorld.Stages.7.Props.computer desk.Desk and computer.Desk And Computer.Keyboard.Part","Part","-60.725, 3.070, -2217.651","0.140, 0.050, 0.140","3.0949840545654297","Enum.Material.SmoothPlastic","","false","true","true"
"1466","Workspace.SalvageWorld.Stages.7.Props.computer desk.Desk and computer.Desk And Computer.Keyboard.Part","Part","-60.748, 3.070, -2217.314","0.140, 0.050, 0.140","3.0949840545654297","Enum.Material.SmoothPlastic","","false","true","true"
"1467","Workspace.SalvageWorld.Stages.7.Props.computer desk.Desk and computer.Desk And Computer.Keyboard.Part","Part","-60.764, 3.070, -2218.115","0.140, 0.050, 0.140","3.0949840545654297","Enum.Material.SmoothPlastic","","false","true","true"
"1468","Workspace.SalvageWorld.Stages.7.Props.computer desk.Desk and computer.Desk And Computer.Keyboard.Part","Part","-60.826, 3.070, -2217.824","0.140, 0.050, 0.140","3.0949840545654297","Enum.Material.SmoothPlastic","","false","true","true"
"1469","Workspace.SalvageWorld.Stages.7.Props.computer desk.Desk and computer.Desk And Computer.Keyboard.Part","Part","-60.828, 3.070, -2217.075","0.770, 0.050, 0.140","3.0949840545654297","Enum.Material.SmoothPlastic","","false","true","true"
"1470","Workspace.SalvageWorld.Stages.7.Props.computer desk.Desk and computer.Desk And Computer.Keyboard.Part","Part","-60.839, 3.070, -2217.469","0.140, 0.050, 0.140","3.0949840545654297","Enum.Material.SmoothPlastic","","false","true","true"
"1471","Workspace.SalvageWorld.Stages.7.Props.computer desk.Desk and computer.Desk And Computer.Keyboard.Part","Part","-60.839, 3.070, -2217.469","0.140, 0.050, 0.140","3.0949840545654297","Enum.Material.SmoothPlastic","","false","true","true"
"1472","Workspace.SalvageWorld.Stages.7.Props.computer desk.Desk and computer.Desk And Computer.Keyboard.Part","Part","-60.878, 3.070, -2218.309","0.210, 0.050, 0.140","3.0949840545654297","Enum.Material.SmoothPlastic","","false","true","true"
"1473","Workspace.SalvageWorld.Stages.7.Props.computer desk.Desk and computer.Desk And Computer.Keyboard.Part","Part","-60.922, 3.070, -2217.988","0.140, 0.050, 0.140","3.0949840545654297","Enum.Material.SmoothPlastic","","false","true","true"
"1474","Workspace.SalvageWorld.Stages.7.Props.computer desk.Desk and computer.Desk And Computer.Keyboard.Part","Part","-60.929, 3.070, -2217.625","0.140, 0.050, 0.140","3.0949840545654297","Enum.Material.SmoothPlastic","","false","true","true"
"1475","Workspace.SalvageWorld.Stages.7.Props.computer desk.Desk and computer.Desk And Computer.Keyboard.Part","Part","-60.929, 3.070, -2217.625","0.140, 0.050, 0.140","3.0949840545654297","Enum.Material.SmoothPlastic","","false","true","true"
"1476","Workspace.SalvageWorld.Stages.7.Props.computer desk.Desk and computer.Desk And Computer.Keyboard.Part","Part","-61.025, 3.070, -2217.789","0.140, 0.050, 0.140","3.0949840545654297","Enum.Material.SmoothPlastic","","false","true","true"
"1477","Workspace.SalvageWorld.Stages.7.Props.computer desk.Desk and computer.Desk And Computer.Keyboard.Part","Part","-61.025, 3.070, -2217.789","0.140, 0.050, 0.140","3.0949840545654297","Enum.Material.SmoothPlastic","","false","true","true"
"1478","Workspace.SalvageWorld.Stages.7.Props.computer desk.Desk and computer.Desk And Computer.Keyboard.Part","Part","-61.043, 3.070, -2218.195","0.260, 0.050, 0.140","3.0949840545654297","Enum.Material.SmoothPlastic","","false","true","true"
"1479","Workspace.SalvageWorld.Stages.7.Props.computer desk.Desk and computer.Desk And Computer.Keyboard.Part","Part","-61.106, 3.070, -2217.550","0.190, 0.050, 0.140","3.0949840545654297","Enum.Material.SmoothPlastic","","false","true","true"
"1480","Workspace.SalvageWorld.Stages.7.Props.computer desk.Desk and computer.Desk And Computer.Keyboard.Part","Part","-61.116, 3.070, -2217.944","0.140, 0.050, 0.140","3.0949840545654297","Enum.Material.SmoothPlastic","","false","true","true"
"1481","Workspace.SalvageWorld.Stages.7.Props.computer desk.Desk and computer.Desk And Computer.Keyboard.Part","Part","-61.116, 3.070, -2217.944","0.140, 0.050, 0.140","3.0949840545654297","Enum.Material.SmoothPlastic","","false","true","true"
"1482","Workspace.SalvageWorld.Stages.7.Props.computer desk.Desk and computer.Desk And Computer.Keyboard.Part","Part","-61.210, 3.070, -2217.727","0.140, 0.050, 0.140","3.0949840545654297","Enum.Material.SmoothPlastic","","false","true","true"
"1483","Workspace.SalvageWorld.Stages.7.Props.computer desk.Desk and computer.Desk And Computer.Keyboard.Part","Part","-61.225, 3.070, -2218.130","0.190, 0.050, 0.140","3.0949840545654297","Enum.Material.SmoothPlastic","","false","true","true"
"1484","Workspace.SalvageWorld.Stages.7.Props.computer desk.Desk and computer.Desk And Computer.Keyboard.Part","Part","-61.305, 3.070, -2217.891","0.140, 0.050, 0.140","3.0949840545654297","Enum.Material.SmoothPlastic","","false","true","true"
"1485","Workspace.SalvageWorld.Stages.7.Props.computer desk.Desk and computer.Desk And Computer.Keyboard.Part","Part","-61.401, 3.070, -2218.055","0.140, 0.050, 0.140","3.0949840545654297","Enum.Material.SmoothPlastic","","false","true","true"
"1486","Workspace.SalvageWorld.Stages.7.Props.computer desk.Desk and computer.Desk And Computer.Keyboard.Part","Part","59.368, 3.070, -2294.359","0.140, 0.050, 0.060","3.0949840545654297","Enum.Material.SmoothPlastic","","false","true","true"
"1487","Workspace.SalvageWorld.Stages.7.Props.computer desk.Desk and computer.Desk And Computer.Keyboard.Part","Part","59.461, 3.070, -2294.525","0.140, 0.050, 0.060","3.0949840545654297","Enum.Material.SmoothPlastic","","false","true","true"
"1488","Workspace.SalvageWorld.Stages.7.Props.computer desk.Desk and computer.Desk And Computer.Keyboard.Part","Part","59.495, 3.070, -2294.299","0.140, 0.050, 0.140","3.0949840545654297","Enum.Material.SmoothPlastic","","false","true","true"
"1489","Workspace.SalvageWorld.Stages.7.Props.computer desk.Desk and computer.Desk And Computer.Keyboard.Part","Part","59.564, 3.070, -2294.708","0.140, 0.050, 0.060","3.0949840545654297","Enum.Material.SmoothPlastic","","false","true","true"
"1490","Workspace.SalvageWorld.Stages.7.Props.computer desk.Desk and computer.Desk And Computer.Keyboard.Part","Part","59.588, 3.070, -2294.465","0.140, 0.050, 0.140","3.0949840545654297","Enum.Material.SmoothPlastic","","false","true","true"
"1491","Workspace.SalvageWorld.Stages.7.Props.computer desk.Desk and computer.Desk And Computer.Keyboard.Part","Part","59.652, 3.070, -2294.865","0.140, 0.050, 0.060","3.0949840545654297","Enum.Material.SmoothPlastic","","false","true","true"
"1492","Workspace.SalvageWorld.Stages.7.Props.computer desk.Desk and computer.Desk And Computer.Keyboard.Part","Part","59.681, 3.070, -2294.223","0.210, 0.050, 0.140","3.0949840545654297","Enum.Material.SmoothPlastic","","false","true","true"
"1493","Workspace.SalvageWorld.Stages.7.Props.computer desk.Desk and computer.Desk And Computer.Keyboard.Part","Part","59.686, 3.070, -2294.639","0.140, 0.050, 0.140","3.0949840545654297","Enum.Material.SmoothPlastic","","false","true","true"
"1494","Workspace.SalvageWorld.Stages.7.Props.computer desk.Desk and computer.Desk And Computer.Keyboard.Part","Part","59.750, 3.070, -2295.039","0.140, 0.050, 0.060","3.0949840545654297","Enum.Material.SmoothPlastic","","false","true","true"
"1495","Workspace.SalvageWorld.Stages.7.Props.computer desk.Desk and computer.Desk And Computer.Keyboard.Part","Part","59.779, 3.070, -2294.804","0.140, 0.050, 0.140","3.0949840545654297","Enum.Material.SmoothPlastic","","false","true","true"
"1496","Workspace.SalvageWorld.Stages.7.Props.computer desk.Desk and computer.Desk And Computer.Keyboard.Part","Part","59.792, 3.070, -2294.419","0.140, 0.050, 0.140","3.0949840545654297","Enum.Material.SmoothPlastic","","false","true","true"
"1497","Workspace.SalvageWorld.Stages.7.Props.computer desk.Desk and computer.Desk And Computer.Keyboard.Part","Part","59.853, 3.070, -2295.222","0.140, 0.050, 0.060","3.0949840545654297","Enum.Material.SmoothPlastic","","false","true","true"
"1498","Workspace.SalvageWorld.Stages.7.Props.computer desk.Desk and computer.Desk And Computer.Keyboard.Part","Part","59.863, 3.070, -2294.138","0.260, 0.050, 0.140","3.0949840545654297","Enum.Material.SmoothPlastic","","false","true","true"
"1499","Workspace.SalvageWorld.Stages.7.Props.computer desk.Desk and computer.Desk And Computer.Keyboard.Part","Part","59.867, 3.070, -2294.961","0.140, 0.050, 0.140","3.0949840545654297","Enum.Material.SmoothPlastic","","false","true","true"
"1500","Workspace.SalvageWorld.Stages.7.Props.computer desk.Desk and computer.Desk And Computer.Keyboard.Part","Part","59.890, 3.070, -2294.593","0.140, 0.050, 0.140","3.0949840545654297","Enum.Material.SmoothPlastic","","false","true","true"
"1501","Workspace.SalvageWorld.Stages.7.Props.computer desk.Desk and computer.Desk And Computer.Keyboard.Part","Part","59.951, 3.070, -2295.396","0.140, 0.050, 0.060","3.0949840545654297","Enum.Material.SmoothPlastic","","false","true","true"
"1502","Workspace.SalvageWorld.Stages.7.Props.computer desk.Desk and computer.Desk And Computer.Keyboard.Part","Part","59.965, 3.070, -2295.136","0.140, 0.050, 0.140","3.0949840545654297","Enum.Material.SmoothPlastic","","false","true","true"
"1503","Workspace.SalvageWorld.Stages.7.Props.computer desk.Desk and computer.Desk And Computer.Keyboard.Part","Part","59.978, 3.070, -2294.750","0.140, 0.050, 0.140","3.0949840545654297","Enum.Material.SmoothPlastic","","false","true","true"
"1504","Workspace.SalvageWorld.Stages.7.Props.computer desk.Desk and computer.Desk And Computer.Keyboard.Part","Part","59.981, 3.070, -2294.347","0.140, 0.050, 0.140","3.0949840545654297","Enum.Material.SmoothPlastic","","false","true","true"
"1505","Workspace.SalvageWorld.Stages.7.Props.computer desk.Desk and computer.Desk And Computer.Keyboard.Part","Part","60.011, 3.070, -2294.014","0.190, 0.050, 0.140","3.0949840545654297","Enum.Material.SmoothPlastic","","false","true","true"
"1506","Workspace.SalvageWorld.Stages.7.Props.computer desk.Desk and computer.Desk And Computer.Keyboard.Part","Part","60.049, 3.070, -2295.571","0.140, 0.050, 0.060","3.0949840545654297","Enum.Material.SmoothPlastic","","false","true","true"
"1507","Workspace.SalvageWorld.Stages.7.Props.computer desk.Desk and computer.Desk And Computer.Keyboard.Part","Part","60.063, 3.070, -2295.310","0.140, 0.050, 0.140","3.0949840545654297","Enum.Material.SmoothPlastic","","false","true","true"
"1508","Workspace.SalvageWorld.Stages.7.Props.computer desk.Desk and computer.Desk And Computer.Keyboard.Part","Part","60.071, 3.070, -2294.916","0.140, 0.050, 0.140","3.0949840545654297","Enum.Material.SmoothPlastic","","false","true","true"
"1509","Workspace.SalvageWorld.Stages.7.Props.computer desk.Desk and computer.Desk And Computer.Keyboard.Part","Part","60.074, 3.070, -2294.513","0.140, 0.050, 0.140","3.0949840545654297","Enum.Material.SmoothPlastic","","false","true","true"
"1510","Workspace.SalvageWorld.Stages.7.Props.computer desk.Desk and computer.Desk And Computer.Keyboard.Part","Part","60.117, 3.070, -2294.201","0.140, 0.050, 0.140","3.0949840545654297","Enum.Material.SmoothPlastic","","false","true","true"
"1511","Workspace.SalvageWorld.Stages.7.Props.computer desk.Desk and computer.Desk And Computer.Keyboard.Part","Part","60.117, 3.070, -2294.201","0.140, 0.050, 0.140","3.0949840545654297","Enum.Material.SmoothPlastic","","false","true","true"
"1512","Workspace.SalvageWorld.Stages.7.Props.computer desk.Desk and computer.Desk And Computer.Keyboard.Part","Part","60.152, 3.070, -2295.753","0.140, 0.050, 0.060","3.0949840545654297","Enum.Material.SmoothPlastic","","false","true","true"
"1513","Workspace.SalvageWorld.Stages.7.Props.computer desk.Desk and computer.Desk And Computer.Keyboard.Part","Part","60.156, 3.070, -2295.476","0.140, 0.050, 0.140","3.0949840545654297","Enum.Material.SmoothPlastic","","false","true","true"
"1514","Workspace.SalvageWorld.Stages.7.Props.computer desk.Desk and computer.Desk And Computer.Keyboard.Part","Part","60.159, 3.070, -2295.073","0.140, 0.050, 0.140","3.0949840545654297","Enum.Material.SmoothPlastic","","false","true","true"
"1515","Workspace.SalvageWorld.Stages.7.Props.computer desk.Desk and computer.Desk And Computer.Keyboard.Part","Part","60.165, 3.070, -2293.899","0.140, 0.050, 0.140","3.0949840545654297","Enum.Material.SmoothPlastic","","false","true","true"
"1516","Workspace.SalvageWorld.Stages.7.Props.computer desk.Desk and computer.Desk And Computer.Keyboard.Part","Part","60.172, 3.070, -2294.687","0.140, 0.050, 0.140","3.0949840545654297","Enum.Material.SmoothPlastic","","false","true","true"
"1517","Workspace.SalvageWorld.Stages.7.Props.computer desk.Desk and computer.Desk And Computer.Keyboard.Part","Part","60.205, 3.070, -2294.358","0.140, 0.050, 0.140","3.0949840545654297","Enum.Material.SmoothPlastic","","false","true","true"
"1518","Workspace.SalvageWorld.Stages.7.Props.computer desk.Desk and computer.Desk And Computer.Keyboard.Part","Part","60.205, 3.070, -2294.358","0.140, 0.050, 0.140","3.0949840545654297","Enum.Material.SmoothPlastic","","false","true","true"
"1519","Workspace.SalvageWorld.Stages.7.Props.computer desk.Desk and computer.Desk And Computer.Keyboard.Part","Part","60.250, 3.070, -2295.641","0.140, 0.050, 0.140","3.0949840545654297","Enum.Material.SmoothPlastic","","false","true","true"
"1520","Workspace.SalvageWorld.Stages.7.Props.computer desk.Desk and computer.Desk And Computer.Keyboard.Part","Part","60.250, 3.070, -2295.928","0.140, 0.050, 0.060","3.0949840545654297","Enum.Material.SmoothPlastic","","false","true","true"
"1521","Workspace.SalvageWorld.Stages.7.Props.computer desk.Desk and computer.Desk And Computer.Keyboard.Part","Part","60.257, 3.070, -2295.247","0.140, 0.050, 0.140","3.0949840545654297","Enum.Material.SmoothPlastic","","false","true","true"
"1522","Workspace.SalvageWorld.Stages.7.Props.computer desk.Desk and computer.Desk And Computer.Keyboard.Part","Part","60.258, 3.070, -2294.065","0.140, 0.050, 0.140","3.0949840545654297","Enum.Material.SmoothPlastic","","false","true","true"
"1523","Workspace.SalvageWorld.Stages.7.Props.computer desk.Desk and computer.Desk And Computer.Keyboard.Part","Part","60.265, 3.070, -2294.853","0.140, 0.050, 0.140","3.0949840545654297","Enum.Material.SmoothPlastic","","false","true","true"
"1524","Workspace.SalvageWorld.Stages.7.Props.computer desk.Desk and computer.Desk And Computer.Keyboard.Part","Part","60.298, 3.070, -2294.524","0.140, 0.050, 0.140","3.0949840545654297","Enum.Material.SmoothPlastic","","false","true","true"
"1525","Workspace.SalvageWorld.Stages.7.Props.computer desk.Desk and computer.Desk And Computer.Keyboard.Part","Part","60.298, 3.070, -2294.524","0.140, 0.050, 0.140","3.0949840545654297","Enum.Material.SmoothPlastic","","false","true","true"
"1526","Workspace.SalvageWorld.Stages.7.Props.computer desk.Desk and computer.Desk And Computer.Keyboard.Part","Part","60.343, 3.070, -2296.094","0.140, 0.050, 0.060","3.0949840545654297","Enum.Material.SmoothPlastic","","false","true","true"
"1527","Workspace.SalvageWorld.Stages.7.Props.computer desk.Desk and computer.Desk And Computer.Keyboard.Part","Part","60.348, 3.070, -2295.816","0.140, 0.050, 0.140","3.0949840545654297","Enum.Material.SmoothPlastic","","false","true","true"
"1528","Workspace.SalvageWorld.Stages.7.Props.computer desk.Desk and computer.Desk And Computer.Keyboard.Part","Part","60.351, 3.070, -2294.230","0.140, 0.050, 0.140","3.0949840545654297","Enum.Material.SmoothPlastic","","false","true","true"
"1529","Workspace.SalvageWorld.Stages.7.Props.computer desk.Desk and computer.Desk And Computer.Keyboard.Part","Part","60.355, 3.070, -2295.421","0.140, 0.050, 0.140","3.0949840545654297","Enum.Material.SmoothPlastic","","false","true","true"
"1530","Workspace.SalvageWorld.Stages.7.Props.computer desk.Desk and computer.Desk And Computer.Keyboard.Part","Part","60.358, 3.070, -2295.018","0.140, 0.050, 0.140","3.0949840545654297","Enum.Material.SmoothPlastic","","false","true","true"
"1531","Workspace.SalvageWorld.Stages.7.Props.computer desk.Desk and computer.Desk And Computer.Keyboard.Part","Part","60.386, 3.070, -2294.681","0.140, 0.050, 0.140","3.0949840545654297","Enum.Material.SmoothPlastic","","false","true","true"
"1532","Workspace.SalvageWorld.Stages.7.Props.computer desk.Desk and computer.Desk And Computer.Keyboard.Part","Part","60.386, 3.070, -2294.681","0.140, 0.050, 0.140","3.0949840545654297","Enum.Material.SmoothPlastic","","false","true","true"
"1533","Workspace.SalvageWorld.Stages.7.Props.computer desk.Desk and computer.Desk And Computer.Keyboard.Part","Part","60.441, 3.070, -2295.981","0.140, 0.050, 0.140","3.0949840545654297","Enum.Material.SmoothPlastic","","false","true","true"
"1534","Workspace.SalvageWorld.Stages.7.Props.computer desk.Desk and computer.Desk And Computer.Keyboard.Part","Part","60.441, 3.070, -2296.268","0.140, 0.050, 0.060","3.0949840545654297","Enum.Material.SmoothPlastic","","false","true","true"
"1535","Workspace.SalvageWorld.Stages.7.Props.computer desk.Desk and computer.Desk And Computer.Keyboard.Part","Part","60.448, 3.070, -2295.587","0.140, 0.050, 0.140","3.0949840545654297","Enum.Material.SmoothPlastic","","false","true","true"
"1536","Workspace.SalvageWorld.Stages.7.Props.computer desk.Desk and computer.Desk And Computer.Keyboard.Part","Part","60.451, 3.070, -2294.409","0.190, 0.050, 0.140","3.0949840545654297","Enum.Material.SmoothPlastic","","false","true","true"
"1537","Workspace.SalvageWorld.Stages.7.Props.computer desk.Desk and computer.Desk And Computer.Keyboard.Part","Part","60.456, 3.070, -2295.192","0.140, 0.050, 0.140","3.0949840545654297","Enum.Material.SmoothPlastic","","false","true","true"
"1538","Workspace.SalvageWorld.Stages.7.Props.computer desk.Desk and computer.Desk And Computer.Keyboard.Part","Part","60.475, 3.070, -2294.838","0.140, 0.050, 0.140","3.0949840545654297","Enum.Material.SmoothPlastic","","false","true","true"
"1539","Workspace.SalvageWorld.Stages.7.Props.computer desk.Desk and computer.Desk And Computer.Keyboard.Part","Part","60.529, 3.070, -2296.138","0.140, 0.050, 0.140","3.0949840545654297","Enum.Material.SmoothPlastic","","false","true","true"
"1540","Workspace.SalvageWorld.Stages.7.Props.computer desk.Desk and computer.Desk And Computer.Keyboard.Part","Part","60.537, 3.070, -2295.744","0.140, 0.050, 0.140","3.0949840545654297","Enum.Material.SmoothPlastic","","false","true","true"
"1541","Workspace.SalvageWorld.Stages.7.Props.computer desk.Desk and computer.Desk And Computer.Keyboard.Part","Part","60.539, 3.070, -2296.442","0.140, 0.050, 0.060","3.0949840545654297","Enum.Material.SmoothPlastic","","false","true","true"
"1542","Workspace.SalvageWorld.Stages.7.Props.computer desk.Desk and computer.Desk And Computer.Keyboard.Part","Part","60.549, 3.070, -2295.358","0.140, 0.050, 0.140","3.0949840545654297","Enum.Material.SmoothPlastic","","false","true","true"
"1543","Workspace.SalvageWorld.Stages.7.Props.computer desk.Desk and computer.Desk And Computer.Keyboard.Part","Part","60.563, 3.070, -2294.995","0.140, 0.050, 0.140","3.0949840545654297","Enum.Material.SmoothPlastic","","false","true","true"
"1544","Workspace.SalvageWorld.Stages.7.Props.computer desk.Desk and computer.Desk And Computer.Keyboard.Part","Part","60.627, 3.070, -2296.313","0.140, 0.050, 0.140","3.0949840545654297","Enum.Material.SmoothPlastic","","false","true","true"
"1545","Workspace.SalvageWorld.Stages.7.Props.computer desk.Desk and computer.Desk And Computer.Keyboard.Part","Part","60.633, 3.070, -2296.608","0.140, 0.050, 0.060","3.0949840545654297","Enum.Material.SmoothPlastic","","false","true","true"
"1546","Workspace.SalvageWorld.Stages.7.Props.computer desk.Desk and computer.Desk And Computer.Keyboard.Part","Part","60.635, 3.070, -2295.918","0.140, 0.050, 0.140","3.0949840545654297","Enum.Material.SmoothPlastic","","false","true","true"
"1547","Workspace.SalvageWorld.Stages.7.Props.computer desk.Desk and computer.Desk And Computer.Keyboard.Part","Part","60.642, 3.070, -2295.524","0.140, 0.050, 0.140","3.0949840545654297","Enum.Material.SmoothPlastic","","false","true","true"
"1548","Workspace.SalvageWorld.Stages.7.Props.computer desk.Desk and computer.Desk And Computer.Keyboard.Part","Part","60.656, 3.070, -2295.160","0.140, 0.050, 0.140","3.0949840545654297","Enum.Material.SmoothPlastic","","false","true","true"
"1549","Workspace.SalvageWorld.Stages.7.Props.computer desk.Desk and computer.Desk And Computer.Keyboard.Part","Part","60.721, 3.070, -2294.888","0.770, 0.050, 0.140","3.0949840545654297","Enum.Material.SmoothPlastic","","false","true","true"
"1550","Workspace.SalvageWorld.Stages.7.Props.computer desk.Desk and computer.Desk And Computer.Keyboard.Part","Part","60.733, 3.070, -2296.092","0.140, 0.050, 0.140","3.0949840545654297","Enum.Material.SmoothPlastic","","false","true","true"
"1551","Workspace.SalvageWorld.Stages.7.Props.computer desk.Desk and computer.Desk And Computer.Keyboard.Part","Part","60.736, 3.070, -2295.689","0.140, 0.050, 0.140","3.0949840545654297","Enum.Material.SmoothPlastic","","false","true","true"
"1552","Workspace.SalvageWorld.Stages.7.Props.computer desk.Desk and computer.Desk And Computer.Keyboard.Part","Part","60.742, 3.070, -2296.517","0.210, 0.050, 0.140","3.0949840545654297","Enum.Material.SmoothPlastic","","false","true","true"
"1553","Workspace.SalvageWorld.Stages.7.Props.computer desk.Desk and computer.Desk And Computer.Keyboard.Part","Part","60.744, 3.070, -2295.317","0.140, 0.050, 0.140","3.0949840545654297","Enum.Material.SmoothPlastic","","false","true","true"
"1554","Workspace.SalvageWorld.Stages.7.Props.computer desk.Desk and computer.Desk And Computer.Keyboard.Part","Part","60.826, 3.070, -2296.258","0.140, 0.050, 0.140","3.0949840545654297","Enum.Material.SmoothPlastic","","false","true","true"
"1555","Workspace.SalvageWorld.Stages.7.Props.computer desk.Desk and computer.Desk And Computer.Keyboard.Part","Part","60.829, 3.070, -2295.855","0.140, 0.050, 0.140","3.0949840545654297","Enum.Material.SmoothPlastic","","false","true","true"
"1556","Workspace.SalvageWorld.Stages.7.Props.computer desk.Desk and computer.Desk And Computer.Keyboard.Part","Part","60.832, 3.070, -2295.474","0.140, 0.050, 0.140","3.0949840545654297","Enum.Material.SmoothPlastic","","false","true","true"
"1557","Workspace.SalvageWorld.Stages.7.Props.computer desk.Desk and computer.Desk And Computer.Keyboard.Part","Part","60.921, 3.070, -2295.631","0.140, 0.050, 0.140","3.0949840545654297","Enum.Material.SmoothPlastic","","false","true","true"
"1558","Workspace.SalvageWorld.Stages.7.Props.computer desk.Desk and computer.Desk And Computer.Keyboard.Part","Part","60.922, 3.070, -2296.021","0.140, 0.050, 0.140","3.0949840545654297","Enum.Material.SmoothPlastic","","false","true","true"
"1559","Workspace.SalvageWorld.Stages.7.Props.computer desk.Desk and computer.Desk And Computer.Keyboard.Part","Part","60.936, 3.070, -2296.443","0.170, 0.050, 0.150","3.0949840545654297","Enum.Material.SmoothPlastic","","false","true","true"
"1560","Workspace.SalvageWorld.Stages.7.Props.computer desk.Desk and computer.Desk And Computer.Keyboard.Part","Part","60.981, 3.070, -2295.350","0.190, 0.050, 0.140","3.0949840545654297","Enum.Material.SmoothPlastic","","false","true","true"
"1561","Workspace.SalvageWorld.Stages.7.Props.computer desk.Desk and computer.Desk And Computer.Keyboard.Part","Part","61.014, 3.070, -2295.797","0.140, 0.050, 0.140","3.0949840545654297","Enum.Material.SmoothPlastic","","false","true","true"
"1562","Workspace.SalvageWorld.Stages.7.Props.computer desk.Desk and computer.Desk And Computer.Keyboard.Part","Part","61.020, 3.070, -2296.195","0.140, 0.050, 0.140","3.0949840545654297","Enum.Material.SmoothPlastic","","false","true","true"
"1563","Workspace.SalvageWorld.Stages.7.Props.computer desk.Desk and computer.Desk And Computer.Keyboard.Part","Part","61.031, 3.070, -2296.418","0.140, 0.050, 0.340","3.0949840545654297","Enum.Material.SmoothPlastic","","false","true","true"
"1564","Workspace.SalvageWorld.Stages.7.Props.computer desk.Desk and computer.Desk And Computer.Keyboard.Part","Part","61.091, 3.070, -2295.546","0.140, 0.050, 0.140","3.0949840545654297","Enum.Material.SmoothPlastic","","false","true","true"
"1565","Workspace.SalvageWorld.Stages.7.Props.computer desk.Desk and computer.Desk And Computer.Keyboard.Part","Part","61.188, 3.070, -2296.106","0.470, 0.050, 0.140","3.0949840545654297","Enum.Material.SmoothPlastic","","false","true","true"
"1566","Workspace.SalvageWorld.Stages.7.Props.computer desk.Desk and computer.Desk And Computer.Keyboard.Part","Part","-60.145, 3.070, -2215.790","0.180, 0.060, 0.050","3.0999841690063477","Enum.Material.SmoothPlastic","","false","true","true"
"1567","Workspace.SalvageWorld.Stages.7.Props.computer desk.Desk and computer.Desk And Computer.Keyboard.Part","Part","-60.183, 3.070, -2216.034","0.180, 0.060, 0.050","3.0999841690063477","Enum.Material.SmoothPlastic","","false","true","true"
"1568","Workspace.SalvageWorld.Stages.7.Props.computer desk.Desk and computer.Desk And Computer.Keyboard.Part","Part","-60.261, 3.070, -2215.988","0.180, 0.060, 0.050","3.0999841690063477","Enum.Material.SmoothPlastic","","false","true","true"
"1569","Workspace.SalvageWorld.Stages.7.Props.computer desk.Desk and computer.Desk And Computer.Keyboard.Part","Part","-60.382, 3.070, -2216.196","0.180, 0.060, 0.050","3.0999841690063477","Enum.Material.SmoothPlastic","","false","true","true"
"1570","Workspace.SalvageWorld.Stages.7.Props.computer desk.Desk and computer.Desk And Computer.Keyboard.Part","Part","61.255, 3.070, -2295.718","0.180, 0.060, 0.050","3.0999841690063477","Enum.Material.SmoothPlastic","","false","true","true"
"1571","Workspace.SalvageWorld.Stages.7.Props.computer desk.Desk and computer.Desk And Computer.Keyboard.Part","Part","61.295, 3.070, -2295.971","0.180, 0.060, 0.050","3.0999841690063477","Enum.Material.SmoothPlastic","","false","true","true"
"1572","Workspace.SalvageWorld.Stages.7.Props.computer desk.Desk and computer.Desk And Computer.Keyboard.Part","Part","61.373, 3.070, -2295.927","0.180, 0.060, 0.050","3.0999841690063477","Enum.Material.SmoothPlastic","","false","true","true"
"1573","Workspace.SalvageWorld.Stages.7.Props.computer desk.Desk and computer.Desk And Computer.Keyboard.Part","Part","61.486, 3.070, -2296.128","0.180, 0.060, 0.050","3.0999841690063477","Enum.Material.SmoothPlastic","","false","true","true"
"1574","Workspace.SalvageWorld.Stages.7.Props.computer desk.Desk and computer.Desk And Computer.Mouse.Part","Part","-59.574, 3.043, -2215.069","0.790, 0.257, 0.513","3.1716208457946777","Enum.Material.SmoothPlastic","","false","true","true"
"1575","Workspace.SalvageWorld.Stages.7.Props.computer desk.Desk and computer.Desk And Computer.Mouse.Part","Part","61.820, 3.043, -2296.984","0.790, 0.257, 0.513","3.1716208457946777","Enum.Material.SmoothPlastic","","false","true","true"
"1582","Workspace.SalvageWorld.Stages.6.Props.barbed wire.Barbed Wire.Barbed Wire.Extra Barbs","MeshPart","-58.930, 1.613, -1945.816","3.167, 3.167, 19.000","3.196005344390869","Enum.Material.Metal","","false","true","false"
"1583","Workspace.SalvageWorld.Stages.6.Props.barbed wire.Barbed Wire.Barbed Wire.Extra Barbs","MeshPart","-59.127, 1.613, -1790.150","3.167, 3.167, 19.000","3.196005344390869","Enum.Material.Metal","","false","true","false"
"1584","Workspace.SalvageWorld.Stages.6.Props.barbed wire.Barbed Wire.Barbed Wire.Main Wire","MeshPart","-58.930, 1.613, -1945.816","3.167, 3.167, 19.000","3.196005344390869","Enum.Material.Metal","","false","true","false"
"1585","Workspace.SalvageWorld.Stages.6.Props.barbed wire.Barbed Wire.Barbed Wire.Main Wire","MeshPart","-59.127, 1.613, -1790.150","3.167, 3.167, 19.000","3.196005344390869","Enum.Material.Metal","","false","true","false"
"1586","Workspace.SalvageWorld.Stages.7.Props.computer desk.Desk and computer.Desk And Computer.Mouse.Part","Part","-59.311, 3.173, -2215.219","0.226, 0.064, 0.064","3.2049849033355713","Enum.Material.SmoothPlastic","","false","true","true"
"1587","Workspace.SalvageWorld.Stages.7.Props.computer desk.Desk and computer.Desk And Computer.Mouse.Part","Part","61.558, 3.173, -2297.136","0.226, 0.064, 0.064","3.2049849033355713","Enum.Material.SmoothPlastic","","false","true","true"
"1588","Workspace.SalvageWorld.Stages.7.Props.computer desk.Desk and computer.Desk And Computer.Blue book.Part","Part","-61.483, 3.155, -2221.835","0.225, 0.065, 1.450","3.267864227294922","Enum.Material.SmoothPlastic","","false","true","false"
"1589","Workspace.SalvageWorld.Stages.7.Props.computer desk.Desk and computer.Desk And Computer.Blue book.Part","Part","56.943, 3.155, -2291.920","0.225, 0.065, 1.450","3.267864227294922","Enum.Material.SmoothPlastic","","false","true","false"
"1590","Workspace.SalvageWorld.Stages.7.Props.computer desk.Desk and computer.Desk And Computer.Blue book.Part","Part","-61.326, 3.155, -2221.322","1.088, 0.232, 1.360","3.271489143371582","Enum.Material.SmoothPlastic","","false","true","true"
"1591","Workspace.SalvageWorld.Stages.7.Props.computer desk.Desk and computer.Desk And Computer.Blue book.Part","Part","57.306, 3.155, -2292.315","1.088, 0.232, 1.360","3.271489143371582","Enum.Material.SmoothPlastic","","false","true","true"
"1594","Workspace.SalvageWorld.Stages.7.Props.computer desk.Desk and computer.Desk And Computer.Blue book.Part","Part","-61.341, 3.282, -2221.318","1.145, 0.065, 1.450","3.314988136291504","Enum.Material.SmoothPlastic","","false","true","true"
"1595","Workspace.SalvageWorld.Stages.7.Props.computer desk.Desk and computer.Desk And Computer.Blue book.Part","Part","57.318, 3.282, -2292.304","1.145, 0.065, 1.450","3.314988136291504","Enum.Material.SmoothPlastic","","false","true","true"
"1599","Workspace.SalvageWorld.Stages.5.Props.furnace.Furnace.Furnace.Part","Part","-60.598, 3.210, -1438.511","2.200, 0.500, 3.000","3.459939479827881","Enum.Material.Cobblestone","","false","true","true"
"1600","Workspace.SalvageWorld.Stages.5.Props.furnace.Furnace.Furnace.Part","Part","61.092, 3.210, -1517.373","2.200, 0.500, 3.000","3.459939479827881","Enum.Material.Cobblestone","","false","true","true"
"1603","Workspace.SalvageWorld.Stages.5.Props.furnace.Furnace.Furnace.Part","Part","-60.578, 1.560, -1440.816","5.200, 3.800, 0.500","3.4599416255950928","Enum.Material.Cobblestone","","false","true","true"
"1605","Workspace.SalvageWorld.Stages.5.Props.furnace.Furnace.Furnace.Part","Part","59.092, 1.560, -1516.226","5.200, 3.800, 0.500","3.4599416255950928","Enum.Material.Cobblestone","","false","true","true"
"1606","Workspace.SalvageWorld.Stages.5.Props.furnace.Furnace.Furnace.Part","Part","60.265, 1.560, -1519.524","5.200, 3.800, 0.500","3.4599416255950928","Enum.Material.Cobblestone","","false","true","true"
"1619","Workspace.SalvageWorld.Stages.7.Props.computer desk.Desk and computer.Desk And Computer.Yellow book.Part","Part","-61.633, 3.445, -2221.672","0.225, 0.065, 1.450","3.557861328125","Enum.Material.SmoothPlastic","","false","true","false"
"1620","Workspace.SalvageWorld.Stages.7.Props.computer desk.Desk and computer.Desk And Computer.Yellow book.Part","Part","57.159, 3.445, -2291.874","0.225, 0.065, 1.450","3.557861328125","Enum.Material.SmoothPlastic","","false","true","false"
"1621","Workspace.SalvageWorld.Stages.7.Props.computer desk.Desk and computer.Desk And Computer.Yellow book.Part","Part","-61.240, 3.445, -2221.307","1.088, 0.232, 1.360","3.5614826679229736","Enum.Material.SmoothPlastic","","false","true","true"
"1622","Workspace.SalvageWorld.Stages.7.Props.computer desk.Desk and computer.Desk And Computer.Yellow book.Part","Part","57.277, 3.445, -2292.397","1.088, 0.232, 1.360","3.5614826679229736","Enum.Material.SmoothPlastic","","false","true","true"
"1625","Workspace.SalvageWorld.Stages.7.Props.computer desk.Desk and computer.Desk And Computer.Yellow book.Part","Part","-61.251, 3.572, -2221.295","1.145, 0.065, 1.450","3.604987382888794","Enum.Material.SmoothPlastic","","false","true","true"
"1626","Workspace.SalvageWorld.Stages.7.Props.computer desk.Desk and computer.Desk And Computer.Yellow book.Part","Part","57.292, 3.572, -2292.393","1.145, 0.065, 1.450","3.604987382888794","Enum.Material.SmoothPlastic","","false","true","true"
"1632","Workspace.SalvageWorld.Stages.9.Props.spaceship wreck.Part","Part","-60.256, 1.797, -2993.622","10.973, 1.995, 4.988","3.644258499145508","Enum.Material.Metal","","false","true","false"
"1633","Workspace.SalvageWorld.Stages.9.Props.spaceship wreck.Part","Part","57.582, 1.797, -2842.285","10.973, 1.995, 4.988","3.644258499145508","Enum.Material.Metal","","false","true","false"
"1634","Workspace.SalvageWorld.Stages.9.Props.spaceship wreck.Part","Part","61.687, 1.797, -3074.116","10.973, 1.995, 4.988","3.644258499145508","Enum.Material.Metal","","false","true","false"
"1637","Workspace.SalvageWorld.Stages.9.Props.spaceship wreck.Part","Part","-63.049, 1.144, -2988.762","6.983, 1.995, 4.988","3.6867759227752686","Enum.Material.Metal","","false","true","false"
"1638","Workspace.SalvageWorld.Stages.9.Props.spaceship wreck.Part","Part","54.796, 1.144, -2847.149","6.983, 1.995, 4.988","3.6867759227752686","Enum.Material.Metal","","false","true","false"
"1639","Workspace.SalvageWorld.Stages.9.Props.spaceship wreck.Part","Part","67.292, 1.144, -3074.159","6.983, 1.995, 4.988","3.6867759227752686","Enum.Material.Metal","","false","true","false"
"1711","Workspace.SalvageWorld.Stages.3.Props.old fridge.Old Fridge Retro Kitchen Appliance Vintage.Fridge.Part","Part","-59.845, 2.747, -737.161","0.181, 0.204, 4.048","4.7712626457214355","Enum.Material.SmoothPlastic","","false","true","false"
"1712","Workspace.SalvageWorld.Stages.3.Props.old fridge.Old Fridge Retro Kitchen Appliance Vintage.Fridge.Part","Part","-61.060, 2.747, -976.128","0.181, 0.204, 4.048","4.7712626457214355","Enum.Material.SmoothPlastic","","false","true","false"
"1713","Workspace.SalvageWorld.Stages.3.Props.old fridge.Old Fridge Retro Kitchen Appliance Vintage.Fridge.Part","Part","61.877, 2.747, -818.704","0.181, 0.204, 4.048","4.7712626457214355","Enum.Material.SmoothPlastic","","false","true","false"
"1714","Workspace.SalvageWorld.Stages.3.Props.old fridge.Old Fridge Retro Kitchen Appliance Vintage.Fridge.Part","Part","-59.784, 4.703, -737.212","0.339, 0.204, 0.181","4.793756484985352","Enum.Material.SmoothPlastic","","false","true","false"
"1715","Workspace.SalvageWorld.Stages.3.Props.old fridge.Old Fridge Retro Kitchen Appliance Vintage.Fridge.Part","Part","-61.045, 4.703, -976.050","0.339, 0.204, 0.181","4.793756484985352","Enum.Material.SmoothPlastic","","false","true","false"
"1716","Workspace.SalvageWorld.Stages.3.Props.old fridge.Old Fridge Retro Kitchen Appliance Vintage.Fridge.Part","Part","61.802, 4.703, -818.730","0.339, 0.204, 0.181","4.793756484985352","Enum.Material.SmoothPlastic","","false","true","false"
"1781","Workspace.SalvageWorld.Stages.7.Props.computer desk.Desk and computer.Desk And Computer.Model.Part","Part","-59.011, 5.420, -2217.860","3.190, 0.090, 0.070","5.464990139007568","Enum.Material.Metal","","false","true","true"
"1782","Workspace.SalvageWorld.Stages.7.Props.computer desk.Desk and computer.Desk And Computer.Model.Part","Part","59.126, 5.420, -2296.061","3.190, 0.090, 0.070","5.464990139007568","Enum.Material.Metal","","false","true","true"
"1783","Workspace.SalvageWorld.Stages.7.Props.computer desk.Desk and computer.Desk And Computer.Model.Part","Part","-58.231, 4.595, -2216.527","0.100, 1.740, 0.070","5.464991092681885","Enum.Material.Metal","","false","true","true"
"1784","Workspace.SalvageWorld.Stages.7.Props.computer desk.Desk and computer.Desk And Computer.Model.Part","Part","-58.916, 4.595, -2217.916","3.190, 1.740, 0.190","5.464991092681885","Enum.Material.Metal","","false","true","true"
"1785","Workspace.SalvageWorld.Stages.7.Props.computer desk.Desk and computer.Desk And Computer.Model.Part","Part","-59.794, 4.595, -2219.198","0.090, 1.740, 0.070","5.464991092681885","Enum.Material.Metal","","false","true","true"
"1786","Workspace.SalvageWorld.Stages.7.Props.computer desk.Desk and computer.Desk And Computer.Model.Part","Part","58.366, 4.595, -2294.710","0.090, 1.740, 0.070","5.464991092681885","Enum.Material.Metal","","false","true","true"
"1787","Workspace.SalvageWorld.Stages.7.Props.computer desk.Desk and computer.Desk And Computer.Model.Part","Part","59.030, 4.595, -2296.115","3.190, 1.740, 0.190","5.464991092681885","Enum.Material.Metal","","false","true","true"
"1788","Workspace.SalvageWorld.Stages.7.Props.computer desk.Desk and computer.Desk And Computer.Model.Part","Part","59.884, 4.595, -2297.408","0.100, 1.740, 0.070","5.464991092681885","Enum.Material.Metal","","false","true","true"
"1789","Workspace.SalvageWorld.Stages.3.Props.old fridge.Old Fridge Retro Kitchen Appliance Vintage.Fridge.A nice round square.Cube","MeshPart","-59.000, 2.746, -740.000","4.452, 8.522, 5.447","5.46976375579834","Enum.Material.SmoothPlastic","","false","true","false"
"1790","Workspace.SalvageWorld.Stages.3.Props.old fridge.Old Fridge Retro Kitchen Appliance Vintage.Fridge.A nice round square.Cube","MeshPart","-59.000, 2.746, -974.000","4.452, 8.522, 5.447","5.46976375579834","Enum.Material.SmoothPlastic","","false","true","false"
"1791","Workspace.SalvageWorld.Stages.3.Props.old fridge.Old Fridge Retro Kitchen Appliance Vintage.Fridge.A nice round square.Cube","MeshPart","59.000, 2.746, -818.000","4.452, 8.522, 5.447","5.46976375579834","Enum.Material.SmoothPlastic","","false","true","false"
"1792","Workspace.SalvageWorld.Stages.6.Props.watchtower.Watchtower.Look-out tower.Part","Part","55.863, 5.195, -2022.677","0.485, 4.530, 0.485","5.487252235412598","Enum.Material.Wood","","false","true","false"
"1793","Workspace.SalvageWorld.Stages.6.Props.watchtower.Watchtower.Look-out tower.Part","Part","61.513, 5.195, -1870.297","0.485, 4.530, 0.485","5.487252235412598","Enum.Material.Wood","","false","true","false"
"1794","Workspace.SalvageWorld.Stages.3.Props.old fridge.Old Fridge Retro Kitchen Appliance Vintage.Fridge.A nice round square.Cube","MeshPart","-58.283, 2.746, -739.008","4.317, 0.111, 5.492","5.4923601150512695","Enum.Material.SmoothPlastic","","false","true","false"
"1795","Workspace.SalvageWorld.Stages.3.Props.old fridge.Old Fridge Retro Kitchen Appliance Vintage.Fridge.A nice round square.Cube","MeshPart","-60.216, 2.746, -973.861","4.317, 0.111, 5.492","5.4923601150512695","Enum.Material.SmoothPlastic","","false","true","false"
"1796","Workspace.SalvageWorld.Stages.3.Props.old fridge.Old Fridge Retro Kitchen Appliance Vintage.Fridge.A nice round square.Cube","MeshPart","59.494, 2.746, -819.120","4.317, 0.111, 5.492","5.4923601150512695","Enum.Material.SmoothPlastic","","false","true","false"
"1797","Workspace.SalvageWorld.Stages.6.Props.watchtower.Watchtower.Look-out tower.Part","Part","55.542, 4.737, -2025.444","0.485, 4.530, 0.485","5.493434906005859","Enum.Material.Wood","","false","true","false"
"1798","Workspace.SalvageWorld.Stages.6.Props.watchtower.Watchtower.Look-out tower.Part","Part","58.637, 4.737, -2022.924","0.485, 4.530, 0.485","5.493434906005859","Enum.Material.Wood","","false","true","false"
"1799","Workspace.SalvageWorld.Stages.6.Props.watchtower.Watchtower.Look-out tower.Part","Part","58.982, 4.737, -1869.135","0.485, 4.530, 0.485","5.493434906005859","Enum.Material.Wood","","false","true","false"
"1800","Workspace.SalvageWorld.Stages.6.Props.watchtower.Watchtower.Look-out tower.Part","Part","62.742, 4.737, -1867.798","0.485, 4.530, 0.485","5.493434906005859","Enum.Material.Wood","","false","true","false"
"1851","Workspace.SalvageWorld.Stages.6.Props.military tent.Military Tent.(Crate)097094096_Universal_Military/Army_Supplies_Tent.Rig.Support.Part_Size_19.29, 0.368, 0.368","Part","58.734, 6.620, -1785.089","14.102, 0.269, 0.269","6.838698387145996","Enum.Material.Wood","","false","true","false"
"1852","Workspace.SalvageWorld.Stages.6.Props.military tent.Military Tent.(Crate)097094096_Universal_Military/Army_Supplies_Tent.Rig.Support.Part_Size_19.29, 0.368, 0.368","Part","60.895, 6.620, -1950.538","14.102, 0.269, 0.269","6.838698387145996","Enum.Material.Wood","","false","true","false"
"1853","Workspace.SalvageWorld.Stages.6.Props.military tent.Military Tent.(Crate)097094096_Universal_Military/Army_Supplies_Tent.Rig.Support.Part_Size_12.624, 0.274, 0.274","Part","52.599, 2.320, -1786.118","9.129, 0.201, 0.201","6.884367942810059","Enum.Material.Wood","","false","true","false"
"1854","Workspace.SalvageWorld.Stages.6.Props.military tent.Military Tent.(Crate)097094096_Universal_Military/Army_Supplies_Tent.Rig.Support.Part_Size_12.624, 0.274, 0.274","Part","66.331, 2.320, -1947.514","9.129, 0.201, 0.201","6.884367942810059","Enum.Material.Wood","","false","true","false"
"1855","Workspace.SalvageWorld.Stages.6.Props.watchtower.Watchtower.Look-out tower.Part","Part","58.594, 5.661, -1868.942","5.037, 1.328, 0.493","6.884913921356201","Enum.Material.WoodPlanks","","false","true","false"
"1856","Workspace.SalvageWorld.Stages.6.Props.watchtower.Watchtower.Look-out tower.Part","Part","59.067, 5.661, -2022.977","5.037, 1.328, 0.493","6.884913921356201","Enum.Material.WoodPlanks","","false","true","false"
"1857","Workspace.SalvageWorld.Stages.6.Props.watchtower.Watchtower.Look-out tower.Part","Part","54.373, 6.192, -2023.894","1.441, 1.328, 0.493","6.89445686340332","Enum.Material.WoodPlanks","","false","true","false"
"1858","Workspace.SalvageWorld.Stages.6.Props.watchtower.Watchtower.Look-out tower.Part","Part","57.239, 6.192, -2021.561","1.441, 1.328, 0.493","6.89445686340332","Enum.Material.WoodPlanks","","false","true","false"
"1859","Workspace.SalvageWorld.Stages.6.Props.watchtower.Watchtower.Look-out tower.Part","Part","59.842, 6.192, -1870.888","1.441, 1.328, 0.493","6.89445686340332","Enum.Material.WoodPlanks","","false","true","false"
"1860","Workspace.SalvageWorld.Stages.6.Props.watchtower.Watchtower.Look-out tower.Part","Part","63.324, 6.192, -1869.650","1.441, 1.328, 0.493","6.89445686340332","Enum.Material.WoodPlanks","","false","true","false"
"1863","Workspace.SalvageWorld.Stages.6.Props.watchtower.Watchtower.Look-out tower.Part","Part","55.420, 5.667, -2025.911","5.091, 1.328, 0.493","6.8972930908203125","Enum.Material.WoodPlanks","","false","true","false"
"1864","Workspace.SalvageWorld.Stages.6.Props.watchtower.Watchtower.Look-out tower.Part","Part","63.014, 5.667, -1867.398","5.091, 1.328, 0.493","6.8972930908203125","Enum.Material.WoodPlanks","","false","true","false"
"1877","Workspace.SalvageWorld.Stages.6.Props.watchtower.Watchtower.Look-out tower.Part","Part","55.006, 6.271, -2023.403","1.509, 0.191, 0.493","7.061522006988525","Enum.Material.Wood","","false","true","false"
"1878","Workspace.SalvageWorld.Stages.6.Props.watchtower.Watchtower.Look-out tower.Part","Part","56.630, 6.271, -2022.081","1.509, 0.191, 0.493","7.061522006988525","Enum.Material.Wood","","false","true","false"
"1879","Workspace.SalvageWorld.Stages.6.Props.watchtower.Watchtower.Look-out tower.Part","Part","60.590, 6.271, -1870.602","1.509, 0.191, 0.493","7.061522006988525","Enum.Material.Wood","","false","true","false"
"1880","Workspace.SalvageWorld.Stages.6.Props.watchtower.Watchtower.Look-out tower.Part","Part","62.563, 6.271, -1869.901","1.509, 0.191, 0.493","7.061522006988525","Enum.Material.Wood","","false","true","false"
"1881","Workspace.SalvageWorld.Stages.6.Props.watchtower.Watchtower.Look-out tower.Part","Part","58.536, 6.394, -1868.779","5.037, 0.191, 0.493","7.06479024887085","Enum.Material.Wood","","false","true","false"
"1882","Workspace.SalvageWorld.Stages.6.Props.watchtower.Watchtower.Look-out tower.Part","Part","59.176, 6.394, -2023.111","5.037, 0.191, 0.493","7.06479024887085","Enum.Material.Wood","","false","true","false"
"1883","Workspace.SalvageWorld.Stages.6.Props.watchtower.Watchtower.Look-out tower.Part","Part","54.554, 6.925, -2023.969","1.626, 0.191, 0.493","7.074333190917969","Enum.Material.Wood","","false","true","false"
"1884","Workspace.SalvageWorld.Stages.6.Props.watchtower.Watchtower.Look-out tower.Part","Part","57.277, 6.925, -2021.753","1.626, 0.191, 0.493","7.074333190917969","Enum.Material.Wood","","false","true","false"
"1885","Workspace.SalvageWorld.Stages.6.Props.watchtower.Watchtower.Look-out tower.Part","Part","59.871, 6.925, -1870.694","1.626, 0.191, 0.493","7.074333190917969","Enum.Material.Wood","","false","true","false"
"1886","Workspace.SalvageWorld.Stages.6.Props.watchtower.Watchtower.Look-out tower.Part","Part","63.179, 6.925, -1869.518","1.626, 0.191, 0.493","7.074333190917969","Enum.Material.Wood","","false","true","false"
"1887","Workspace.SalvageWorld.Stages.6.Props.watchtower.Watchtower.Look-out tower.Part","Part","55.529, 6.400, -2026.046","5.091, 0.191, 0.493","7.077169418334961","Enum.Material.Wood","","false","true","false"
"1888","Workspace.SalvageWorld.Stages.6.Props.watchtower.Watchtower.Look-out tower.Part","Part","62.956, 6.400, -1867.235","5.091, 0.191, 0.493","7.077169418334961","Enum.Material.Wood","","false","true","false"
"1900","Workspace.SalvageWorld.Stages.7.Props.server rack.Realistic Server Rack.Realistic Server Rack.Server Glass","MeshPart","-58.166, 3.893, -2293.977","1.597, 7.151, 0.023","7.468137741088867","Enum.Material.Plastic","","false","true","false"
"1901","Workspace.SalvageWorld.Stages.7.Props.server rack.Realistic Server Rack.Realistic Server Rack.Server Glass","MeshPart","56.832, 3.893, -2140.302","1.597, 7.151, 0.023","7.468137741088867","Enum.Material.Plastic","","false","true","false"
"1902","Workspace.SalvageWorld.Stages.7.Props.server rack.Realistic Server Rack.Realistic Server Rack.Server Glass","MeshPart","60.326, 3.893, -2375.741","1.597, 7.151, 0.023","7.468137741088867","Enum.Material.Plastic","","false","true","false"
"1903","Workspace.SalvageWorld.Stages.7.Props.server rack.Realistic Server Rack.Realistic Server Rack.Server Case Door","MeshPart","-58.160, 3.892, -2293.961","2.088, 7.154, 0.056","7.46903133392334","Enum.Material.Plastic","","false","true","false"
"1904","Workspace.SalvageWorld.Stages.7.Props.server rack.Realistic Server Rack.Realistic Server Rack.Server Case Door","MeshPart","56.816, 3.892, -2140.304","2.088, 7.154, 0.056","7.46903133392334","Enum.Material.Plastic","","false","true","false"
"1905","Workspace.SalvageWorld.Stages.7.Props.server rack.Realistic Server Rack.Realistic Server Rack.Server Case Door","MeshPart","60.336, 3.892, -2375.754","2.088, 7.154, 0.056","7.46903133392334","Enum.Material.Plastic","","false","true","false"
"1909","Workspace.SalvageWorld.Stages.6.Props.military tent.Military Tent.(Crate)097094096_Universal_Military/Army_Supplies_Tent.Rig.HitBoxes.HitBox_Position_151.584, 13, 229.594","Part","52.404, 7.260, -1790.983","2.486, 0.877, 10.235","7.698284149169922","Enum.Material.Fabric","","false","false","true"
"1910","Workspace.SalvageWorld.Stages.6.Props.military tent.Military Tent.(Crate)097094096_Universal_Military/Army_Supplies_Tent.Rig.HitBoxes.HitBox_Position_151.584, 13, 229.594","Part","64.885, 7.260, -1942.864","2.486, 0.877, 10.235","7.698284149169922","Enum.Material.Fabric","","false","false","true"
"1911","Workspace.SalvageWorld.Stages.6.Props.military tent.Military Tent.(Crate)097094096_Universal_Military/Army_Supplies_Tent.Rig.HitBoxes.HitBox_Position_141.6, 13, 229.6","Part","58.521, 7.260, -1946.439","14.475, 0.877, 10.966","7.698325157165527","Enum.Material.Fabric","","false","false","true"
"1912","Workspace.SalvageWorld.Stages.6.Props.military tent.Military Tent.(Crate)097094096_Universal_Military/Army_Supplies_Tent.Rig.HitBoxes.HitBox_Position_141.6, 13, 229.6","Part","59.598, 7.260, -1789.747","14.475, 0.877, 10.966","7.698325157165527","Enum.Material.Fabric","","false","false","true"
"1931","Workspace.SalvageWorld.Stages.8.Props.containment tank.containment tank.Part","Part","-53.646, 5.400, -2494.510","1.000, 7.200, 6.000","8.999974250793457","Enum.Material.Plastic","","false","true","true"
"1934","Workspace.SalvageWorld.Stages.8.Props.containment tank.containment tank.Part","Part","-58.578, 5.400, -2494.932","8.000, 7.200, 1.000","8.999974250793457","Enum.Material.Plastic","","false","true","true"
"1935","Workspace.SalvageWorld.Stages.8.Props.containment tank.containment tank.Part","Part","-59.000, 5.400, -2490.000","1.000, 7.200, 6.000","8.999974250793457","Enum.Material.Plastic","","false","true","true"
"1937","Workspace.SalvageWorld.Stages.8.Props.containment tank.containment tank.Part","Part","52.404, 5.400, -2570.345","1.000, 7.200, 6.000","8.999974250793457","Enum.Material.Plastic","","false","true","true"
"1938","Workspace.SalvageWorld.Stages.8.Props.containment tank.containment tank.Part","Part","54.530, 5.400, -2565.875","8.000, 7.200, 1.000","8.999974250793457","Enum.Material.Plastic","","false","true","true"
"1939","Workspace.SalvageWorld.Stages.8.Props.containment tank.containment tank.Part","Part","59.000, 5.400, -2568.000","1.000, 7.200, 6.000","8.999974250793457","Enum.Material.Plastic","","false","true","true"
"1940","Workspace.SalvageWorld.Stages.8.Props.containment tank.containment tank.Part","Part","-54.068, 5.400, -2489.578","8.000, 7.200, 1.000","8.999975204467773","Enum.Material.Plastic","","false","true","true"
"1942","Workspace.SalvageWorld.Stages.8.Props.containment tank.containment tank.Part","Part","56.875, 5.400, -2572.470","8.000, 7.200, 1.000","8.999975204467773","Enum.Material.Plastic","","false","true","true"
"1943","Workspace.SalvageWorld.Stages.5.Props.furnace.Furnace.Furnace.Part","Part","-55.749, 4.350, -1442.738","0.250, 9.400, 4.000","9.049995422363281","Enum.Material.Cobblestone","","false","true","true"
"1944","Workspace.SalvageWorld.Stages.5.Props.furnace.Furnace.Furnace.Part","Part","-55.974, 4.350, -1439.705","4.500, 9.400, 0.350","9.049995422363281","Enum.Material.Cobblestone","","false","true","true"
"1945","Workspace.SalvageWorld.Stages.5.Props.furnace.Furnace.Furnace.Part","Part","-56.516, 4.350, -1672.309","4.500, 9.400, 0.250","9.049995422363281","Enum.Material.Cobblestone","","false","true","true"
"1946","Workspace.SalvageWorld.Stages.5.Props.furnace.Furnace.Furnace.Part","Part","-58.207, 4.350, -1669.825","0.250, 9.400, 4.000","9.049995422363281","Enum.Material.Cobblestone","","false","true","true"
"1953","Workspace.SalvageWorld.Stages.5.Props.furnace.Furnace.Furnace.Part","Part","-59.000, 5.200, -1674.000","0.250, 7.700, 4.000","9.04999828338623","Enum.Material.Cobblestone","","false","true","true"
"1967","Workspace.SalvageWorld.Stages.6.Props.watchtower.Watchtower.Look-out tower.Part","Part","56.175, 9.153, -2026.427","4.195, 0.388, 0.357","9.394704818725586","Enum.Material.Wood","","false","true","false"
"1968","Workspace.SalvageWorld.Stages.6.Props.watchtower.Watchtower.Look-out tower.Part","Part","62.475, 9.153, -1866.659","4.195, 0.388, 0.357","9.394704818725586","Enum.Material.Wood","","false","true","false"
"1969","Workspace.SalvageWorld.Stages.6.Props.watchtower.Watchtower.Look-out tower.Part","Part","58.607, 9.149, -1868.177","4.465, 0.388, 0.357","9.394712448120117","Enum.Material.Wood","","false","true","false"
"1970","Workspace.SalvageWorld.Stages.6.Props.watchtower.Watchtower.Look-out tower.Part","Part","59.311, 9.149, -2023.701","4.465, 0.388, 0.357","9.394712448120117","Enum.Material.Wood","","false","true","false"
"1971","Workspace.SalvageWorld.Stages.6.Props.watchtower.Watchtower.Look-out tower.Part","Part","59.001, 9.219, -2026.609","4.519, 0.388, 0.357","9.403583526611328","Enum.Material.Wood","","false","true","false"
"1972","Workspace.SalvageWorld.Stages.6.Props.watchtower.Watchtower.Look-out tower.Part","Part","59.873, 9.219, -1865.542","4.519, 0.388, 0.357","9.403583526611328","Enum.Material.Wood","","false","true","false"
"1989","Workspace.SalvageWorld.Stages.8.Props.test tube.Test Tube.Test Tube.Part","Part","-63.955, 9.490, -2565.102","0.459, 11.262, 11.262","9.718952178955078","Enum.Material.Metal","","false","true","false"
"1990","Workspace.SalvageWorld.Stages.8.Props.test tube.Test Tube.Test Tube.Part","Part","64.003, 9.490, -2643.186","0.459, 11.262, 11.262","9.718952178955078","Enum.Material.Metal","","false","true","false"
"1991","Workspace.SalvageWorld.Stages.8.Props.test tube.Test Tube.Test Tube.Model.Part","Part","-59.000, 9.500, -2568.000","2.002, 0.438, 0.928","9.71898078918457","Enum.Material.Metal","","false","true","true"
"1992","Workspace.SalvageWorld.Stages.8.Props.test tube.Test Tube.Test Tube.Model.Part","Part","59.000, 9.500, -2646.000","2.002, 0.438, 0.928","9.71898078918457","Enum.Material.Metal","","false","true","true"
"1993","Workspace.SalvageWorld.Stages.8.Props.test tube.Test Tube.Test Tube.Model.Part","Part","-66.868, 9.500, -2570.061","2.002, 0.438, 0.928","9.71899700164795","Enum.Material.Metal","","false","true","true"
"1994","Workspace.SalvageWorld.Stages.8.Props.test tube.Test Tube.Test Tube.Model.Part","Part","61.193, 9.500, -2638.168","2.002, 0.438, 0.928","9.71899700164795","Enum.Material.Metal","","false","true","true"
"1995","Workspace.SalvageWorld.Stages.8.Props.test tube.Test Tube.Test Tube.Model.Part","Part","-68.929, 9.500, -2562.193","2.002, 0.438, 0.928","9.719047546386719","Enum.Material.Metal","","false","true","true"
"1996","Workspace.SalvageWorld.Stages.8.Props.test tube.Test Tube.Test Tube.Model.Part","Part","69.025, 9.500, -2640.361","2.002, 0.438, 0.928","9.719047546386719","Enum.Material.Metal","","false","true","true"
"1999","Workspace.SalvageWorld.Stages.5.Props.furnace.Furnace.Furnace.Part","Part","-56.393, 9.550, -1672.332","4.000, 1.000, 0.500","10.049993515014648","Enum.Material.Cobblestone","","false","true","true"
"2000","Workspace.SalvageWorld.Stages.5.Props.furnace.Furnace.Furnace.Part","Part","-58.184, 9.550, -1669.702","0.500, 1.000, 5.000","10.049993515014648","Enum.Material.Cobblestone","","false","true","true"
"2002","Workspace.SalvageWorld.Stages.5.Props.furnace.Furnace.Furnace.Part","Part","-59.023, 9.550, -1674.123","0.500, 1.000, 5.000","10.049993515014648","Enum.Material.Cobblestone","","false","true","true"
"2004","Workspace.SalvageWorld.Stages.5.Props.furnace.Furnace.Furnace.Part","Part","-60.814, 9.550, -1671.493","4.000, 1.000, 0.500","10.049993515014648","Enum.Material.Cobblestone","","false","true","true"
"2005","Workspace.SalvageWorld.Stages.5.Props.furnace.Furnace.Furnace.Part","Part","54.878, 9.550, -1519.466","0.500, 1.000, 5.000","10.049993515014648","Enum.Material.Cobblestone","","false","true","true"
"2006","Workspace.SalvageWorld.Stages.5.Props.furnace.Furnace.Furnace.Part","Part","56.244, 9.550, -1516.592","4.000, 1.000, 0.500","10.049993515014648","Enum.Material.Cobblestone","","false","true","true"
"2007","Workspace.SalvageWorld.Stages.5.Props.furnace.Furnace.Furnace.Part","Part","57.752, 9.550, -1520.832","4.000, 1.000, 0.500","10.049993515014648","Enum.Material.Cobblestone","","false","true","true"
"2016","Workspace.SalvageWorld.Stages.8.Props.test tube.Test Tube.Test Tube.Model.Part","Part","-59.036, 10.272, -2567.979","1.835, 1.105, 0.845","10.824301719665527","Enum.Material.Metal","","false","true","true"
"2017","Workspace.SalvageWorld.Stages.8.Props.test tube.Test Tube.Test Tube.Model.Part","Part","59.036, 10.272, -2645.980","1.835, 1.105, 0.845","10.824301719665527","Enum.Material.Metal","","false","true","true"
"2018","Workspace.SalvageWorld.Stages.8.Props.test tube.Test Tube.Test Tube.Part","Part","-63.955, 10.272, -2565.102","1.105, 10.845, 10.845","10.82433032989502","Enum.Material.Metal","","false","true","false"
"2019","Workspace.SalvageWorld.Stages.8.Props.test tube.Test Tube.Test Tube.Part","Part","64.003, 10.272, -2643.186","1.105, 10.845, 10.845","10.82433032989502","Enum.Material.Metal","","false","true","false"
"2020","Workspace.SalvageWorld.Stages.8.Props.test tube.Test Tube.Test Tube.Model.Part","Part","-66.847, 10.272, -2570.025","1.835, 1.105, 0.845","10.824361801147461","Enum.Material.Metal","","false","true","true"
"2021","Workspace.SalvageWorld.Stages.8.Props.test tube.Test Tube.Test Tube.Model.Part","Part","61.213, 10.272, -2638.204","1.835, 1.105, 0.845","10.824361801147461","Enum.Material.Metal","","false","true","true"
"2022","Workspace.SalvageWorld.Stages.8.Props.test tube.Test Tube.Test Tube.Model.Part","Part","-68.893, 10.272, -2562.214","1.835, 1.105, 0.845","10.824413299560547","Enum.Material.Metal","","false","true","true"
"2023","Workspace.SalvageWorld.Stages.8.Props.test tube.Test Tube.Test Tube.Model.Part","Part","68.989, 10.272, -2640.381","1.835, 1.105, 0.845","10.824413299560547","Enum.Material.Metal","","false","true","true"
"2024","Workspace.SalvageWorld.Stages.8.Props.test tube.Test Tube.Test Tube.Model.Part","Part","-59.036, 11.085, -2567.979","1.835, 0.521, 0.845","11.345685005187988","Enum.Material.Metal","","false","true","true"
"2025","Workspace.SalvageWorld.Stages.8.Props.test tube.Test Tube.Test Tube.Model.Part","Part","59.036, 11.085, -2645.980","1.835, 0.521, 0.845","11.345685005187988","Enum.Material.Metal","","false","true","true"
"2026","Workspace.SalvageWorld.Stages.8.Props.test tube.Test Tube.Test Tube.Part","Part","-63.955, 11.085, -2565.102","0.521, 10.845, 10.845","11.34571361541748","Enum.Material.Metal","","false","true","false"
"2027","Workspace.SalvageWorld.Stages.8.Props.test tube.Test Tube.Test Tube.Part","Part","64.003, 11.085, -2643.186","0.521, 10.845, 10.845","11.34571361541748","Enum.Material.Metal","","false","true","false"
"2028","Workspace.SalvageWorld.Stages.8.Props.test tube.Test Tube.Test Tube.Model.Part","Part","-66.847, 11.085, -2570.025","1.835, 0.521, 0.845","11.345746040344238","Enum.Material.Metal","","false","true","true"
"2029","Workspace.SalvageWorld.Stages.8.Props.test tube.Test Tube.Test Tube.Model.Part","Part","61.213, 11.085, -2638.204","1.835, 0.521, 0.845","11.345746040344238","Enum.Material.Metal","","false","true","true"
"2030","Workspace.SalvageWorld.Stages.8.Props.test tube.Test Tube.Test Tube.Model.Part","Part","-68.893, 11.085, -2562.214","1.835, 0.521, 0.845","11.345796585083008","Enum.Material.Metal","","false","true","true"
"2031","Workspace.SalvageWorld.Stages.8.Props.test tube.Test Tube.Test Tube.Model.Part","Part","68.989, 11.085, -2640.381","1.835, 0.521, 0.845","11.345796585083008","Enum.Material.Metal","","false","true","true"
"2040","Workspace.SalvageWorld.Stages.8.Props.test tube.Test Tube.Test Tube.Part","Part","-63.955, 11.992, -2565.102","0.459, 11.262, 11.262","12.221693992614746","Enum.Material.Metal","","false","true","false"
"2041","Workspace.SalvageWorld.Stages.8.Props.test tube.Test Tube.Test Tube.Part","Part","64.003, 11.992, -2643.186","0.459, 11.262, 11.262","12.221693992614746","Enum.Material.Metal","","false","true","false"
"2042","Workspace.SalvageWorld.Stages.8.Props.test tube.Test Tube.Test Tube.Model.Part","Part","-59.000, 11.992, -2568.000","2.002, 0.459, 0.928","12.221713066101074","Enum.Material.Metal","","false","true","true"
"2043","Workspace.SalvageWorld.Stages.8.Props.test tube.Test Tube.Test Tube.Model.Part","Part","59.000, 11.992, -2646.000","2.002, 0.459, 0.928","12.221713066101074","Enum.Material.Metal","","false","true","true"
"2044","Workspace.SalvageWorld.Stages.8.Props.test tube.Test Tube.Test Tube.Model.Part","Part","-66.868, 11.992, -2570.061","2.002, 0.459, 0.928","12.221729278564453","Enum.Material.Metal","","false","true","true"
"2045","Workspace.SalvageWorld.Stages.8.Props.test tube.Test Tube.Test Tube.Model.Part","Part","61.193, 11.992, -2638.168","2.002, 0.459, 0.928","12.221729278564453","Enum.Material.Metal","","false","true","true"
"2046","Workspace.SalvageWorld.Stages.8.Props.test tube.Test Tube.Test Tube.Model.Part","Part","-68.929, 11.992, -2562.193","2.002, 0.459, 0.928","12.221779823303223","Enum.Material.Metal","","false","true","true"
"2047","Workspace.SalvageWorld.Stages.8.Props.test tube.Test Tube.Test Tube.Model.Part","Part","69.025, 11.992, -2640.361","2.002, 0.459, 0.928","12.221779823303223","Enum.Material.Metal","","false","true","true"
"2078","Workspace.SalvageWorld.Stages.8.Props.test tube.Test Tube.Test Tube.Model.Wedge","WedgePart","-66.915, 25.017, -2570.142","1.835, 0.521, 0.574","25.277639389038086","Enum.Material.DiamondPlate","","false","true","false"
"2079","Workspace.SalvageWorld.Stages.8.Props.test tube.Test Tube.Test Tube.Model.Wedge","WedgePart","61.147, 25.017, -2638.086","1.835, 0.521, 0.574","25.277639389038086","Enum.Material.DiamondPlate","","false","true","false"
"2080","Workspace.SalvageWorld.Stages.8.Props.test tube.Test Tube.Test Tube.Model.Wedge","WedgePart","-58.919, 25.017, -2568.047","1.835, 0.521, 0.574","25.27766990661621","Enum.Material.DiamondPlate","","false","true","false"
"2081","Workspace.SalvageWorld.Stages.8.Props.test tube.Test Tube.Test Tube.Model.Wedge","WedgePart","-61.014, 25.017, -2560.051","1.835, 0.521, 0.574","25.27766990661621","Enum.Material.DiamondPlate","","false","true","false"
"2082","Workspace.SalvageWorld.Stages.8.Props.test tube.Test Tube.Test Tube.Model.Wedge","WedgePart","58.918, 25.017, -2646.046","1.835, 0.521, 0.574","25.27766990661621","Enum.Material.DiamondPlate","","false","true","false"
"2083","Workspace.SalvageWorld.Stages.8.Props.test tube.Test Tube.Test Tube.Model.Wedge","WedgePart","66.878, 25.017, -2648.275","1.835, 0.521, 0.574","25.27766990661621","Enum.Material.DiamondPlate","","false","true","false"
"2084","Workspace.SalvageWorld.Stages.8.Props.test tube.Test Tube.Test Tube.Model.Wedge","WedgePart","-69.010, 25.017, -2562.146","1.835, 0.521, 0.574","25.277742385864258","Enum.Material.DiamondPlate","","false","true","false"
"2085","Workspace.SalvageWorld.Stages.8.Props.test tube.Test Tube.Test Tube.Model.Wedge","WedgePart","69.106, 25.017, -2640.315","1.835, 0.521, 0.574","25.277742385864258","Enum.Material.DiamondPlate","","false","true","false"
"2086","Workspace.SalvageWorld.Stages.8.Props.test tube.Test Tube.Test Tube.Union","UnionOperation","-63.955, 18.791, -2565.102","13.014, 11.262, 11.262","25.298555374145508","Enum.Material.DiamondPlate","","false","true","false"
"2087","Workspace.SalvageWorld.Stages.8.Props.test tube.Test Tube.Test Tube.Union","UnionOperation","64.003, 18.791, -2643.186","13.014, 11.262, 11.262","25.298555374145508","Enum.Material.DiamondPlate","","false","true","false"
"2090","Workspace.SalvageWorld.Stages.8.Props.test tube.Test Tube.Test Tube.Part","Part","-63.955, 25.507, -2565.102","0.459, 11.262, 11.262","25.736509323120117","Enum.Material.Metal","","false","true","false"
"2091","Workspace.SalvageWorld.Stages.8.Props.test tube.Test Tube.Test Tube.Part","Part","64.003, 25.507, -2643.186","0.459, 11.262, 11.262","25.736509323120117","Enum.Material.Metal","","false","true","false"
"2092","Workspace.SalvageWorld.Stages.8.Props.test tube.Test Tube.Test Tube.Model.Part","Part","-59.000, 25.507, -2568.000","2.002, 0.459, 0.928","25.736528396606445","Enum.Material.Metal","","false","true","true"
"2093","Workspace.SalvageWorld.Stages.8.Props.test tube.Test Tube.Test Tube.Model.Part","Part","59.000, 25.507, -2646.000","2.002, 0.459, 0.928","25.736528396606445","Enum.Material.Metal","","false","true","true"
"2094","Workspace.SalvageWorld.Stages.8.Props.test tube.Test Tube.Test Tube.Model.Part","Part","-61.061, 25.507, -2560.132","2.002, 0.459, 0.928","25.73653221130371","Enum.Material.Metal","","false","true","true"
"2095","Workspace.SalvageWorld.Stages.8.Props.test tube.Test Tube.Test Tube.Model.Part","Part","66.832, 25.507, -2648.193","2.002, 0.459, 0.928","25.73653221130371","Enum.Material.Metal","","false","true","true"
"2096","Workspace.SalvageWorld.Stages.8.Props.test tube.Test Tube.Test Tube.Model.Part","Part","-66.867, 25.507, -2570.061","2.002, 0.459, 0.928","25.736543655395508","Enum.Material.Metal","","false","true","true"
"2097","Workspace.SalvageWorld.Stages.8.Props.test tube.Test Tube.Test Tube.Model.Part","Part","61.193, 25.507, -2638.168","2.002, 0.459, 0.928","25.736543655395508","Enum.Material.Metal","","false","true","true"
"2098","Workspace.SalvageWorld.Stages.8.Props.test tube.Test Tube.Test Tube.Model.Part","Part","-68.929, 25.507, -2562.194","2.002, 0.459, 0.928","25.736595153808594","Enum.Material.Metal","","false","true","true"
"2099","Workspace.SalvageWorld.Stages.8.Props.test tube.Test Tube.Test Tube.Model.Part","Part","69.024, 25.507, -2640.361","2.002, 0.459, 0.928","25.736595153808594","Enum.Material.Metal","","false","true","true"
"2100","Workspace.SalvageWorld.Stages.8.Props.test tube.Test Tube.Test Tube.Model.Part","Part","-59.036, 25.945, -2567.979","1.835, 0.417, 0.845","26.153575897216797","Enum.Material.Metal","","false","true","true"
"2101","Workspace.SalvageWorld.Stages.8.Props.test tube.Test Tube.Test Tube.Model.Part","Part","59.036, 25.945, -2645.980","1.835, 0.417, 0.845","26.153575897216797","Enum.Material.Metal","","false","true","true"
"2102","Workspace.SalvageWorld.Stages.8.Props.test tube.Test Tube.Test Tube.Model.Part","Part","-61.082, 25.945, -2560.168","1.835, 0.417, 0.845","26.15362548828125","Enum.Material.Metal","","false","true","true"
"2103","Workspace.SalvageWorld.Stages.8.Props.test tube.Test Tube.Test Tube.Model.Part","Part","66.812, 25.945, -2648.156","1.835, 0.417, 0.845","26.15362548828125","Enum.Material.Metal","","false","true","true"
"2104","Workspace.SalvageWorld.Stages.8.Props.test tube.Test Tube.Test Tube.Model.Part","Part","-66.846, 25.945, -2570.025","1.835, 0.417, 0.845","26.153635025024414","Enum.Material.Metal","","false","true","true"
"2105","Workspace.SalvageWorld.Stages.8.Props.test tube.Test Tube.Test Tube.Model.Part","Part","61.213, 25.945, -2638.205","1.835, 0.417, 0.845","26.153635025024414","Enum.Material.Metal","","false","true","true"
"2106","Workspace.SalvageWorld.Stages.8.Props.test tube.Test Tube.Test Tube.Part","Part","-63.955, 25.799, -2565.102","0.709, 10.845, 10.845","26.153663635253906","Enum.Material.Metal","","false","true","false"
"2107","Workspace.SalvageWorld.Stages.8.Props.test tube.Test Tube.Test Tube.Part","Part","64.003, 25.799, -2643.186","0.709, 10.845, 10.845","26.153663635253906","Enum.Material.Metal","","false","true","false"
"2108","Workspace.SalvageWorld.Stages.8.Props.test tube.Test Tube.Test Tube.Model.Part","Part","-68.893, 25.945, -2562.215","1.835, 0.417, 0.845","26.1536865234375","Enum.Material.Metal","","false","true","true"
"2109","Workspace.SalvageWorld.Stages.8.Props.test tube.Test Tube.Test Tube.Model.Part","Part","68.988, 25.945, -2640.381","1.835, 0.417, 0.845","26.1536865234375","Enum.Material.Metal","","false","true","true"
"2110","Workspace.SalvageWorld.Stages.8.Props.test tube.Test Tube.Test Tube.Model.Part","Part","-59.036, 26.414, -2567.979","1.835, 0.521, 0.845","26.67498016357422","Enum.Material.Metal","","false","true","true"
"2111","Workspace.SalvageWorld.Stages.8.Props.test tube.Test Tube.Test Tube.Model.Part","Part","59.036, 26.414, -2645.979","1.835, 0.521, 0.845","26.67498016357422","Enum.Material.Metal","","false","true","true"
"2112","Workspace.SalvageWorld.Stages.8.Props.test tube.Test Tube.Test Tube.Part","Part","-63.955, 26.414, -2565.102","0.521, 10.845, 10.845","26.67500877380371","Enum.Material.Metal","","false","true","false"
"2113","Workspace.SalvageWorld.Stages.8.Props.test tube.Test Tube.Test Tube.Part","Part","64.003, 26.414, -2643.186","0.521, 10.845, 10.845","26.67500877380371","Enum.Material.Metal","","false","true","false"
"2114","Workspace.SalvageWorld.Stages.8.Props.test tube.Test Tube.Test Tube.Model.Part","Part","-61.082, 26.414, -2560.168","1.835, 0.521, 0.845","26.675029754638672","Enum.Material.Metal","","false","true","true"
"2115","Workspace.SalvageWorld.Stages.8.Props.test tube.Test Tube.Test Tube.Model.Part","Part","66.812, 26.414, -2648.156","1.835, 0.521, 0.845","26.675029754638672","Enum.Material.Metal","","false","true","true"
"2116","Workspace.SalvageWorld.Stages.8.Props.test tube.Test Tube.Test Tube.Model.Part","Part","-66.846, 26.414, -2570.025","1.835, 0.521, 0.845","26.675039291381836","Enum.Material.Metal","","false","true","true"
"2117","Workspace.SalvageWorld.Stages.8.Props.test tube.Test Tube.Test Tube.Model.Part","Part","61.213, 26.414, -2638.204","1.835, 0.521, 0.845","26.675039291381836","Enum.Material.Metal","","false","true","true"
"2118","Workspace.SalvageWorld.Stages.8.Props.test tube.Test Tube.Test Tube.Model.Part","Part","-68.893, 26.414, -2562.215","1.835, 0.521, 0.845","26.675092697143555","Enum.Material.Metal","","false","true","true"
"2119","Workspace.SalvageWorld.Stages.8.Props.test tube.Test Tube.Test Tube.Model.Part","Part","68.988, 26.414, -2640.381","1.835, 0.521, 0.845","26.675092697143555","Enum.Material.Metal","","false","true","true"
"2148","Workspace.SalvageWorld.Stages.8.Props.test tube.Test Tube.Test Tube.Model.Part","Part","-59.000, 18.750, -2568.000","2.002, 18.937, 0.928","28.218399047851562","Enum.Material.SmoothPlastic","","false","false","true"
"2149","Workspace.SalvageWorld.Stages.8.Props.test tube.Test Tube.Test Tube.Model.Part","Part","-61.061, 18.750, -2560.132","2.002, 18.937, 0.928","28.218399047851562","Enum.Material.SmoothPlastic","","false","false","true"
"2150","Workspace.SalvageWorld.Stages.8.Props.test tube.Test Tube.Test Tube.Model.Part","Part","59.000, 18.750, -2646.000","2.002, 18.937, 0.928","28.218399047851562","Enum.Material.SmoothPlastic","","false","false","true"
"2151","Workspace.SalvageWorld.Stages.8.Props.test tube.Test Tube.Test Tube.Model.Part","Part","66.832, 18.750, -2648.193","2.002, 18.937, 0.928","28.218399047851562","Enum.Material.SmoothPlastic","","false","false","true"
"2152","Workspace.SalvageWorld.Stages.8.Props.test tube.Test Tube.Test Tube.Model.Part","Part","-59.000, 27.999, -2568.000","2.002, 0.438, 0.928","28.218406677246094","Enum.Material.Metal","","false","true","true"
"2153","Workspace.SalvageWorld.Stages.8.Props.test tube.Test Tube.Test Tube.Model.Part","Part","59.000, 27.999, -2646.000","2.002, 0.438, 0.928","28.218406677246094","Enum.Material.Metal","","false","true","true"
"2154","Workspace.SalvageWorld.Stages.8.Props.test tube.Test Tube.Test Tube.Model.Part","Part","-61.061, 27.999, -2560.132","2.002, 0.438, 0.928","28.218408584594727","Enum.Material.Metal","","false","true","true"
"2155","Workspace.SalvageWorld.Stages.8.Props.test tube.Test Tube.Test Tube.Model.Part","Part","66.832, 27.999, -2648.193","2.002, 0.438, 0.928","28.218408584594727","Enum.Material.Metal","","false","true","true"
"2156","Workspace.SalvageWorld.Stages.8.Props.test tube.Test Tube.Test Tube.Model.Part","Part","-66.867, 18.750, -2570.061","2.002, 18.937, 0.928","28.218414306640625","Enum.Material.SmoothPlastic","","false","false","true"
"2157","Workspace.SalvageWorld.Stages.8.Props.test tube.Test Tube.Test Tube.Model.Part","Part","61.193, 18.750, -2638.168","2.002, 18.937, 0.928","28.218414306640625","Enum.Material.SmoothPlastic","","false","false","true"
"2158","Workspace.SalvageWorld.Stages.8.Props.test tube.Test Tube.Test Tube.Model.Part","Part","-66.868, 27.999, -2570.061","2.002, 0.438, 0.928","28.21842384338379","Enum.Material.Metal","","false","true","true"
"2159","Workspace.SalvageWorld.Stages.8.Props.test tube.Test Tube.Test Tube.Model.Part","Part","61.193, 27.999, -2638.168","2.002, 0.438, 0.928","28.21842384338379","Enum.Material.Metal","","false","true","true"
"2160","Workspace.SalvageWorld.Stages.8.Props.test tube.Test Tube.Test Tube.Model.Part","Part","-68.929, 18.750, -2562.194","2.002, 18.937, 0.928","28.218463897705078","Enum.Material.SmoothPlastic","","false","false","true"
"2161","Workspace.SalvageWorld.Stages.8.Props.test tube.Test Tube.Test Tube.Model.Part","Part","69.025, 18.750, -2640.361","2.002, 18.937, 0.928","28.218463897705078","Enum.Material.SmoothPlastic","","false","false","true"
"2162","Workspace.SalvageWorld.Stages.8.Props.test tube.Test Tube.Test Tube.Model.Part","Part","-68.929, 27.999, -2562.194","2.002, 0.438, 0.928","28.218473434448242","Enum.Material.Metal","","false","true","true"
"2163","Workspace.SalvageWorld.Stages.8.Props.test tube.Test Tube.Test Tube.Model.Part","Part","69.025, 27.999, -2640.361","2.002, 0.438, 0.928","28.218473434448242","Enum.Material.Metal","","false","true","true"
"2164","Workspace.SalvageWorld.Stages.8.Props.test tube.Test Tube.Test Tube.Part","Part","-63.955, 18.739, -2565.102","19.000, 11.262, 11.262","28.239276885986328","Enum.Material.SmoothPlastic","","false","false","false"
"2165","Workspace.SalvageWorld.Stages.8.Props.test tube.Test Tube.Test Tube.Part","Part","64.003, 18.739, -2643.186","19.000, 11.262, 11.262","28.239276885986328","Enum.Material.SmoothPlastic","","false","false","false"
"2176","Workspace.SalvageWorld.Walls.BackWall","Part","0.000, 16.000, 180.000","360.000, 32.000, 4.000","32","Enum.Material.Concrete","","false","true","true"
"2177","Workspace.SalvageWorld.Walls.BaseWall","Part","-180.000, 16.000, 90.000","4.000, 32.000, 180.000","32","Enum.Material.Concrete","","false","true","true"
"2178","Workspace.SalvageWorld.Walls.BaseWall","Part","180.000, 16.000, 90.000","4.000, 32.000, 180.000","32","Enum.Material.Concrete","","false","true","true"
"2179","Workspace.SalvageWorld.Walls.EndWall","Part","0.000, 16.000, -3500.000","160.000, 32.000, 4.000","32","Enum.Material.Concrete","","false","true","true"
"2180","Workspace.SalvageWorld.Walls.Shoulder","Part","-130.000, 16.000, 0.000","100.000, 32.000, 4.000","32","Enum.Material.Concrete","","false","true","true"
"2181","Workspace.SalvageWorld.Walls.Shoulder","Part","130.000, 16.000, 0.000","100.000, 32.000, 4.000","32","Enum.Material.Concrete","","false","true","true"
"2184","Workspace.SalvageWorld.Walls.StripWall","Part","-80.000, 16.000, -175.000","4.000, 32.000, 350.000","32","Enum.Material.Plastic","SalvageStud","true","true","true"
"2189","Workspace.SalvageWorld.Walls.StripWall","Part","-80.000, 16.000, -3325.000","4.000, 32.000, 350.000","32","Enum.Material.Concrete","","false","true","true"
"2194","Workspace.SalvageWorld.Walls.StripWall","Part","80.000, 16.000, -175.000","4.000, 32.000, 350.000","32","Enum.Material.Plastic","SalvageStud","true","true","true"
"2199","Workspace.SalvageWorld.Walls.StripWall","Part","80.000, 16.000, -3325.000","4.000, 32.000, 350.000","32","Enum.Material.Concrete","","false","true","true"
