part_a_id,part_b_id,top_difference,both_visible,exact_level_blocks
"47","50","0.019999980926513672","true","true"
"48","51","0.019999980926513672","true","true"
"49","52","0.019999980926513672","true","true"
"64","67","0.016665995121002197","true","false"
"65","66","0.016665935516357422","true","false"
"71","73","0.026687979698181152","true","false"
"72","74","0.026687979698181152","true","false"
"75","77","0.019679874181747437","true","false"
"75","79","0.04963597655296326","true","false"
"76","78","0.019679874181747437","true","false"
"76","80","0.04963597655296326","true","false"
"77","79","0.02995610237121582","true","false"
"78","80","0.02995610237121582","true","false"
"81","84","2.9802322387695312e-8","true","false"
"81","91","4.172325134277344e-7","true","false"
"81","153","0.000001043081283569336","true","false"
"81","154","0.000001043081283569336","true","false"
"82","85","2.9802322387695312e-8","true","false"
"82","93","4.172325134277344e-7","true","false"
"82","155","0.000001043081283569336","true","false"
"82","156","0.000001043081283569336","true","false"
"83","86","2.9802322387695312e-8","true","false"
"83","95","4.172325134277344e-7","true","false"
"83","157","0.000001043081283569336","true","false"
"83","158","0.000001043081283569336","true","false"
"84","87","3.5762786865234375e-7","true","false"
"84","90","3.8743019104003906e-7","true","false"
"84","91","3.8743019104003906e-7","true","false"
"85","88","3.5762786865234375e-7","true","false"
"85","92","3.8743019104003906e-7","true","false"
"85","93","3.8743019104003906e-7","true","false"
"86","89","3.5762786865234375e-7","true","false"
"86","94","3.8743019104003906e-7","true","false"
"86","95","3.8743019104003906e-7","true","false"
"87","90","2.9802322387695312e-8","true","false"
"87","100","2.384185791015625e-7","true","false"
"87","114","2.980232238769531e-7","true","false"
"87","153","6.556510925292969e-7","true","false"
"87","154","6.556510925292969e-7","true","false"
"88","92","2.9802322387695312e-8","true","false"
"88","105","2.384185791015625e-7","true","false"
"88","115","2.980232238769531e-7","true","false"
"88","155","6.556510925292969e-7","true","false"
"88","156","6.556510925292969e-7","true","false"
"89","94","2.9802322387695312e-8","true","false"
"89","110","2.384185791015625e-7","true","false"
"89","116","2.980232238769531e-7","true","false"
"89","157","6.556510925292969e-7","true","false"
"89","158","6.556510925292969e-7","true","false"
"90","99","2.086162567138672e-7","true","false"
"90","100","2.086162567138672e-7","true","false"
"90","153","6.258487701416016e-7","true","false"
"90","154","6.258487701416016e-7","true","false"
"91","153","6.258487701416016e-7","true","false"
"91","154","6.258487701416016e-7","true","false"
"92","104","2.086162567138672e-7","true","false"
"92","105","2.086162567138672e-7","true","false"
"92","155","6.258487701416016e-7","true","false"
"92","156","6.258487701416016e-7","true","false"
"93","155","6.258487701416016e-7","true","false"
"93","156","6.258487701416016e-7","true","false"
"94","109","2.086162567138672e-7","true","false"
"94","110","2.086162567138672e-7","true","false"
"94","157","6.258487701416016e-7","true","false"
"94","158","6.258487701416016e-7","true","false"
"95","157","6.258487701416016e-7","true","false"
"95","158","6.258487701416016e-7","true","false"
"96","97","0","true","false"
"96","111","2.9802322387695312e-8","true","false"
"96","117","8.940696716308594e-8","true","false"
"96","141","1.4901161193847656e-7","true","false"
"97","98","0","true","false"
"97","111","2.9802322387695312e-8","true","false"
"97","114","5.960464477539063e-8","true","false"
"97","141","1.4901161193847656e-7","true","false"
"97","153","4.172325134277344e-7","true","false"
"97","154","4.172325134277344e-7","true","false"
"98","99","0","true","false"
"98","111","2.9802322387695312e-8","true","false"
"98","114","5.960464477539063e-8","true","false"
"99","100","0","true","false"
"99","111","2.9802322387695312e-8","true","false"
"99","114","5.960464477539063e-8","true","false"
"99","153","4.172325134277344e-7","true","false"
"99","154","4.172325134277344e-7","true","false"
"100","114","5.960464477539063e-8","true","false"
"101","102","0","true","false"
"101","112","2.9802322387695312e-8","true","false"
"101","118","8.940696716308594e-8","true","false"
"101","142","1.4901161193847656e-7","true","false"
"102","103","0","true","false"
"102","112","2.9802322387695312e-8","true","false"
"102","115","5.960464477539063e-8","true","false"
"102","142","1.4901161193847656e-7","true","false"
"102","155","4.172325134277344e-7","true","false"
"102","156","4.172325134277344e-7","true","false"
"103","104","0","true","false"
"103","112","2.9802322387695312e-8","true","false"
"103","115","5.960464477539063e-8","true","false"
"104","105","0","true","false"
"104","112","2.9802322387695312e-8","true","false"
"104","115","5.960464477539063e-8","true","false"
"104","155","4.172325134277344e-7","true","false"
"104","156","4.172325134277344e-7","true","false"
"105","115","5.960464477539063e-8","true","false"
"106","107","0","true","false"
"106","113","2.9802322387695312e-8","true","false"
"106","119","8.940696716308594e-8","true","false"
"106","143","1.4901161193847656e-7","true","false"
"107","108","0","true","false"
"107","113","2.9802322387695312e-8","true","false"
"107","116","5.960464477539063e-8","true","false"
"107","143","1.4901161193847656e-7","true","false"
"107","157","4.172325134277344e-7","true","false"
"107","158","4.172325134277344e-7","true","false"
"108","109","0","true","false"
"108","113","2.9802322387695312e-8","true","false"
"108","116","5.960464477539063e-8","true","false"
"109","110","0","true","false"
"109","113","2.9802322387695312e-8","true","false"
"109","116","5.960464477539063e-8","true","false"
"109","157","4.172325134277344e-7","true","false"
"109","158","4.172325134277344e-7","true","false"
"110","116","5.960464477539063e-8","true","false"
"111","117","5.960464477539063e-8","true","false"
"111","153","3.8743019104003906e-7","true","false"
"111","154","3.8743019104003906e-7","true","false"
"112","118","5.960464477539063e-8","true","false"
"112","155","3.8743019104003906e-7","true","false"
"112","156","3.8743019104003906e-7","true","false"
"113","119","5.960464477539063e-8","true","false"
"113","157","3.8743019104003906e-7","true","false"
"113","158","3.8743019104003906e-7","true","false"
"114","153","3.5762786865234375e-7","true","false"
"114","154","3.5762786865234375e-7","true","false"
"115","155","3.5762786865234375e-7","true","false"
"115","156","3.5762786865234375e-7","true","false"
"116","157","3.5762786865234375e-7","true","false"
"116","158","3.5762786865234375e-7","true","false"
"117","126","2.9802322387695312e-8","true","false"
"117","141","5.960464477539063e-8","true","false"
"117","146","8.940696716308594e-8","true","false"
"117","153","3.2782554626464844e-7","true","false"
"117","154","3.2782554626464844e-7","true","false"
"118","133","2.9802322387695312e-8","true","false"
"118","142","5.960464477539063e-8","true","false"
"118","149","8.940696716308594e-8","true","false"
"118","155","3.2782554626464844e-7","true","false"
"118","156","3.2782554626464844e-7","true","false"
"119","140","2.9802322387695312e-8","true","false"
"119","143","5.960464477539063e-8","true","false"
"119","152","8.940696716308594e-8","true","false"
"119","157","3.2782554626464844e-7","true","false"
"119","158","3.2782554626464844e-7","true","false"
"120","121","0","true","false"
"120","144","5.960464477539063e-8","true","false"
"120","160","3.5762786865234375e-7","true","false"
"120","165","4.172325134277344e-7","true","false"
"121","122","0","true","false"
"121","144","5.960464477539063e-8","true","false"
"121","145","5.960464477539063e-8","true","false"
"121","153","2.980232238769531e-7","true","false"
"121","154","2.980232238769531e-7","true","false"
"121","165","4.172325134277344e-7","true","false"
"122","123","0","true","false"
"122","144","5.960464477539063e-8","true","false"
"122","145","5.960464477539063e-8","true","false"
"123","124","0","true","false"
"123","144","5.960464477539063e-8","true","false"
"123","145","5.960464477539063e-8","true","false"
"123","146","5.960464477539063e-8","true","false"
"123","153","2.980232238769531e-7","true","false"
"123","154","2.980232238769531e-7","true","false"
"124","125","0","true","false"
"124","145","5.960464477539063e-8","true","false"
"124","146","5.960464477539063e-8","true","false"
"125","126","0","true","false"
"125","141","2.9802322387695312e-8","true","false"
"125","145","5.960464477539063e-8","true","false"
"125","146","5.960464477539063e-8","true","false"
"125","153","2.980232238769531e-7","true","false"
"125","154","2.980232238769531e-7","true","false"
"126","141","2.9802322387695312e-8","true","false"
"126","146","5.960464477539063e-8","true","false"
"127","128","0","true","false"
"127","147","5.960464477539063e-8","true","false"
"127","162","3.5762786865234375e-7","true","false"
"127","166","4.172325134277344e-7","true","false"
"128","129","0","true","false"
"128","147","5.960464477539063e-8","true","false"
"128","148","5.960464477539063e-8","true","false"
"128","155","2.980232238769531e-7","true","false"
"128","156","2.980232238769531e-7","true","false"
"128","166","4.172325134277344e-7","true","false"
"129","130","0","true","false"
"129","147","5.960464477539063e-8","true","false"
"129","148","5.960464477539063e-8","true","false"
"130","131","0","true","false"
"130","147","5.960464477539063e-8","true","false"
"130","148","5.960464477539063e-8","true","false"
"130","149","5.960464477539063e-8","true","false"
"130","155","2.980232238769531e-7","true","false"
"130","156","2.980232238769531e-7","true","false"
"131","132","0","true","false"
"131","148","5.960464477539063e-8","true","false"
"131","149","5.960464477539063e-8","true","false"
"132","133","0","true","false"
"132","142","2.9802322387695312e-8","true","false"
"132","148","5.960464477539063e-8","true","false"
"132","149","5.960464477539063e-8","true","false"
"132","155","2.980232238769531e-7","true","false"
"132","156","2.980232238769531e-7","true","false"
"133","142","2.9802322387695312e-8","true","false"
"133","149","5.960464477539063e-8","true","false"
"133","155","2.980232238769531e-7","true","false"
"134","135","0","true","false"
"134","150","5.960464477539063e-8","true","false"
"134","164","3.5762786865234375e-7","true","false"
"134","167","4.172325134277344e-7","true","false"
"135","136","0","true","false"
"135","150","5.960464477539063e-8","true","false"
"135","151","5.960464477539063e-8","true","false"
"135","157","2.980232238769531e-7","true","false"
"135","158","2.980232238769531e-7","true","false"
"135","167","4.172325134277344e-7","true","false"
"136","137","0","true","false"
"136","150","5.960464477539063e-8","true","false"
"136","151","5.960464477539063e-8","true","false"
"137","138","0","true","false"
"137","150","5.960464477539063e-8","true","false"
"137","151","5.960464477539063e-8","true","false"
"137","152","5.960464477539063e-8","true","false"
"137","157","2.980232238769531e-7","true","false"
"137","158","2.980232238769531e-7","true","false"
"138","139","0","true","false"
"138","151","5.960464477539063e-8","true","false"
"138","152","5.960464477539063e-8","true","false"
"139","140","0","true","false"
"139","143","2.9802322387695312e-8","true","false"
"139","151","5.960464477539063e-8","true","false"
"139","152","5.960464477539063e-8","true","false"
"139","157","2.980232238769531e-7","true","false"
"139","158","2.980232238769531e-7","true","false"
"140","143","2.9802322387695312e-8","true","false"
"140","152","5.960464477539063e-8","true","false"
"141","153","2.682209014892578e-7","true","false"
"141","154","2.682209014892578e-7","true","false"
"142","155","2.682209014892578e-7","true","false"
"142","156","2.682209014892578e-7","true","false"
"143","157","2.682209014892578e-7","true","false"
"143","158","2.682209014892578e-7","true","false"
"144","153","2.384185791015625e-7","true","false"
"144","154","2.384185791015625e-7","true","false"
"144","160","2.980232238769531e-7","true","false"
"145","153","2.384185791015625e-7","true","false"
"145","154","2.384185791015625e-7","true","false"
"146","153","2.384185791015625e-7","true","false"
"146","154","2.384185791015625e-7","true","false"
"147","155","2.384185791015625e-7","true","false"
"147","156","2.384185791015625e-7","true","false"
"147","162","2.980232238769531e-7","true","false"
"148","155","2.384185791015625e-7","true","false"
"148","156","2.384185791015625e-7","true","false"
"149","155","2.384185791015625e-7","true","false"
"149","156","2.384185791015625e-7","true","false"
"150","157","2.384185791015625e-7","true","false"
"150","158","2.384185791015625e-7","true","false"
"150","164","2.980232238769531e-7","true","false"
"151","157","2.384185791015625e-7","true","false"
"151","158","2.384185791015625e-7","true","false"
"152","157","2.384185791015625e-7","true","false"
"152","158","2.384185791015625e-7","true","false"
"153","160","5.960464477539063e-8","true","false"
"153","165","1.1920928955078125e-7","true","false"
"154","160","5.960464477539063e-8","true","false"
"154","165","1.1920928955078125e-7","true","false"
"155","162","5.960464477539063e-8","true","false"
"155","166","1.1920928955078125e-7","true","false"
"156","162","5.960464477539063e-8","true","false"
"156","166","1.1920928955078125e-7","true","false"
"157","164","5.960464477539063e-8","true","false"
"157","167","1.1920928955078125e-7","true","false"
"158","164","5.960464477539063e-8","true","false"
"158","167","1.1920928955078125e-7","true","false"
"159","160","0","true","false"
"159","165","5.960464477539063e-8","true","false"
"160","165","5.960464477539063e-8","true","false"
"161","162","0","true","false"
"161","166","5.960464477539063e-8","true","false"
"162","166","5.960464477539063e-8","true","false"
"163","164","0","true","false"
"163","167","5.960464477539063e-8","true","false"
"164","167","5.960464477539063e-8","true","false"
"168","171","0.0000014007091522216797","true","false"
"169","172","0.0000014007091522216797","true","false"
"170","173","0.0000014007091522216797","true","false"
"178","180","0.04002588987350464","true","false"
"179","181","0.04002588987350464","true","false"
"180","182","0.014184832572937012","true","false"
"180","184","0.04061102867126465","true","false"
"181","183","0.014184772968292236","true","false"
"181","185","0.04061096906661987","true","false"
"182","184","0.026426196098327637","true","false"
"183","185","0.026426196098327637","true","false"
"198","199","0","true","true"
"199","200","0","true","true"
"201","202","0","true","true"
"202","203","0","true","true"
"204","214","0.0131874680519104","true","false"
"205","214","0.0131874680519104","true","false"
"206","214","0.0131874680519104","true","false"
"207","210","0.0048400163650512695","true","false"
"208","210","0.0048400163650512695","true","false"
"210","220","0.0006124973297119141","true","false"
"210","221","0.0006124973297119141","true","false"
"211","224","0.044999998062849045","true","true"
"211","225","0.044999998062849045","true","true"
"211","226","0.044999998062849045","true","true"
"211","227","0.044999998062849045","true","true"
"211","228","0.044999998062849045","true","true"
"211","229","0.044999998062849045","true","true"
"211","230","0.044999998062849045","true","true"
"211","231","0.044999998062849045","true","true"
"211","232","0.044999998062849045","true","true"
"211","233","0.044999998062849045","true","true"
"211","234","0.044999998062849045","true","true"
"211","235","0.044999998062849045","true","true"
"211","236","0.044999998062849045","true","true"
"211","237","0.044999998062849045","true","true"
"211","238","0.044999998062849045","true","true"
"211","239","0.044999998062849045","true","true"
"211","240","0.044999998062849045","true","true"
"211","241","0.044999998062849045","true","true"
"211","242","0.044999998062849045","true","true"
"211","243","0.044999998062849045","true","true"
"211","244","0.044999998062849045","true","true"
"215","222","0.037700995802879333","true","false"
"215","223","0.037700995802879333","true","false"
"224","227","0","true","true"
"224","228","0","true","true"
"224","229","0","true","true"
"224","230","0","true","true"
"224","231","0","true","true"
"224","232","0","true","true"
"224","233","0","true","true"
"224","235","0","true","true"
"224","236","0","true","true"
"224","237","0","true","true"
"224","238","0","true","true"
"224","239","0","true","true"
"224","240","0","true","true"
"224","241","0","true","true"
"225","227","0","true","true"
"225","228","0","true","true"
"225","229","0","true","true"
"225","230","0","true","true"
"225","231","0","true","true"
"225","232","0","true","true"
"225","233","0","true","true"
"225","235","0","true","true"
"225","236","0","true","true"
"225","237","0","true","true"
"225","238","0","true","true"
"225","239","0","true","true"
"225","240","0","true","true"
"225","241","0","true","true"
"226","227","0","true","true"
"226","228","0","true","true"
"226","229","0","true","true"
"226","230","0","true","true"
"226","231","0","true","true"
"226","232","0","true","true"
"226","233","0","true","true"
"226","235","0","true","true"
"226","236","0","true","true"
"226","237","0","true","true"
"226","238","0","true","true"
"226","239","0","true","true"
"226","240","0","true","true"
"226","241","0","true","true"
"227","234","0","true","true"
"227","242","0","true","true"
"227","243","0","true","true"
"227","244","0","true","true"
"228","234","0","true","true"
"228","242","0","true","true"
"228","243","0","true","true"
"228","244","0","true","true"
"229","234","0","true","true"
"229","242","0","true","true"
"229","243","0","true","true"
"229","244","0","true","true"
"230","234","0","true","true"
"230","242","0","true","true"
"230","243","0","true","true"
"230","244","0","true","true"
"231","234","0","true","true"
"231","242","0","true","true"
"231","243","0","true","true"
"231","244","0","true","true"
"232","234","0","true","true"
"232","242","0","true","true"
"232","243","0","true","true"
"232","244","0","true","true"
"233","234","0","true","true"
"233","242","0","true","true"
"233","243","0","true","true"
"233","244","0","true","true"
"234","235","0","true","true"
"234","236","0","true","true"
"234","237","0","true","true"
"234","238","0","true","true"
"234","239","0","true","true"
"234","240","0","true","true"
"234","241","0","true","true"
"235","242","0","true","true"
"235","243","0","true","true"
"235","244","0","true","true"
"236","242","0","true","true"
"236","243","0","true","true"
"236","244","0","true","true"
"237","242","0","true","true"
"237","243","0","true","true"
"237","244","0","true","true"
"238","242","0","true","true"
"238","243","0","true","true"
"238","244","0","true","true"
"239","242","0","true","true"
"239","243","0","true","true"
"239","244","0","true","true"
"240","242","0","true","true"
"240","243","0","true","true"
"240","244","0","true","true"
"241","242","0","true","true"
"241","243","0","true","true"
"241","244","0","true","true"
"251","257","0.040000006556510925","true","true"
"251","258","0.040000006556510925","true","true"
"251","259","0.040000006556510925","true","true"
"251","260","0.040000006556510925","true","true"
"251","261","0.040000006556510925","true","true"
"251","262","0.040000006556510925","true","true"
"251","263","0.040000006556510925","true","true"
"269","272","0.03176760673522949","true","false"
"270","273","0.03176760673522949","true","false"
"271","274","0.03176760673522949","true","false"
"311","313","0.018182992935180664","true","false"
"319","320","0","true","false"
"408","417","0.0000011920928955078125","true","false"
"408","462","0.000002384185791015625","true","false"
"408","465","0.000002384185791015625","true","false"
"408","467","0.000002384185791015625","true","false"
"408","468","0.000002384185791015625","true","false"
"408","538","0.04624640941619873","true","false"
"408","541","0.04624640941619873","true","false"
"408","542","0.04624640941619873","true","false"
"408","545","0.04624640941619873","true","false"
"408","600","0.04624676704406738","true","false"
"409","418","0.0000011920928955078125","true","false"
"409","475","0.000002384185791015625","true","false"
"409","476","0.000002384185791015625","true","false"
"409","477","0.000002384185791015625","true","false"
"409","478","0.000002384185791015625","true","false"
"409","559","0.04624640941619873","true","false"
"409","562","0.04624640941619873","true","false"
"409","563","0.04624640941619873","true","false"
"409","566","0.04624640941619873","true","false"
"409","602","0.04624676704406738","true","false"
"410","419","0.0000011920928955078125","true","false"
"410","491","0.000002384185791015625","true","false"
"410","494","0.000002384185791015625","true","false"
"410","497","0.000002384185791015625","true","false"
"410","498","0.000002384185791015625","true","false"
"410","580","0.04624640941619873","true","false"
"410","583","0.04624640941619873","true","false"
"410","584","0.04624640941619873","true","false"
"410","587","0.04624640941619873","true","false"
"410","605","0.04624676704406738","true","false"
"411","463","0.0000015497207641601562","true","false"
"411","464","0.0000015497207641601562","true","false"
"411","466","0.0000015497207641601562","true","false"
"411","469","0.0000015497207641601562","true","false"
"411","470","0.0000015497207641601562","true","false"
"411","539","0.046245574951171875","true","false"
"411","540","0.046245574951171875","true","false"
"411","541","0.046245574951171875","true","false"
"411","542","0.046245574951171875","true","false"
"411","543","0.046245574951171875","true","false"
"411","544","0.046245574951171875","true","false"
"411","601","0.04624593257904053","true","false"
"412","479","0.0000015497207641601562","true","false"
"412","480","0.0000015497207641601562","true","false"
"412","483","0.0000015497207641601562","true","false"
"412","484","0.0000015497207641601562","true","false"
"412","485","0.0000015497207641601562","true","false"
"412","560","0.046245574951171875","true","false"
"412","561","0.046245574951171875","true","false"
"412","562","0.046245574951171875","true","false"
"412","563","0.046245574951171875","true","false"
"412","564","0.046245574951171875","true","false"
"412","565","0.046245574951171875","true","false"
"412","603","0.04624593257904053","true","false"
"413","488","0.0000015497207641601562","true","false"
"413","489","0.0000015497207641601562","true","false"
"413","490","0.0000015497207641601562","true","false"
"413","492","0.0000015497207641601562","true","false"
"413","493","0.0000015497207641601562","true","false"
"413","581","0.046245574951171875","true","false"
"413","582","0.046245574951171875","true","false"
"413","583","0.046245574951171875","true","false"
"413","584","0.046245574951171875","true","false"
"413","585","0.046245574951171875","true","false"
"413","586","0.046245574951171875","true","false"
"413","604","0.04624593257904053","true","false"
"414","417","1.1920928955078125e-7","true","false"
"414","462","0.0000013113021850585938","true","false"
"414","501","0.0000015497207641601562","true","false"
"414","535","0.04624533653259277","true","false"
"414","536","0.04624533653259277","true","false"
"414","539","0.04624533653259277","true","false"
"414","600","0.046245694160461426","true","false"
"415","418","1.1920928955078125e-7","true","false"
"415","475","0.0000013113021850585938","true","false"
"415","503","0.0000015497207641601562","true","false"
"415","556","0.04624533653259277","true","false"
"415","557","0.04624533653259277","true","false"
"415","560","0.04624533653259277","true","false"
"415","602","0.046245694160461426","true","false"
"416","419","1.1920928955078125e-7","true","false"
"416","491","0.0000013113021850585938","true","false"
"416","506","0.0000015497207641601562","true","false"
"416","577","0.04624533653259277","true","false"
"416","578","0.04624533653259277","true","false"
"416","581","0.04624533653259277","true","false"
"416","605","0.046245694160461426","true","false"
"417","462","0.0000011920928955078125","true","false"
"417","465","0.0000011920928955078125","true","false"
"417","501","0.000001430511474609375","true","false"
"417","536","0.04624521732330322","true","false"
"417","538","0.04624521732330322","true","false"
"417","539","0.04624521732330322","true","false"
"417","541","0.04624521732330322","true","false"
"417","600","0.046245574951171875","true","false"
"418","475","0.0000011920928955078125","true","false"
"418","476","0.0000011920928955078125","true","false"
"418","503","0.000001430511474609375","true","false"
"418","557","0.04624521732330322","true","false"
"418","559","0.04624521732330322","true","false"
"418","560","0.04624521732330322","true","false"
"418","562","0.04624521732330322","true","false"
"418","602","0.046245574951171875","true","false"
"419","491","0.0000011920928955078125","true","false"
"419","494","0.0000011920928955078125","true","false"
"419","506","0.000001430511474609375","true","false"
"419","578","0.04624521732330322","true","false"
"419","580","0.04624521732330322","true","false"
"419","581","0.04624521732330322","true","false"
"419","583","0.04624521732330322","true","false"
"419","605","0.046245574951171875","true","false"
"420","510","0.000002384185791015625","true","false"
"420","520","0.046244025230407715","true","false"
"420","521","0.046244025230407715","true","false"
"420","600","0.04624485969543457","true","false"
"421","511","0.000002384185791015625","true","false"
"421","526","0.046244025230407715","true","false"
"421","527","0.046244025230407715","true","false"
"421","602","0.04624485969543457","true","false"
"422","512","0.000002384185791015625","true","false"
"422","532","0.046244025230407715","true","false"
"422","533","0.046244025230407715","true","false"
"422","605","0.04624485969543457","true","false"
"423","424","0","true","false"
"423","427","0","true","false"
"423","428","0","true","false"
"423","471","2.384185791015625e-7","true","false"
"423","472","2.384185791015625e-7","true","false"
"423","548","0.046244263648986816","true","false"
"423","550","0.046244263648986816","true","false"
"423","551","0.046244263648986816","true","false"
"423","553","0.046244263648986816","true","false"
"423","600","0.04624462127685547","true","false"
"424","427","0","true","false"
"424","428","0","true","false"
"424","471","2.384185791015625e-7","true","false"
"424","472","2.384185791015625e-7","true","false"
"424","548","0.046244263648986816","true","false"
"424","550","0.046244263648986816","true","false"
"424","551","0.046244263648986816","true","false"
"424","553","0.046244263648986816","true","false"
"424","600","0.04624462127685547","true","false"
"425","426","0","true","false"
"425","429","0","true","false"
"425","430","0","true","false"
"425","473","2.384185791015625e-7","true","false"
"425","474","2.384185791015625e-7","true","false"
"425","547","0.046244263648986816","true","false"
"425","549","0.046244263648986816","true","false"
"425","550","0.046244263648986816","true","false"
"425","551","0.046244263648986816","true","false"
"425","552","0.046244263648986816","true","false"
"425","554","0.046244263648986816","true","false"
"425","601","0.04624462127685547","true","false"
"426","429","0","true","false"
"426","430","0","true","false"
"426","473","2.384185791015625e-7","true","false"
"426","474","2.384185791015625e-7","true","false"
"426","547","0.046244263648986816","true","false"
"426","549","0.046244263648986816","true","false"
"426","550","0.046244263648986816","true","false"
"426","551","0.046244263648986816","true","false"
"426","552","0.046244263648986816","true","false"
"426","554","0.046244263648986816","true","false"
"426","601","0.04624462127685547","true","false"
"427","428","0","true","false"
"427","431","0","true","false"
"427","432","0","true","false"
"427","517","0.04624378681182861","true","false"
"427","550","0.046244263648986816","true","false"
"427","553","0.046244263648986816","true","false"
"427","554","0.046244263648986816","true","false"
"427","600","0.04624462127685547","true","false"
"428","431","0","true","false"
"428","432","0","true","false"
"428","517","0.04624378681182861","true","false"
"428","550","0.046244263648986816","true","false"
"428","553","0.046244263648986816","true","false"
"428","554","0.046244263648986816","true","false"
"428","600","0.04624462127685547","true","false"
"429","430","0","true","false"
"429","433","0","true","false"
"429","434","0","true","false"
"429","516","0.04624378681182861","true","false"
"429","518","0.04624378681182861","true","false"
"429","551","0.046244263648986816","true","false"
"429","552","0.046244263648986816","true","false"
"429","553","0.046244263648986816","true","false"
"429","554","0.046244263648986816","true","false"
"429","601","0.04624462127685547","true","false"
"430","433","0","true","false"
"430","434","0","true","false"
"430","516","0.04624378681182861","true","false"
"430","518","0.04624378681182861","true","false"
"430","551","0.046244263648986816","true","false"
"430","552","0.046244263648986816","true","false"
"430","553","0.046244263648986816","true","false"
"430","554","0.046244263648986816","true","false"
"430","601","0.04624462127685547","true","false"
"431","432","0","true","false"
"431","517","0.04624378681182861","true","false"
"431","518","0.04624378681182861","true","false"
"431","554","0.046244263648986816","true","false"
"431","600","0.04624462127685547","true","false"
"432","517","0.04624378681182861","true","false"
"432","518","0.04624378681182861","true","false"
"432","554","0.046244263648986816","true","false"
"432","600","0.04624462127685547","true","false"
"433","434","0","true","false"
"433","516","0.04624378681182861","true","false"
"433","517","0.04624378681182861","true","false"
"433","518","0.04624378681182861","true","false"
"433","519","0.04624378681182861","true","false"
"433","553","0.046244263648986816","true","false"
"433","601","0.04624462127685547","true","false"
"434","516","0.04624378681182861","true","false"
"434","517","0.04624378681182861","true","false"
"434","518","0.04624378681182861","true","false"
"434","519","0.04624378681182861","true","false"
"434","553","0.046244263648986816","true","false"
"434","601","0.04624462127685547","true","false"
"435","513","0.000002384185791015625","true","false"
"435","519","0.04624378681182861","true","false"
"435","520","0.04624378681182861","true","false"
"435","521","0.04624378681182861","true","false"
"435","601","0.04624462127685547","true","false"
"436","437","0","true","false"
"436","438","0","true","false"
"436","439","0","true","false"
"436","481","2.384185791015625e-7","true","false"
"436","482","2.384185791015625e-7","true","false"
"436","569","0.046244263648986816","true","false"
"436","571","0.046244263648986816","true","false"
"436","572","0.046244263648986816","true","false"
"436","574","0.046244263648986816","true","false"
"436","602","0.04624462127685547","true","false"
"437","438","0","true","false"
"437","439","0","true","false"
"437","481","2.384185791015625e-7","true","false"
"437","482","2.384185791015625e-7","true","false"
"437","569","0.046244263648986816","true","false"
"437","571","0.046244263648986816","true","false"
"437","572","0.046244263648986816","true","false"
"437","574","0.046244263648986816","true","false"
"437","602","0.04624462127685547","true","false"
"438","439","0","true","false"
"438","440","0","true","false"
"438","441","0","true","false"
"438","523","0.04624378681182861","true","false"
"438","571","0.046244263648986816","true","false"
"438","574","0.046244263648986816","true","false"
"438","575","0.046244263648986816","true","false"
"438","602","0.04624462127685547","true","false"
"439","440","0","true","false"
"439","441","0","true","false"
"439","523","0.04624378681182861","true","false"
"439","571","0.046244263648986816","true","false"
"439","574","0.046244263648986816","true","false"
"439","575","0.046244263648986816","true","false"
"439","602","0.04624462127685547","true","false"
"440","441","0","true","false"
"440","523","0.04624378681182861","true","false"
"440","524","0.04624378681182861","true","false"
"440","575","0.046244263648986816","true","false"
"440","602","0.04624462127685547","true","false"
"441","523","0.04624378681182861","true","false"
"441","524","0.04624378681182861","true","false"
"441","575","0.046244263648986816","true","false"
"441","602","0.04624462127685547","true","false"
"442","443","0","true","false"
"442","444","0","true","false"
"442","445","0","true","false"
"442","486","2.384185791015625e-7","true","false"
"442","487","2.384185791015625e-7","true","false"
"442","568","0.046244263648986816","true","false"
"442","570","0.046244263648986816","true","false"
"442","571","0.046244263648986816","true","false"
"442","572","0.046244263648986816","true","false"
"442","573","0.046244263648986816","true","false"
"442","575","0.046244263648986816","true","false"
"442","603","0.04624462127685547","true","false"
"443","444","0","true","false"
"443","445","0","true","false"
"443","486","2.384185791015625e-7","true","false"
"443","487","2.384185791015625e-7","true","false"
"443","568","0.046244263648986816","true","false"
"443","570","0.046244263648986816","true","false"
"443","571","0.046244263648986816","true","false"
"443","572","0.046244263648986816","true","false"
"443","573","0.046244263648986816","true","false"
"443","575","0.046244263648986816","true","false"
"443","603","0.04624462127685547","true","false"
"444","445","0","true","false"
"444","446","0","true","false"
"444","447","0","true","false"
"444","522","0.04624378681182861","true","false"
"444","524","0.04624378681182861","true","false"
"444","572","0.046244263648986816","true","false"
"444","573","0.046244263648986816","true","false"
"444","574","0.046244263648986816","true","false"
"444","575","0.046244263648986816","true","false"
"444","603","0.04624462127685547","true","false"
"445","446","0","true","false"
"445","447","0","true","false"
"445","522","0.04624378681182861","true","false"
"445","524","0.04624378681182861","true","false"
"445","572","0.046244263648986816","true","false"
"445","573","0.046244263648986816","true","false"
"445","574","0.046244263648986816","true","false"
"445","575","0.046244263648986816","true","false"
"445","603","0.04624462127685547","true","false"
"446","447","0","true","false"
"446","522","0.04624378681182861","true","false"
"446","523","0.04624378681182861","true","false"
"446","524","0.04624378681182861","true","false"
"446","525","0.04624378681182861","true","false"
"446","574","0.046244263648986816","true","false"
"446","603","0.04624462127685547","true","false"
"447","522","0.04624378681182861","true","false"
"447","523","0.04624378681182861","true","false"
"447","524","0.04624378681182861","true","false"
"447","525","0.04624378681182861","true","false"
"447","574","0.046244263648986816","true","false"
"447","603","0.04624462127685547","true","false"
"448","514","0.000002384185791015625","true","false"
"448","525","0.04624378681182861","true","false"
"448","526","0.04624378681182861","true","false"
"448","527","0.04624378681182861","true","false"
"448","603","0.04624462127685547","true","false"
"449","450","0","true","false"
"449","451","0","true","false"
"449","452","0","true","false"
"449","495","2.384185791015625e-7","true","false"
"449","496","2.384185791015625e-7","true","false"
"449","589","0.046244263648986816","true","false"
"449","591","0.046244263648986816","true","false"
"449","592","0.046244263648986816","true","false"
"449","593","0.046244263648986816","true","false"
"449","594","0.046244263648986816","true","false"
"449","596","0.046244263648986816","true","false"
"449","604","0.04624462127685547","true","false"
"450","451","0","true","false"
"450","452","0","true","false"
"450","495","2.384185791015625e-7","true","false"
"450","496","2.384185791015625e-7","true","false"
"450","589","0.046244263648986816","true","false"
"450","591","0.046244263648986816","true","false"
"450","592","0.046244263648986816","true","false"
"450","593","0.046244263648986816","true","false"
"450","594","0.046244263648986816","true","false"
"450","596","0.046244263648986816","true","false"
"450","604","0.04624462127685547","true","false"
"451","452","0","true","false"
"451","455","0","true","false"
"451","456","0","true","false"
"451","528","0.04624378681182861","true","false"
"451","530","0.04624378681182861","true","false"
"451","593","0.046244263648986816","true","false"
"451","594","0.046244263648986816","true","false"
"451","595","0.046244263648986816","true","false"
"451","596","0.046244263648986816","true","false"
"451","604","0.04624462127685547","true","false"
"452","455","0","true","false"
"452","456","0","true","false"
"452","528","0.04624378681182861","true","false"
"452","530","0.04624378681182861","true","false"
"452","593","0.046244263648986816","true","false"
"452","594","0.046244263648986816","true","false"
"452","595","0.046244263648986816","true","false"
"452","596","0.046244263648986816","true","false"
"452","604","0.04624462127685547","true","false"
"453","454","0","true","false"
"453","457","0","true","false"
"453","458","0","true","false"
"453","499","2.384185791015625e-7","true","false"
"453","500","2.384185791015625e-7","true","false"
"453","590","0.046244263648986816","true","false"
"453","592","0.046244263648986816","true","false"
"453","593","0.046244263648986816","true","false"
"453","595","0.046244263648986816","true","false"
"453","605","0.04624462127685547","true","false"
"454","457","0","true","false"
"454","458","0","true","false"
"454","499","2.384185791015625e-7","true","false"
"454","500","2.384185791015625e-7","true","false"
"454","590","0.046244263648986816","true","false"
"454","592","0.046244263648986816","true","false"
"454","593","0.046244263648986816","true","false"
"454","595","0.046244263648986816","true","false"
"454","605","0.04624462127685547","true","false"
"455","456","0","true","false"
"455","528","0.04624378681182861","true","false"
"455","529","0.04624378681182861","true","false"
"455","530","0.04624378681182861","true","false"
"455","531","0.04624378681182861","true","false"
"455","595","0.046244263648986816","true","false"
"455","604","0.04624462127685547","true","false"
"456","528","0.04624378681182861","true","false"
"456","529","0.04624378681182861","true","false"
"456","530","0.04624378681182861","true","false"
"456","531","0.04624378681182861","true","false"
"456","595","0.046244263648986816","true","false"
"456","604","0.04624462127685547","true","false"
"457","458","0","true","false"
"457","460","0","true","false"
"457","461","0","true","false"
"457","529","0.04624378681182861","true","false"
"457","592","0.046244263648986816","true","false"
"457","595","0.046244263648986816","true","false"
"457","596","0.046244263648986816","true","false"
"457","605","0.04624462127685547","true","false"
"458","460","0","true","false"
"458","461","0","true","false"
"458","529","0.04624378681182861","true","false"
"458","592","0.046244263648986816","true","false"
"458","595","0.046244263648986816","true","false"
"458","596","0.046244263648986816","true","false"
"458","605","0.04624462127685547","true","false"
"459","515","0.000002384185791015625","true","false"
"459","531","0.04624378681182861","true","false"
"459","532","0.04624378681182861","true","false"
"459","533","0.04624378681182861","true","false"
"459","604","0.04624462127685547","true","false"
"460","461","0","true","false"
"460","529","0.04624378681182861","true","false"
"460","530","0.04624378681182861","true","false"
"460","596","0.046244263648986816","true","false"
"460","605","0.04624462127685547","true","false"
"461","529","0.04624378681182861","true","false"
"461","530","0.04624378681182861","true","false"
"461","596","0.046244263648986816","true","false"
"461","605","0.04624462127685547","true","false"
"462","465","0","true","false"
"462","501","2.384185791015625e-7","true","false"
"462","536","0.046244025230407715","true","false"
"462","538","0.046244025230407715","true","false"
"462","539","0.046244025230407715","true","false"
"462","541","0.046244025230407715","true","false"
"462","600","0.04624438285827637","true","false"
"463","464","0","true","false"
"463","466","0","true","false"
"463","502","2.384185791015625e-7","true","false"
"463","507","0.0000013113021850585938","true","false"
"463","535","0.046244025230407715","true","false"
"463","537","0.046244025230407715","true","false"
"463","538","0.046244025230407715","true","false"
"463","539","0.046244025230407715","true","false"
"463","540","0.046244025230407715","true","false"
"463","542","0.046244025230407715","true","false"
"463","601","0.04624438285827637","true","false"
"464","466","0","true","false"
"464","502","2.384185791015625e-7","true","false"
"464","507","0.0000013113021850585938","true","false"
"464","535","0.046244025230407715","true","false"
"464","537","0.046244025230407715","true","false"
"464","538","0.046244025230407715","true","false"
"464","539","0.046244025230407715","true","false"
"464","540","0.046244025230407715","true","false"
"464","542","0.046244025230407715","true","false"
"464","601","0.04624438285827637","true","false"
"465","467","0","true","false"
"465","468","0","true","false"
"465","538","0.046244025230407715","true","false"
"465","541","0.046244025230407715","true","false"
"465","542","0.046244025230407715","true","false"
"465","545","0.046244025230407715","true","false"
"465","600","0.04624438285827637","true","false"
"466","469","0","true","false"
"466","470","0","true","false"
"466","539","0.046244025230407715","true","false"
"466","540","0.046244025230407715","true","false"
"466","541","0.046244025230407715","true","false"
"466","542","0.046244025230407715","true","false"
"466","543","0.046244025230407715","true","false"
"466","544","0.046244025230407715","true","false"
"466","601","0.04624438285827637","true","false"
"467","468","0","true","false"
"467","471","0","true","false"
"467","472","0","true","false"
"467","542","0.046244025230407715","true","false"
"467","544","0.046244025230407715","true","false"
"467","545","0.046244025230407715","true","false"
"467","547","0.046244025230407715","true","false"
"467","600","0.04624438285827637","true","false"
"468","471","0","true","false"
"468","472","0","true","false"
"468","542","0.046244025230407715","true","false"
"468","544","0.046244025230407715","true","false"
"468","545","0.046244025230407715","true","false"
"468","547","0.046244025230407715","true","false"
"468","600","0.04624438285827637","true","false"
"469","470","0","true","false"
"469","473","0","true","false"
"469","474","0","true","false"
"469","541","0.046244025230407715","true","false"
"469","543","0.046244025230407715","true","false"
"469","544","0.046244025230407715","true","false"
"469","545","0.046244025230407715","true","false"
"469","546","0.046244025230407715","true","false"
"469","548","0.046244025230407715","true","false"
"469","601","0.04624438285827637","true","false"
"470","473","0","true","false"
"470","474","0","true","false"
"470","541","0.046244025230407715","true","false"
"470","543","0.046244025230407715","true","false"
"470","544","0.046244025230407715","true","false"
"470","545","0.046244025230407715","true","false"
"470","546","0.046244025230407715","true","false"
"470","548","0.046244025230407715","true","false"
"470","601","0.04624438285827637","true","false"
"471","472","0","true","false"
"471","544","0.046244025230407715","true","false"
"471","547","0.046244025230407715","true","false"
"471","548","0.046244025230407715","true","false"
"471","551","0.046244025230407715","true","false"
"471","600","0.04624438285827637","true","false"
"472","544","0.046244025230407715","true","false"
"472","547","0.046244025230407715","true","false"
"472","548","0.046244025230407715","true","false"
"472","551","0.046244025230407715","true","false"
"472","600","0.04624438285827637","true","false"
"473","474","0","true","false"
"473","545","0.046244025230407715","true","false"
"473","546","0.046244025230407715","true","false"
"473","547","0.046244025230407715","true","false"
"473","548","0.046244025230407715","true","false"
"473","549","0.046244025230407715","true","false"
"473","550","0.046244025230407715","true","false"
"473","601","0.04624438285827637","true","false"
"474","545","0.046244025230407715","true","false"
"474","546","0.046244025230407715","true","false"
"474","547","0.046244025230407715","true","false"
"474","548","0.046244025230407715","true","false"
"474","549","0.046244025230407715","true","false"
"474","550","0.046244025230407715","true","false"
"474","601","0.04624438285827637","true","false"
"475","476","0","true","false"
"475","503","2.384185791015625e-7","true","false"
"475","557","0.046244025230407715","true","false"
"475","559","0.046244025230407715","true","false"
"475","560","0.046244025230407715","true","false"
"475","562","0.046244025230407715","true","false"
"475","602","0.04624438285827637","true","false"
"476","477","0","true","false"
"476","478","0","true","false"
"476","559","0.046244025230407715","true","false"
"476","562","0.046244025230407715","true","false"
"476","563","0.046244025230407715","true","false"
"476","566","0.046244025230407715","true","false"
"476","602","0.04624438285827637","true","false"
"477","478","0","true","false"
"477","481","0","true","false"
"477","482","0","true","false"
"477","563","0.046244025230407715","true","false"
"477","565","0.046244025230407715","true","false"
"477","566","0.046244025230407715","true","false"
"477","568","0.046244025230407715","true","false"
"477","602","0.04624438285827637","true","false"
"478","481","0","true","false"
"478","482","0","true","false"
"478","563","0.046244025230407715","true","false"
"478","565","0.046244025230407715","true","false"
"478","566","0.046244025230407715","true","false"
"478","568","0.046244025230407715","true","false"
"478","602","0.04624438285827637","true","false"
"479","480","0","true","false"
"479","483","0","true","false"
"479","504","2.384185791015625e-7","true","false"
"479","508","0.0000013113021850585938","true","false"
"479","556","0.046244025230407715","true","false"
"479","558","0.046244025230407715","true","false"
"479","559","0.046244025230407715","true","false"
"479","560","0.046244025230407715","true","false"
"479","561","0.046244025230407715","true","false"
"479","563","0.046244025230407715","true","false"
"479","603","0.04624438285827637","true","false"
"480","483","0","true","false"
"480","504","2.384185791015625e-7","true","false"
"480","508","0.0000013113021850585938","true","false"
"480","556","0.046244025230407715","true","false"
"480","558","0.046244025230407715","true","false"
"480","559","0.046244025230407715","true","false"
"480","560","0.046244025230407715","true","false"
"480","561","0.046244025230407715","true","false"
"480","563","0.046244025230407715","true","false"
"480","603","0.04624438285827637","true","false"
"481","482","0","true","false"
"481","565","0.046244025230407715","true","false"
"481","568","0.046244025230407715","true","false"
"481","569","0.046244025230407715","true","false"
"481","572","0.046244025230407715","true","false"
"481","602","0.04624438285827637","true","false"
"482","565","0.046244025230407715","true","false"
"482","568","0.046244025230407715","true","false"
"482","569","0.046244025230407715","true","false"
"482","572","0.046244025230407715","true","false"
"482","602","0.04624438285827637","true","false"
"483","484","0","true","false"
"483","485","0","true","false"
"483","560","0.046244025230407715","true","false"
"483","561","0.046244025230407715","true","false"
"483","562","0.046244025230407715","true","false"
"483","563","0.046244025230407715","true","false"
"483","564","0.046244025230407715","true","false"
"483","565","0.046244025230407715","true","false"
"483","603","0.04624438285827637","true","false"
"484","485","0","true","false"
"484","486","0","true","false"
"484","487","0","true","false"
"484","562","0.046244025230407715","true","false"
"484","564","0.046244025230407715","true","false"
"484","565","0.046244025230407715","true","false"
"484","566","0.046244025230407715","true","false"
"484","567","0.046244025230407715","true","false"
"484","569","0.046244025230407715","true","false"
"484","603","0.04624438285827637","true","false"
"485","486","0","true","false"
"485","487","0","true","false"
"485","562","0.046244025230407715","true","false"
"485","564","0.046244025230407715","true","false"
"485","565","0.046244025230407715","true","false"
"485","566","0.046244025230407715","true","false"
"485","567","0.046244025230407715","true","false"
"485","569","0.046244025230407715","true","false"
"485","603","0.04624438285827637","true","false"
"486","487","0","true","false"
"486","566","0.046244025230407715","true","false"
"486","567","0.046244025230407715","true","false"
"486","568","0.046244025230407715","true","false"
"486","569","0.046244025230407715","true","false"
"486","570","0.046244025230407715","true","false"
"486","571","0.046244025230407715","true","false"
"486","603","0.04624438285827637","true","false"
"487","566","0.046244025230407715","true","false"
"487","567","0.046244025230407715","true","false"
"487","568","0.046244025230407715","true","false"
"487","569","0.046244025230407715","true","false"
"487","570","0.046244025230407715","true","false"
"487","571","0.046244025230407715","true","false"
"487","603","0.04624438285827637","true","false"
"488","489","0","true","false"
"488","490","0","true","false"
"488","505","2.384185791015625e-7","true","false"
"488","509","0.0000013113021850585938","true","false"
"488","577","0.046244025230407715","true","false"
"488","579","0.046244025230407715","true","false"
"488","580","0.046244025230407715","true","false"
"488","581","0.046244025230407715","true","false"
"488","582","0.046244025230407715","true","false"
"488","584","0.046244025230407715","true","false"
"488","604","0.04624438285827637","true","false"
"489","490","0","true","false"
"489","505","2.384185791015625e-7","true","false"
"489","509","0.0000013113021850585938","true","false"
"489","577","0.046244025230407715","true","false"
"489","579","0.046244025230407715","true","false"
"489","580","0.046244025230407715","true","false"
"489","581","0.046244025230407715","true","false"
"489","582","0.046244025230407715","true","false"
"489","584","0.046244025230407715","true","false"
"489","604","0.04624438285827637","true","false"
"490","492","0","true","false"
"490","493","0","true","false"
"490","581","0.046244025230407715","true","false"
"490","582","0.046244025230407715","true","false"
"490","583","0.046244025230407715","true","false"
"490","584","0.046244025230407715","true","false"
"490","585","0.046244025230407715","true","false"
"490","586","0.046244025230407715","true","false"
"490","604","0.04624438285827637","true","false"
"491","494","0","true","false"
"491","506","2.384185791015625e-7","true","false"
"491","578","0.046244025230407715","true","false"
"491","580","0.046244025230407715","true","false"
"491","581","0.046244025230407715","true","false"
"491","583","0.046244025230407715","true","false"
"491","605","0.04624438285827637","true","false"
"492","493","0","true","false"
"492","495","0","true","false"
"492","496","0","true","false"
"492","583","0.046244025230407715","true","false"
"492","585","0.046244025230407715","true","false"
"492","586","0.046244025230407715","true","false"
"492","587","0.046244025230407715","true","false"
"492","588","0.046244025230407715","true","false"
"492","590","0.046244025230407715","true","false"
"492","604","0.04624438285827637","true","false"
"493","495","0","true","false"
"493","496","0","true","false"
"493","583","0.046244025230407715","true","false"
"493","585","0.046244025230407715","true","false"
"493","586","0.046244025230407715","true","false"
"493","587","0.046244025230407715","true","false"
"493","588","0.046244025230407715","true","false"
"493","590","0.046244025230407715","true","false"
"493","604","0.04624438285827637","true","false"
"494","497","0","true","false"
"494","498","0","true","false"
"494","580","0.046244025230407715","true","false"
"494","583","0.046244025230407715","true","false"
"494","584","0.046244025230407715","true","false"
"494","587","0.046244025230407715","true","false"
"494","605","0.04624438285827637","true","false"
"495","496","0","true","false"
"495","587","0.046244025230407715","true","false"
"495","588","0.046244025230407715","true","false"
"495","589","0.046244025230407715","true","false"
"495","590","0.046244025230407715","true","false"
"495","591","0.046244025230407715","true","false"
"495","592","0.046244025230407715","true","false"
"495","604","0.04624438285827637","true","false"
"496","587","0.046244025230407715","true","false"
"496","588","0.046244025230407715","true","false"
"496","589","0.046244025230407715","true","false"
"496","590","0.046244025230407715","true","false"
"496","591","0.046244025230407715","true","false"
"496","592","0.046244025230407715","true","false"
"496","604","0.04624438285827637","true","false"
"497","498","0","true","false"
"497","499","0","true","false"
"497","500","0","true","false"
"497","584","0.046244025230407715","true","false"
"497","586","0.046244025230407715","true","false"
"497","587","0.046244025230407715","true","false"
"497","589","0.046244025230407715","true","false"
"497","605","0.04624438285827637","true","false"
"498","499","0","true","false"
"498","500","0","true","false"
"498","584","0.046244025230407715","true","false"
"498","586","0.046244025230407715","true","false"
"498","587","0.046244025230407715","true","false"
"498","589","0.046244025230407715","true","false"
"498","605","0.04624438285827637","true","false"
"499","500","0","true","false"
"499","586","0.046244025230407715","true","false"
"499","589","0.046244025230407715","true","false"
"499","590","0.046244025230407715","true","false"
"499","593","0.046244025230407715","true","false"
"499","605","0.04624438285827637","true","false"
"500","586","0.046244025230407715","true","false"
"500","589","0.046244025230407715","true","false"
"500","590","0.046244025230407715","true","false"
"500","593","0.046244025230407715","true","false"
"500","605","0.04624438285827637","true","false"
"501","535","0.04624378681182861","true","false"
"501","536","0.04624378681182861","true","false"
"501","539","0.04624378681182861","true","false"
"501","600","0.046244144439697266","true","false"
"502","507","0.0000010728836059570312","true","false"
"502","534","0.04624378681182861","true","false"
"502","535","0.04624378681182861","true","false"
"502","536","0.04624378681182861","true","false"
"502","537","0.04624378681182861","true","false"
"502","538","0.04624378681182861","true","false"
"502","597","0.04624378681182861","true","false"
"502","601","0.046244144439697266","true","false"
"503","556","0.04624378681182861","true","false"
"503","557","0.04624378681182861","true","false"
"503","560","0.04624378681182861","true","false"
"503","602","0.046244144439697266","true","false"
"504","508","0.0000010728836059570312","true","false"
"504","555","0.04624378681182861","true","false"
"504","556","0.04624378681182861","true","false"
"504","557","0.04624378681182861","true","false"
"504","558","0.04624378681182861","true","false"
"504","559","0.04624378681182861","true","false"
"504","598","0.04624378681182861","true","false"
"504","603","0.046244144439697266","true","false"
"505","509","0.0000010728836059570312","true","false"
"505","576","0.04624378681182861","true","false"
"505","577","0.04624378681182861","true","false"
"505","578","0.04624378681182861","true","false"
"505","579","0.04624378681182861","true","false"
"505","580","0.04624378681182861","true","false"
"505","599","0.04624378681182861","true","false"
"505","604","0.046244144439697266","true","false"
"506","577","0.04624378681182861","true","false"
"506","578","0.04624378681182861","true","false"
"506","581","0.04624378681182861","true","false"
"506","605","0.046244144439697266","true","false"
"507","534","0.046242713928222656","true","false"
"507","535","0.046242713928222656","true","false"
"507","536","0.046242713928222656","true","false"
"507","537","0.046242713928222656","true","false"
"507","538","0.046242713928222656","true","false"
"507","597","0.046242713928222656","true","false"
"507","601","0.04624307155609131","true","false"
"508","555","0.046242713928222656","true","false"
"508","556","0.046242713928222656","true","false"
"508","557","0.046242713928222656","true","false"
"508","558","0.046242713928222656","true","false"
"508","559","0.046242713928222656","true","false"
"508","598","0.046242713928222656","true","false"
"508","603","0.04624307155609131","true","false"
"509","576","0.046242713928222656","true","false"
"509","577","0.046242713928222656","true","false"
"509","578","0.046242713928222656","true","false"
"509","579","0.046242713928222656","true","false"
"509","580","0.046242713928222656","true","false"
"509","599","0.046242713928222656","true","false"
"509","604","0.04624307155609131","true","false"
"510","520","0.0462416410446167","true","false"
"510","521","0.0462416410446167","true","false"
"510","600","0.046242475509643555","true","false"
"511","526","0.0462416410446167","true","false"
"511","527","0.0462416410446167","true","false"
"511","602","0.046242475509643555","true","false"
"512","532","0.0462416410446167","true","false"
"512","533","0.0462416410446167","true","false"
"512","605","0.046242475509643555","true","false"
"513","519","0.0462414026260376","true","false"
"513","520","0.0462414026260376","true","false"
"513","521","0.0462414026260376","true","false"
"513","601","0.04624223709106445","true","false"
"514","525","0.0462414026260376","true","false"
"514","526","0.0462414026260376","true","false"
"514","527","0.0462414026260376","true","false"
"514","603","0.04624223709106445","true","false"
"515","531","0.0462414026260376","true","false"
"515","532","0.0462414026260376","true","false"
"515","533","0.0462414026260376","true","false"
"515","604","0.04624223709106445","true","false"
"516","517","0","true","false"
"516","518","0","true","false"
"516","553","4.76837158203125e-7","true","false"
"516","554","4.76837158203125e-7","true","false"
"516","600","8.344650268554688e-7","true","false"
"517","518","0","true","false"
"517","519","0","true","false"
"517","554","4.76837158203125e-7","true","false"
"517","600","8.344650268554688e-7","true","false"
"517","601","8.344650268554688e-7","true","false"
"518","519","0","true","false"
"518","553","4.76837158203125e-7","true","false"
"518","600","8.344650268554688e-7","true","false"
"518","601","8.344650268554688e-7","true","false"
"519","520","0","true","false"
"519","521","0","true","false"
"519","600","8.344650268554688e-7","true","false"
"520","521","0","true","false"
"520","600","8.344650268554688e-7","true","false"
"520","601","8.344650268554688e-7","true","false"
"521","600","8.344650268554688e-7","true","false"
"521","601","8.344650268554688e-7","true","false"
"522","523","0","true","false"
"522","524","0","true","false"
"522","574","4.76837158203125e-7","true","false"
"522","575","4.76837158203125e-7","true","false"
"522","603","8.344650268554688e-7","true","false"
"523","524","0","true","false"
"523","525","0","true","false"
"523","575","4.76837158203125e-7","true","false"
"523","602","8.344650268554688e-7","true","false"
"523","603","8.344650268554688e-7","true","false"
"524","525","0","true","false"
"524","574","4.76837158203125e-7","true","false"
"524","602","8.344650268554688e-7","true","false"
"524","603","8.344650268554688e-7","true","false"
"525","526","0","true","false"
"525","527","0","true","false"
"526","527","0","true","false"
"526","602","8.344650268554688e-7","true","false"
"526","603","8.344650268554688e-7","true","false"
"527","602","8.344650268554688e-7","true","false"
"527","603","8.344650268554688e-7","true","false"
"528","529","0","true","false"
"528","530","0","true","false"
"528","595","4.76837158203125e-7","true","false"
"528","596","4.76837158203125e-7","true","false"
"529","530","0","true","false"
"529","531","0","true","false"
"529","596","4.76837158203125e-7","true","false"
"529","604","8.344650268554688e-7","true","false"
"529","605","8.344650268554688e-7","true","false"
"530","531","0","true","false"
"530","595","4.76837158203125e-7","true","false"
"530","604","8.344650268554688e-7","true","false"
"530","605","8.344650268554688e-7","true","false"
"531","532","0","true","false"
"531","533","0","true","false"
"532","533","0","true","false"
"532","604","8.344650268554688e-7","true","false"
"532","605","8.344650268554688e-7","true","false"
"533","604","8.344650268554688e-7","true","false"
"533","605","8.344650268554688e-7","true","false"
"534","535","0","true","false"
"534","536","0","true","false"
"535","536","0","true","false"
"535","537","0","true","false"
"535","538","0","true","false"
"535","600","3.5762786865234375e-7","true","false"
"535","601","3.5762786865234375e-7","true","false"
"536","537","0","true","false"
"536","539","0","true","false"
"536","597","0","true","false"
"536","600","3.5762786865234375e-7","true","false"
"536","601","3.5762786865234375e-7","true","false"
"537","538","0","true","false"
"537","539","0","true","false"
"537","600","3.5762786865234375e-7","true","false"
"538","539","0","true","false"
"538","540","0","true","false"
"538","541","0","true","false"
"538","600","3.5762786865234375e-7","true","false"
"538","601","3.5762786865234375e-7","true","false"
"539","540","0","true","false"
"539","542","0","true","false"
"539","600","3.5762786865234375e-7","true","false"
"539","601","3.5762786865234375e-7","true","false"
"540","541","0","true","false"
"540","542","0","true","false"
"541","542","0","true","false"
"541","543","0","true","false"
"541","544","0","true","false"
"541","600","3.5762786865234375e-7","true","false"
"541","601","3.5762786865234375e-7","true","false"
"542","543","0","true","false"
"542","545","0","true","false"
"542","600","3.5762786865234375e-7","true","false"
"542","601","3.5762786865234375e-7","true","false"
"543","544","0","true","false"
"543","545","0","true","false"
"544","545","0","true","false"
"544","546","0","true","false"
"544","547","0","true","false"
"544","600","3.5762786865234375e-7","true","false"
"544","601","3.5762786865234375e-7","true","false"
"545","546","0","true","false"
"545","548","0","true","false"
"545","600","3.5762786865234375e-7","true","false"
"545","601","3.5762786865234375e-7","true","false"
"546","547","0","true","false"
"546","548","0","true","false"
"547","548","0","true","false"
"547","549","0","true","false"
"547","550","0","true","false"
"547","600","3.5762786865234375e-7","true","false"
"547","601","3.5762786865234375e-7","true","false"
"548","549","0","true","false"
"548","551","0","true","false"
"548","600","3.5762786865234375e-7","true","false"
"548","601","3.5762786865234375e-7","true","false"
"549","550","0","true","false"
"549","551","0","true","false"
"550","551","0","true","false"
"550","552","0","true","false"
"550","553","0","true","false"
"550","600","3.5762786865234375e-7","true","false"
"550","601","3.5762786865234375e-7","true","false"
"551","552","0","true","false"
"551","554","0","true","false"
"551","600","3.5762786865234375e-7","true","false"
"551","601","3.5762786865234375e-7","true","false"
"552","553","0","true","false"
"552","554","0","true","false"
"552","600","3.5762786865234375e-7","true","false"
"553","554","0","true","false"
"553","600","3.5762786865234375e-7","true","false"
"553","601","3.5762786865234375e-7","true","false"
"554","600","3.5762786865234375e-7","true","false"
"554","601","3.5762786865234375e-7","true","false"
"555","556","0","true","false"
"555","557","0","true","false"
"556","557","0","true","false"
"556","558","0","true","false"
"556","559","0","true","false"
"556","602","3.5762786865234375e-7","true","false"
"556","603","3.5762786865234375e-7","true","false"
"557","558","0","true","false"
"557","560","0","true","false"
"557","598","0","true","false"
"557","602","3.5762786865234375e-7","true","false"
"557","603","3.5762786865234375e-7","true","false"
"558","559","0","true","false"
"558","560","0","true","false"
"559","560","0","true","false"
"559","561","0","true","false"
"559","562","0","true","false"
"559","602","3.5762786865234375e-7","true","false"
"559","603","3.5762786865234375e-7","true","false"
"560","561","0","true","false"
"560","563","0","true","false"
"560","602","3.5762786865234375e-7","true","false"
"560","603","3.5762786865234375e-7","true","false"
"561","562","0","true","false"
"561","563","0","true","false"
"561","602","3.5762786865234375e-7","true","false"
"562","563","0","true","false"
"562","564","0","true","false"
"562","565","0","true","false"
"562","602","3.5762786865234375e-7","true","false"
"562","603","3.5762786865234375e-7","true","false"
"563","564","0","true","false"
"563","566","0","true","false"
"563","602","3.5762786865234375e-7","true","false"
"563","603","3.5762786865234375e-7","true","false"
"564","565","0","true","false"
"564","566","0","true","false"
"564","603","3.5762786865234375e-7","true","false"
"565","566","0","true","false"
"565","567","0","true","false"
"565","568","0","true","false"
"565","602","3.5762786865234375e-7","true","false"
"565","603","3.5762786865234375e-7","true","false"
"566","567","0","true","false"
"566","569","0","true","false"
"566","602","3.5762786865234375e-7","true","false"
"566","603","3.5762786865234375e-7","true","false"
"567","568","0","true","false"
"567","569","0","true","false"
"567","603","3.5762786865234375e-7","true","false"
"568","569","0","true","false"
"568","570","0","true","false"
"568","571","0","true","false"
"568","602","3.5762786865234375e-7","true","false"
"568","603","3.5762786865234375e-7","true","false"
"569","570","0","true","false"
"569","572","0","true","false"
"569","602","3.5762786865234375e-7","true","false"
"569","603","3.5762786865234375e-7","true","false"
"570","571","0","true","false"
"570","572","0","true","false"
"570","603","3.5762786865234375e-7","true","false"
"571","572","0","true","false"
"571","573","0","true","false"
"571","574","0","true","false"
"571","602","3.5762786865234375e-7","true","false"
"571","603","3.5762786865234375e-7","true","false"
"572","573","0","true","false"
"572","575","0","true","false"
"572","602","3.5762786865234375e-7","true","false"
"572","603","3.5762786865234375e-7","true","false"
"573","574","0","true","false"
"573","575","0","true","false"
"573","603","3.5762786865234375e-7","true","false"
"574","575","0","true","false"
"574","602","3.5762786865234375e-7","true","false"
"574","603","3.5762786865234375e-7","true","false"
"575","602","3.5762786865234375e-7","true","false"
"575","603","3.5762786865234375e-7","true","false"
"576","577","0","true","false"
"576","578","0","true","false"
"577","578","0","true","false"
"577","579","0","true","false"
"577","580","0","true","false"
"577","604","3.5762786865234375e-7","true","false"
"577","605","3.5762786865234375e-7","true","false"
"578","579","0","true","false"
"578","581","0","true","false"
"578","599","0","true","false"
"578","604","3.5762786865234375e-7","true","false"
"578","605","3.5762786865234375e-7","true","false"
"579","580","0","true","false"
"579","581","0","true","false"
"580","581","0","true","false"
"580","582","0","true","false"
"580","583","0","true","false"
"580","604","3.5762786865234375e-7","true","false"
"580","605","3.5762786865234375e-7","true","false"
"581","582","0","true","false"
"581","584","0","true","false"
"581","604","3.5762786865234375e-7","true","false"
"581","605","3.5762786865234375e-7","true","false"
"582","583","0","true","false"
"582","584","0","true","false"
"583","584","0","true","false"
"583","585","0","true","false"
"583","586","0","true","false"
"583","604","3.5762786865234375e-7","true","false"
"583","605","3.5762786865234375e-7","true","false"
"584","585","0","true","false"
"584","587","0","true","false"
"584","604","3.5762786865234375e-7","true","false"
"584","605","3.5762786865234375e-7","true","false"
"585","586","0","true","false"
"585","587","0","true","false"
"586","587","0","true","false"
"586","588","0","true","false"
"586","589","0","true","false"
"586","604","3.5762786865234375e-7","true","false"
"586","605","3.5762786865234375e-7","true","false"
"587","588","0","true","false"
"587","590","0","true","false"
"587","604","3.5762786865234375e-7","true","false"
"587","605","3.5762786865234375e-7","true","false"
"588","589","0","true","false"
"588","590","0","true","false"
"588","604","3.5762786865234375e-7","true","false"
"589","590","0","true","false"
"589","591","0","true","false"
"589","592","0","true","false"
"589","604","3.5762786865234375e-7","true","false"
"589","605","3.5762786865234375e-7","true","false"
"590","591","0","true","false"
"590","593","0","true","false"
"590","604","3.5762786865234375e-7","true","false"
"590","605","3.5762786865234375e-7","true","false"
"591","592","0","true","false"
"591","593","0","true","false"
"592","593","0","true","false"
"592","594","0","true","false"
"592","595","0","true","false"
"592","604","3.5762786865234375e-7","true","false"
"592","605","3.5762786865234375e-7","true","false"
"593","594","0","true","false"
"593","596","0","true","false"
"593","604","3.5762786865234375e-7","true","false"
"593","605","3.5762786865234375e-7","true","false"
"594","595","0","true","false"
"594","596","0","true","false"
"594","604","3.5762786865234375e-7","true","false"
"595","596","0","true","false"
"595","604","3.5762786865234375e-7","true","false"
"595","605","3.5762786865234375e-7","true","false"
"596","604","3.5762786865234375e-7","true","false"
"596","605","3.5762786865234375e-7","true","false"
"611","617","0.0000064373016357421875","true","false"
"612","618","0.0000064373016357421875","true","false"
"613","619","0.0000064373016357421875","true","false"
"614","617","0.000005245208740234375","true","false"
"615","618","0.000005245208740234375","true","false"
"616","619","0.000005245208740234375","true","false"
"620","638","0.007910609245300293","true","false"
"621","639","0.007910609245300293","true","false"
"622","624","0","true","true"
"622","625","0","true","true"
"623","624","0","true","true"
"623","625","0","true","true"
"626","628","0","true","true"
"626","629","0","true","true"
"627","628","0","true","true"
"627","629","0","true","true"
"630","632","0","true","true"
"630","633","0","true","true"
"631","632","0","true","true"
"631","633","0","true","true"
"634","636","0","true","true"
"634","637","0","true","true"
"635","636","0","true","true"
"635","637","0","true","true"
"645","646","0","true","true"
"646","647","0","true","true"
"648","649","0","true","true"
"649","650","0","true","true"
"651","654","0","true","false"
"651","657","3.5762786865234375e-7","true","false"
"651","663","4.76837158203125e-7","true","false"
"652","656","0","true","false"
"652","659","3.5762786865234375e-7","true","false"
"652","664","4.76837158203125e-7","true","false"
"653","655","0","true","false"
"653","658","3.5762786865234375e-7","true","false"
"653","665","4.76837158203125e-7","true","false"
"654","660","4.76837158203125e-7","true","false"
"654","663","4.76837158203125e-7","true","false"
"654","666","5.960464477539062e-7","true","false"
"654","675","0.0000030994415283203125","true","false"
"655","661","4.76837158203125e-7","true","false"
"655","665","4.76837158203125e-7","true","false"
"655","667","5.960464477539062e-7","true","false"
"655","676","0.0000030994415283203125","true","false"
"656","662","4.76837158203125e-7","true","false"
"656","664","4.76837158203125e-7","true","false"
"656","668","5.960464477539062e-7","true","false"
"656","677","0.0000030994415283203125","true","false"
"657","660","1.1920928955078125e-7","true","false"
"658","661","1.1920928955078125e-7","true","false"
"659","662","1.1920928955078125e-7","true","false"
"660","663","0","true","false"
"660","669","2.384185791015625e-7","true","false"
"660","670","2.384185791015625e-7","true","false"
"660","675","0.0000026226043701171875","true","false"
"661","665","0","true","false"
"661","671","2.384185791015625e-7","true","false"
"661","672","2.384185791015625e-7","true","false"
"661","676","0.0000026226043701171875","true","false"
"662","664","0","true","false"
"662","673","2.384185791015625e-7","true","false"
"662","674","2.384185791015625e-7","true","false"
"662","677","0.0000026226043701171875","true","false"
"663","666","1.1920928955078125e-7","true","false"
"663","675","0.0000026226043701171875","true","false"
"664","668","1.1920928955078125e-7","true","false"
"665","667","1.1920928955078125e-7","true","false"
"666","669","1.1920928955078125e-7","true","false"
"666","670","1.1920928955078125e-7","true","false"
"666","675","0.0000025033950805664062","true","false"
"667","671","1.1920928955078125e-7","true","false"
"667","672","1.1920928955078125e-7","true","false"
"667","676","0.0000025033950805664062","true","false"
"668","673","1.1920928955078125e-7","true","false"
"668","674","1.1920928955078125e-7","true","false"
"668","677","0.0000025033950805664062","true","false"
"669","670","0","true","false"
"669","675","0.000002384185791015625","true","false"
"671","672","0","true","false"
"671","676","0.000002384185791015625","true","false"
"673","674","0","true","false"
"673","677","0.000002384185791015625","true","false"
"708","734","0.011114120483398438","true","false"
"708","745","0.01640605926513672","true","false"
"708","746","0.01640605926513672","true","false"
"709","735","0.011114120483398438","true","false"
"709","747","0.01640605926513672","true","false"
"709","748","0.01640605926513672","true","false"
"710","719","0.005121946334838867","true","false"
"710","749","0.020680665969848633","true","false"
"710","767","0.030878782272338867","true","false"
"711","720","0.005121946334838867","true","false"
"711","736","0.013118743896484375","true","false"
"711","750","0.020680665969848633","true","false"
"712","737","0.013118743896484375","true","false"
"712","751","0.020680665969848633","true","false"
"712","780","0.032787203788757324","true","false"
"713","721","0.005121946334838867","true","false"
"713","752","0.020680665969848633","true","false"
"713","768","0.030878782272338867","true","false"
"714","722","0.005121946334838867","true","false"
"714","738","0.013118743896484375","true","false"
"714","753","0.020680665969848633","true","false"
"715","739","0.013118743896484375","true","false"
"715","754","0.020680665969848633","true","false"
"715","782","0.032787203788757324","true","false"
"716","723","0.005121946334838867","true","false"
"716","755","0.020680665969848633","true","false"
"716","769","0.030878782272338867","true","false"
"717","724","0.005121946334838867","true","false"
"717","740","0.013118743896484375","true","false"
"717","756","0.020680665969848633","true","false"
"718","741","0.013118743896484375","true","false"
"718","757","0.020680665969848633","true","false"
"718","784","0.032787203788757324","true","false"
"719","725","0.001877903938293457","true","false"
"720","726","0.001877903938293457","true","false"
"720","736","0.007996797561645508","true","false"
"721","728","0.001877903938293457","true","false"
"722","729","0.001877903938293457","true","false"
"722","738","0.007996797561645508","true","false"
"723","731","0.001877903938293457","true","false"
"724","732","0.001877903938293457","true","false"
"724","740","0.007996797561645508","true","false"
"725","736","0.006118893623352051","true","false"
"725","776","0.0257568359375","true","false"
"726","737","0.006118893623352051","true","false"
"727","742","0.006149411201477051","true","false"
"728","738","0.006118893623352051","true","false"
"728","777","0.0257568359375","true","false"
"729","739","0.006118893623352051","true","false"
"730","743","0.006149411201477051","true","false"
"731","740","0.006118893623352051","true","false"
"731","778","0.0257568359375","true","false"
"732","741","0.006118893623352051","true","false"
"733","744","0.006149411201477051","true","false"
"734","745","0.005291938781738281","true","false"
"734","746","0.005291938781738281","true","false"
"735","747","0.005291938781738281","true","false"
"735","748","0.005291938781738281","true","false"
"736","776","0.01963794231414795","true","false"
"738","777","0.01963794231414795","true","false"
"740","778","0.01963794231414795","true","false"
"745","746","0","true","false"
"747","748","0","true","false"
"749","758","0.005137205123901367","true","false"
"749","759","0.005137205123901367","true","false"
"749","767","0.010198116302490234","true","false"
"749","770","0.010228633880615234","true","false"
"749","776","0.012076020240783691","true","false"
"750","751","0","true","false"
"750","760","0.005137205123901367","true","false"
"750","770","0.010228633880615234","true","false"
"750","771","0.010228633880615234","true","false"
"750","779","0.012106537818908691","true","false"
"750","785","0.018194913864135742","true","false"
"750","786","0.018194913864135742","true","false"
"751","771","0.010228633880615234","true","false"
"751","780","0.012106537818908691","true","false"
"751","791","0.018255949020385742","true","false"
"752","761","0.005137205123901367","true","false"
"752","762","0.005137205123901367","true","false"
"752","768","0.010198116302490234","true","false"
"752","772","0.010228633880615234","true","false"
"752","777","0.012076020240783691","true","false"
"753","754","0","true","false"
"753","763","0.005137205123901367","true","false"
"753","772","0.010228633880615234","true","false"
"753","773","0.010228633880615234","true","false"
"753","781","0.012106537818908691","true","false"
"753","787","0.018194913864135742","true","false"
"753","788","0.018194913864135742","true","false"
"754","773","0.010228633880615234","true","false"
"754","782","0.012106537818908691","true","false"
"754","792","0.018255949020385742","true","false"
"755","764","0.005137205123901367","true","false"
"755","765","0.005137205123901367","true","false"
"755","769","0.010198116302490234","true","false"
"755","774","0.010228633880615234","true","false"
"755","778","0.012076020240783691","true","false"
"756","757","0","true","false"
"756","766","0.005137205123901367","true","false"
"756","774","0.010228633880615234","true","false"
"756","775","0.010228633880615234","true","false"
"756","783","0.012106537818908691","true","false"
"756","789","0.018194913864135742","true","false"
"756","790","0.018194913864135742","true","false"
"757","775","0.010228633880615234","true","false"
"757","784","0.012106537818908691","true","false"
"757","793","0.018255949020385742","true","false"
"758","767","0.005060911178588867","true","false"
"758","770","0.005091428756713867","true","false"
"758","797","0.020680665969848633","true","false"
"758","798","0.020680665969848633","true","false"
"759","767","0.005060911178588867","true","false"
"759","770","0.005091428756713867","true","false"
"759","776","0.006938815116882324","true","false"
"759","785","0.013057708740234375","true","false"
"759","797","0.020680665969848633","true","false"
"759","798","0.020680665969848633","true","false"
"760","771","0.005091428756713867","true","false"
"760","786","0.013057708740234375","true","false"
"760","799","0.020680665969848633","true","false"
"761","768","0.005060911178588867","true","false"
"761","772","0.005091428756713867","true","false"
"761","800","0.020680665969848633","true","false"
"761","801","0.020680665969848633","true","false"
"762","768","0.005060911178588867","true","false"
"762","772","0.005091428756713867","true","false"
"762","777","0.006938815116882324","true","false"
"762","787","0.013057708740234375","true","false"
"762","800","0.020680665969848633","true","false"
"762","801","0.020680665969848633","true","false"
"763","773","0.005091428756713867","true","false"
"763","788","0.013057708740234375","true","false"
"763","802","0.020680665969848633","true","false"
"764","769","0.005060911178588867","true","false"
"764","774","0.005091428756713867","true","false"
"764","803","0.020680665969848633","true","false"
"764","804","0.020680665969848633","true","false"
"765","769","0.005060911178588867","true","false"
"765","774","0.005091428756713867","true","false"
"765","778","0.006938815116882324","true","false"
"765","789","0.013057708740234375","true","false"
"765","803","0.020680665969848633","true","false"
"765","804","0.020680665969848633","true","false"
"766","775","0.005091428756713867","true","false"
"766","790","0.013057708740234375","true","false"
"766","805","0.020680665969848633","true","false"
"767","776","0.001877903938293457","true","false"
"768","777","0.001877903938293457","true","false"
"769","778","0.001877903938293457","true","false"
"770","776","0.001847386360168457","true","false"
"770","779","0.001877903938293457","true","false"
"771","780","0.001877903938293457","true","false"
"771","786","0.007966279983520508","true","false"
"772","777","0.001847386360168457","true","false"
"772","781","0.001877903938293457","true","false"
"773","782","0.001877903938293457","true","false"
"773","788","0.007966279983520508","true","false"
"774","778","0.001847386360168457","true","false"
"774","783","0.001877903938293457","true","false"
"775","784","0.001877903938293457","true","false"
"775","790","0.007966279983520508","true","false"
"776","785","0.006118893623352051","true","false"
"777","787","0.006118893623352051","true","false"
"778","789","0.006118893623352051","true","false"
"779","785","0.006088376045227051","true","false"
"779","786","0.006088376045227051","true","false"
"780","791","0.006149411201477051","true","false"
"781","787","0.006088376045227051","true","false"
"781","788","0.006088376045227051","true","false"
"782","792","0.006149411201477051","true","false"
"783","789","0.006088376045227051","true","false"
"783","790","0.006088376045227051","true","false"
"784","793","0.006149411201477051","true","false"
"797","798","0","true","false"
"800","801","0","true","false"
"803","804","0","true","false"
"806","809","0.005091428756713867","true","false"
"806","839","0.020680665969848633","true","false"
"806","848","0.021739840507507324","true","false"
"806","856","0.027858734130859375","true","false"
"807","810","0.005091428756713867","true","false"
"807","840","0.020680665969848633","true","false"
"807","849","0.021739840507507324","true","false"
"807","859","0.027858734130859375","true","false"
"808","811","0.005091428756713867","true","false"
"808","841","0.020680665969848633","true","false"
"808","850","0.021739840507507324","true","false"
"808","862","0.027858734130859375","true","false"
"809","812","0.001877903938293457","true","false"
"809","831","0.01470947265625","true","false"
"809","848","0.016648411750793457","true","false"
"810","813","0.001877903938293457","true","false"
"810","833","0.01470947265625","true","false"
"810","849","0.016648411750793457","true","false"
"811","814","0.001877903938293457","true","false"
"811","835","0.01470947265625","true","false"
"811","850","0.016648411750793457","true","false"
"812","818","0.006118893623352051","true","false"
"813","819","0.006118893623352051","true","false"
"814","820","0.006118893623352051","true","false"
"818","856","0.0147705078125","true","false"
"819","859","0.0147705078125","true","false"
"820","862","0.0147705078125","true","false"
"821","830","0.005060911178588867","true","false"
"821","854","0.013118743896484375","true","false"
"821","864","0.020650148391723633","true","false"
"822","831","0.005060911178588867","true","false"
"822","855","0.013118743896484375","true","false"
"822","865","0.020650148391723633","true","false"
"823","832","0.005060911178588867","true","false"
"823","857","0.013118743896484375","true","false"
"823","867","0.020650148391723633","true","false"
"824","833","0.005060911178588867","true","false"
"824","858","0.013118743896484375","true","false"
"824","868","0.020650148391723633","true","false"
"825","834","0.005060911178588867","true","false"
"825","860","0.013118743896484375","true","false"
"825","870","0.020650148391723633","true","false"
"826","835","0.005060911178588867","true","false"
"826","861","0.013118743896484375","true","false"
"826","871","0.020650148391723633","true","false"
"827","836","0.005060911178588867","true","false"
"827","863","0.020619630813598633","true","false"
"828","837","0.005060911178588867","true","false"
"828","866","0.020619630813598633","true","false"
"829","838","0.005060911178588867","true","false"
"829","869","0.020619630813598633","true","false"
"830","842","0.001877903938293457","true","false"
"830","843","0.001877903938293457","true","false"
"830","854","0.008057832717895508","true","false"
"831","848","0.001938939094543457","true","false"
"831","855","0.008057832717895508","true","false"
"832","844","0.001877903938293457","true","false"
"832","845","0.001877903938293457","true","false"
"832","857","0.008057832717895508","true","false"
"833","849","0.001938939094543457","true","false"
"833","858","0.008057832717895508","true","false"
"834","846","0.001877903938293457","true","false"
"834","847","0.001877903938293457","true","false"
"834","860","0.008057832717895508","true","false"
"835","850","0.001938939094543457","true","false"
"835","861","0.008057832717895508","true","false"
"836","842","0.001847386360168457","true","false"
"837","844","0.001847386360168457","true","false"
"838","846","0.001847386360168457","true","false"
"839","848","0.0010591745376586914","true","false"
"839","856","0.007178068161010742","true","false"
"840","849","0.0010591745376586914","true","false"
"840","859","0.007178068161010742","true","false"
"841","850","0.0010591745376586914","true","false"
"841","862","0.007178068161010742","true","false"
"842","854","0.006179928779602051","true","false"
"843","855","0.006179928779602051","true","false"
"844","857","0.006179928779602051","true","false"
"845","858","0.006179928779602051","true","false"
"846","860","0.006179928779602051","true","false"
"847","861","0.006179928779602051","true","false"
"848","856","0.006118893623352051","true","false"
"849","859","0.006118893623352051","true","false"
"850","862","0.006118893623352051","true","false"
"851","872","0.012951135635375977","true","false"
"852","873","0.012951135635375977","true","false"
"853","874","0.012951135635375977","true","false"
"863","864","0","true","false"
"866","867","0","true","false"
"869","870","0","true","false"
"884","885","0","true","true"
"884","1007","0.005678892135620117","true","false"
"885","888","0","true","true"
"886","887","0","true","true"
"886","891","0","true","true"
"886","1007","0.005678892135620117","true","false"
"886","1022","0.005709409713745117","true","false"
"886","1023","0.005709409713745117","true","false"
"887","889","0","true","true"
"887","891","0","true","true"
"887","1007","0.005678892135620117","true","false"
"887","1022","0.005709409713745117","true","false"
"887","1023","0.005709409713745117","true","false"
"888","890","0","true","true"
"888","891","0","true","true"
"888","1008","0.005678892135620117","true","false"
"889","891","0","true","true"
"889","894","0","true","true"
"889","899","0","true","true"
"889","1022","0.005709409713745117","true","false"
"889","1023","0.005709409713745117","true","false"
"890","895","0","true","true"
"890","1008","0.005678892135620117","true","false"
"891","896","0","true","true"
"891","1023","0.005709409713745117","true","false"
"892","897","0","true","true"
"892","1024","0.005709409713745117","true","false"
"893","898","0","true","true"
"893","1022","0.005709409713745117","true","false"
"893","1023","0.005709409713745117","true","false"
"894","896","0","true","true"
"894","899","0","true","true"
"894","901","0","true","true"
"895","902","0","true","true"
"895","903","0","true","true"
"896","899","0","true","true"
"896","1023","0.005709409713745117","true","false"
"897","905","0","true","true"
"897","1001","0.000030517578125","true","true"
"898","1022","0.005709409713745117","true","false"
"898","1023","0.005709409713745117","true","false"
"899","901","0","true","true"
"899","904","0","true","true"
"899","909","0","true","true"
"899","1008","0.005678892135620117","true","false"
"899","1010","0.005678892135620117","true","false"
"900","910","0","true","true"
"900","1024","0.005709409713745117","true","false"
"901","904","0","true","true"
"901","1010","0.005678892135620117","true","false"
"902","903","0","true","true"
"902","906","0","true","true"
"902","1009","0.005678892135620117","true","false"
"903","1009","0.005678892135620117","true","false"
"904","908","0","true","true"
"904","909","0","true","true"
"904","1010","0.005678892135620117","true","false"
"905","1001","0.000030517578125","true","true"
"905","1025","0.005709409713745117","true","false"
"906","912","0","true","true"
"907","913","0","true","true"
"907","1001","0.000030517578125","true","true"
"908","909","0","true","true"
"908","914","0","true","true"
"908","1009","0.005678892135620117","true","false"
"909","914","0","true","true"
"909","1009","0.005678892135620117","true","false"
"910","1025","0.005709409713745117","true","false"
"911","1010","0.005678892135620117","true","false"
"913","1026","0.005709409713745117","true","false"
"915","916","0","true","true"
"915","917","0","true","true"
"915","1026","0.005709409713745117","true","false"
"916","917","0","true","true"
"916","919","0","true","true"
"916","1011","0.005678892135620117","true","false"
"917","920","0","true","true"
"917","921","0","true","true"
"917","1011","0.005678892135620117","true","false"
"918","1026","0.005709409713745117","true","false"
"919","922","0","true","true"
"920","921","0","true","true"
"920","922","0","true","true"
"920","1011","0.005678892135620117","true","false"
"921","1011","0.005678892135620117","true","false"
"923","924","0","true","true"
"923","1027","0.005709409713745117","true","false"
"924","1028","0.005709409713745117","true","false"
"925","1029","0.005709409713745117","true","false"
"926","931","0","true","true"
"926","1002","0.000030517578125","true","true"
"926","1028","0.005709409713745117","true","false"
"927","932","0","true","true"
"927","1029","0.005709409713745117","true","false"
"928","929","0","true","true"
"928","934","0","true","true"
"928","935","0","true","true"
"928","1012","0.005678892135620117","true","false"
"929","934","0","true","true"
"929","1012","0.005678892135620117","true","false"
"930","931","0","true","true"
"930","1027","0.005709409713745117","true","false"
"931","1002","0.000030517578125","true","true"
"932","1002","0.000030517578125","true","true"
"933","934","0","true","true"
"933","938","0","true","true"
"933","1029","0.005709409713745117","true","false"
"934","938","0","true","true"
"934","1012","0.005678892135620117","true","false"
"935","939","0","true","true"
"936","937","0","true","true"
"936","1030","0.005709409713745117","true","false"
"936","1031","0.005709409713745117","true","false"
"937","1030","0.005709409713745117","true","false"
"937","1031","0.005709409713745117","true","false"
"938","939","0","true","true"
"938","1012","0.005678892135620117","true","false"
"940","1013","0.005678892135620117","true","false"
"941","946","0","true","true"
"941","947","0","true","true"
"941","951","0","true","true"
"941","1031","0.005709409713745117","true","false"
"942","947","0","true","true"
"942","948","0","true","true"
"942","951","0","true","true"
"942","1013","0.005678892135620117","true","false"
"943","950","0","true","true"
"943","952","0","true","true"
"944","946","0","true","true"
"944","949","0","true","true"
"944","1014","0.005678892135620117","true","false"
"944","1030","0.005709409713745117","true","false"
"944","1031","0.005709409713745117","true","false"
"945","946","0","true","true"
"945","947","0","true","true"
"945","949","0","true","true"
"945","951","0","true","true"
"945","1030","0.005709409713745117","true","false"
"945","1031","0.005709409713745117","true","false"
"946","949","0","true","true"
"946","953","0","true","true"
"946","1031","0.005709409713745117","true","false"
"947","951","0","true","true"
"948","950","0","true","true"
"948","951","0","true","true"
"948","952","0","true","true"
"948","1013","0.005678892135620117","true","false"
"949","1014","0.005678892135620117","true","false"
"949","1030","0.005709409713745117","true","false"
"949","1031","0.005709409713745117","true","false"
"950","952","0","true","true"
"950","1016","0.005678892135620117","true","false"
"951","952","0","true","true"
"951","1013","0.005678892135620117","true","false"
"951","1015","0.005678892135620117","true","false"
"952","1016","0.005678892135620117","true","false"
"953","957","0","true","true"
"953","958","0","true","true"
"953","1015","0.005678892135620117","true","false"
"954","959","0","true","true"
"954","960","0","true","true"
"954","1016","0.005678892135620117","true","false"
"955","961","0","true","true"
"956","957","0","true","true"
"956","1014","0.005678892135620117","true","false"
"958","959","0","true","true"
"958","1015","0.005678892135620117","true","false"
"959","960","0","true","true"
"960","961","0","true","true"
"960","1016","0.005678892135620117","true","false"
"962","966","0","true","true"
"962","1032","0.005709409713745117","true","false"
"963","964","0","true","true"
"963","1032","0.005709409713745117","true","false"
"964","965","0","true","true"
"964","1003","0.000030517578125","true","true"
"965","1003","0.000030517578125","true","true"
"965","1033","0.005709409713745117","true","false"
"966","1033","0.005709409713745117","true","false"
"967","970","0","true","true"
"967","1034","0.005709409713745117","true","false"
"967","1035","0.005709409713745117","true","false"
"968","971","0","true","true"
"968","974","0","true","true"
"968","1017","0.005678892135620117","true","false"
"968","1034","0.005709409713745117","true","false"
"968","1035","0.005709409713745117","true","false"
"969","972","0","true","true"
"969","1003","0.000030517578125","true","true"
"970","1034","0.005709409713745117","true","false"
"970","1035","0.005709409713745117","true","false"
"971","973","0","true","true"
"971","974","0","true","true"
"971","1017","0.005678892135620117","true","false"
"971","1034","0.005709409713745117","true","false"
"971","1035","0.005709409713745117","true","false"
"972","1036","0.005709409713745117","true","false"
"973","974","0","true","true"
"973","978","0","true","true"
"973","984","0","true","true"
"973","1034","0.005709409713745117","true","false"
"973","1035","0.005709409713745117","true","false"
"974","976","0","true","true"
"974","982","0","true","true"
"974","1035","0.005709409713745117","true","false"
"975","979","0","true","true"
"975","1017","0.005678892135620117","true","false"
"976","978","0","true","true"
"976","984","0","true","true"
"976","1035","0.005709409713745117","true","false"
"977","1036","0.005709409713745117","true","false"
"978","980","0","true","true"
"978","984","0","true","true"
"979","982","0","true","true"
"980","984","0","true","true"
"980","985","0","true","true"
"980","1018","0.005678892135620117","true","false"
"981","986","0","true","true"
"981","993","0","true","true"
"981","1036","0.005709409713745117","true","false"
"982","987","0","true","true"
"982","1019","0.005678892135620117","true","false"
"983","1018","0.005678892135620117","true","false"
"984","985","0","true","true"
"984","995","0","true","true"
"984","1018","0.005678892135620117","true","false"
"984","1019","0.005678892135620117","true","false"
"985","990","0","true","true"
"985","995","0","true","true"
"985","1018","0.005678892135620117","true","false"
"986","988","0","true","true"
"986","989","0","true","true"
"986","993","0","true","true"
"986","1020","0.005678892135620117","true","false"
"987","991","0","true","true"
"987","1019","0.005678892135620117","true","false"
"988","989","0","true","true"
"988","998","0","true","true"
"988","1020","0.005678892135620117","true","false"
"989","1020","0.005678892135620117","true","false"
"990","992","0","true","true"
"990","995","0","true","true"
"990","1021","0.005678892135620117","true","false"
"991","994","0","true","true"
"991","996","0","true","true"
"992","995","0","true","true"
"993","997","0","true","true"
"993","1020","0.005678892135620117","true","false"
"994","996","0","true","true"
"994","1021","0.005678892135620117","true","false"
"995","1021","0.005678892135620117","true","false"
"996","999","0","true","true"
"996","1021","0.005678892135620117","true","false"
"997","998","0","true","true"
"999","1000","0","true","true"
"1001","1025","0.005678892135620117","true","false"
"1002","1028","0.005678892135620117","true","false"
"1003","1033","0.005678892135620117","true","false"
"1064","1075","0.039421796798706055","true","false"
"1065","1076","0.039421796798706055","true","false"
"1066","1077","0.039421796798706055","true","false"
"1067","1078","0.039421796798706055","true","false"
"1068","1079","0.039421796798706055","true","false"
"1069","1080","0.039421796798706055","true","false"
"1070","1100","0.036540865898132324","true","false"
"1070","1102","0.0419234037399292","true","false"
"1071","1099","0.03654062747955322","true","false"
"1071","1101","0.0419231653213501","true","false"
"1084","1085","0","true","true"
"1084","1086","0","true","true"
"1084","1096","0.00004887580871582031","true","true"
"1085","1087","0","true","true"
"1085","1096","0.00004887580871582031","true","true"
"1086","1087","0","true","true"
"1086","1096","0.00004887580871582031","true","true"
"1087","1096","0.00004887580871582031","true","true"
"1088","1089","0","true","true"
"1088","1090","0","true","true"
"1088","1097","0.00004887580871582031","true","true"
"1089","1091","0","true","true"
"1089","1097","0.00004887580871582031","true","true"
"1090","1091","0","true","true"
"1090","1097","0.00004887580871582031","true","true"
"1091","1097","0.00004887580871582031","true","true"
"1092","1093","0","true","true"
"1092","1094","0","true","true"
"1092","1098","0.00004887580871582031","true","true"
"1093","1095","0","true","true"
"1093","1098","0.00004887580871582031","true","true"
"1094","1095","0","true","true"
"1094","1098","0.00004887580871582031","true","true"
"1095","1098","0.00004887580871582031","true","true"
"1099","1101","0.005382537841796875","true","false"
"1100","1102","0.005382537841796875","true","false"
"1106","1108","0.000010967254638671875","true","false"
"1107","1109","0.000010967254638671875","true","false"
"1129","1132","0.00040221214294433594","true","false"
"1129","1137","0.011024713516235352","true","false"
"1129","1139","0.026832103729248047","true","false"
"1129","1141","0.037461042404174805","true","false"
"1130","1131","0.00040221214294433594","true","false"
"1130","1136","0.011024713516235352","true","false"
"1130","1138","0.026832103729248047","true","false"
"1130","1140","0.037461042404174805","true","false"
"1131","1136","0.010622501373291016","true","false"
"1131","1138","0.02642989158630371","true","false"
"1131","1140","0.03705883026123047","true","false"
"1132","1137","0.010622501373291016","true","false"
"1132","1139","0.02642989158630371","true","false"
"1132","1141","0.03705883026123047","true","false"
"1136","1138","0.015807390213012695","true","false"
"1136","1140","0.026436328887939453","true","false"
"1137","1139","0.015807390213012695","true","false"
"1137","1141","0.026436328887939453","true","false"
"1138","1140","0.010628938674926758","true","false"
"1139","1141","0.010628938674926758","true","false"
"1142","1143","0","true","true"
"1143","1144","0","true","true"
"1145","1146","0","true","true"
"1146","1147","0","true","true"
"1198","1200","0.00001811981201171875","true","false"
"1198","1202","0.0038204193115234375","true","false"
"1199","1201","0.00001811981201171875","true","false"
"1199","1203","0.0038204193115234375","true","false"
"1200","1202","0.0038022994995117188","true","false"
"1201","1203","0.0038022994995117188","true","false"
"1210","1222","0.042849063873291016","true","false"
"1211","1221","0.042849063873291016","true","false"
"1221","1223","0.007882118225097656","true","false"
"1221","1226","0.009719133377075195","true","false"
"1222","1224","0.007882118225097656","true","false"
"1222","1225","0.009719133377075195","true","false"
"1236","1238","0.000018596649169921875","true","false"
"1236","1240","0.006165504455566406","true","false"
"1236","1243","0.016819477081298828","true","false"
"1236","1245","0.016825437545776367","true","false"
"1237","1239","0.000018596649169921875","true","false"
"1237","1241","0.006165504455566406","true","false"
"1237","1242","0.016819477081298828","true","false"
"1237","1244","0.016825437545776367","true","false"
"1238","1240","0.006146907806396484","true","false"
"1238","1243","0.016800880432128906","true","false"
"1239","1241","0.006146907806396484","true","false"
"1239","1242","0.016800880432128906","true","false"
"1240","1243","0.010653972625732422","true","false"
"1240","1245","0.010659933090209961","true","false"
"1241","1242","0.010653972625732422","true","false"
"1241","1244","0.010659933090209961","true","false"
"1242","1244","0.0000059604644775390625","true","false"
"1243","1245","0.0000059604644775390625","true","false"
"1252","1255","0.000012636184692382812","true","false"
"1253","1254","0.00001239776611328125","true","false"
"1261","1276","0.000021457672119140625","false","false"
"1262","1265","0.000016927719116210938","false","false"
"1262","1277","0.000021457672119140625","false","false"
"1262","1289","0.00002574920654296875","false","true"
"1263","1266","0.000016927719116210938","false","false"
"1263","1278","0.000021457672119140625","false","false"
"1264","1273","0.0000040531158447265625","false","false"
"1265","1274","0.0000040531158447265625","false","false"
"1265","1289","0.000008821487426757812","false","false"
"1266","1290","0.000008821487426757812","false","false"
"1267","1279","0.00000286102294921875","false","false"
"1267","1309","0.000026226043701171875","false","true"
"1268","1280","0.00000286102294921875","false","false"
"1268","1304","0.0000247955322265625","false","false"
"1268","1310","0.000026226043701171875","false","true"
"1269","1281","0.00000286102294921875","false","false"
"1269","1305","0.0000247955322265625","false","false"
"1269","1311","0.000026226043701171875","false","true"
"1270","1309","0.000025272369384765625","false","false"
"1271","1280","0.0000019073486328125","false","false"
"1271","1310","0.000025272369384765625","false","false"
"1272","1311","0.000025272369384765625","false","false"
"1273","1282","0.0000035762786865234375","false","false"
"1273","1288","0.00000476837158203125","false","false"
"1274","1283","0.0000035762786865234375","false","false"
"1274","1286","0.0000035762786865234375","false","false"
"1274","1289","0.00000476837158203125","false","false"
"1275","1287","0.0000035762786865234375","false","false"
"1275","1290","0.00000476837158203125","false","false"
"1277","1289","0.000004291534423828125","false","false"
"1277","1292","0.0000045299530029296875","false","false"
"1278","1290","0.000004291534423828125","false","false"
"1278","1293","0.0000045299530029296875","false","false"
"1280","1310","0.000023365020751953125","false","false"
"1282","1285","0","false","false"
"1282","1288","0.0000011920928955078125","false","true"
"1282","1291","0.000001430511474609375","false","false"
"1282","1297","0.000010728836059570312","false","false"
"1282","1306","0.00002002716064453125","false","true"
"1282","1312","0.000021457672119140625","false","true"
"1283","1286","0","false","false"
"1283","1289","0.0000011920928955078125","false","true"
"1283","1292","0.000001430511474609375","false","false"
"1283","1298","0.000010728836059570312","false","false"
"1283","1313","0.000021457672119140625","false","true"
"1284","1287","0","false","false"
"1284","1290","0.0000011920928955078125","false","true"
"1284","1293","0.000001430511474609375","false","false"
"1284","1299","0.000010728836059570312","false","false"
"1284","1308","0.00002002716064453125","false","true"
"1284","1314","0.000021457672119140625","false","true"
"1285","1306","0.00002002716064453125","false","false"
"1286","1307","0.00002002716064453125","false","false"
"1287","1308","0.00002002716064453125","false","false"
"1288","1291","2.384185791015625e-7","false","false"
"1289","1292","2.384185791015625e-7","false","false"
"1290","1293","2.384185791015625e-7","false","false"
"1292","1298","0.000009298324584960938","false","false"
"1293","1299","0.000009298324584960938","false","false"
"1294","1312","0.0000133514404296875","false","false"
"1294","1330","0.000026226043701171875","false","false"
"1295","1298","0.0000026226043701171875","false","false"
"1295","1313","0.0000133514404296875","false","false"
"1295","1331","0.000026226043701171875","false","false"
"1296","1299","0.0000026226043701171875","false","false"
"1296","1314","0.0000133514404296875","false","false"
"1296","1332","0.000026226043701171875","false","false"
"1297","1312","0.000010728836059570312","false","false"
"1298","1313","0.000010728836059570312","false","false"
"1299","1314","0.000010728836059570312","false","false"
"1300","1324","0.0000133514404296875","false","false"
"1301","1325","0.0000133514404296875","false","false"
"1301","1331","0.000016689300537109375","false","false"
"1302","1326","0.0000133514404296875","false","false"
"1302","1332","0.000016689300537109375","false","false"
"1304","1310","0.000001430511474609375","false","false"
"1306","1315","0.0000054836273193359375","false","false"
"1306","1319","0.000006198883056640625","false","true"
"1307","1316","0.0000054836273193359375","false","false"
"1307","1318","0.000006198883056640625","false","true"
"1308","1311","9.5367431640625e-7","false","true"
"1308","1317","0.0000054836273193359375","false","false"
"1308","1320","0.000006198883056640625","false","true"
"1309","1321","0.0000057220458984375","false","false"
"1310","1322","0.0000057220458984375","false","false"
"1311","1323","0.0000057220458984375","false","false"
"1312","1319","0.00000476837158203125","false","true"
"1312","1330","0.000012874603271484375","false","true"
"1312","1340","0.00001430511474609375","false","false"
"1312","1349","0.000019073486328125","false","false"
"1313","1318","0.00000476837158203125","false","true"
"1313","1339","0.00001430511474609375","false","false"
"1313","1348","0.000019073486328125","false","false"
"1314","1320","0.00000476837158203125","false","true"
"1314","1332","0.000012874603271484375","false","true"
"1314","1341","0.00001430511474609375","false","false"
"1314","1350","0.000019073486328125","false","false"
"1315","1319","7.152557373046875e-7","false","false"
"1316","1318","7.152557373046875e-7","false","false"
"1316","1322","0.0000011920928955078125","false","false"
"1316","1328","0.0000073909759521484375","false","false"
"1317","1320","7.152557373046875e-7","false","false"
"1317","1323","0.0000011920928955078125","false","false"
"1317","1329","0.0000073909759521484375","false","false"
"1318","1328","0.00000667572021484375","false","false"
"1318","1336","0.000009298324584960938","false","true"
"1318","1348","0.00001430511474609375","false","false"
"1318","1354","0.000020265579223632812","false","false"
"1319","1337","0.000009298324584960938","false","true"
"1319","1349","0.00001430511474609375","false","false"
"1319","1355","0.000020265579223632812","false","false"
"1320","1329","0.00000667572021484375","false","false"
"1320","1338","0.000009298324584960938","false","true"
"1320","1350","0.00001430511474609375","false","false"
"1320","1356","0.000020265579223632812","false","false"
"1324","1343","0.000008106231689453125","false","false"
"1325","1331","0.000003337860107421875","false","true"
"1325","1342","0.000008106231689453125","false","false"
"1326","1344","0.000008106231689453125","false","false"
"1327","1337","0.0000026226043701171875","false","false"
"1328","1333","0.0000021457672119140625","false","false"
"1328","1336","0.0000026226043701171875","false","false"
"1329","1335","0.0000021457672119140625","false","false"
"1329","1338","0.0000026226043701171875","false","false"
"1330","1340","0.000001430511474609375","false","false"
"1330","1343","0.00000476837158203125","false","false"
"1331","1339","0.000001430511474609375","false","false"
"1331","1342","0.00000476837158203125","false","false"
"1332","1341","0.000001430511474609375","false","false"
"1333","1336","4.76837158203125e-7","false","false"
"1335","1338","4.76837158203125e-7","false","false"
"1336","1345","0.000003814697265625","false","true"
"1336","1351","0.000007867813110351562","false","false"
"1336","1354","0.000010967254638671875","false","false"
"1337","1346","0.000003814697265625","false","true"
"1337","1352","0.000007867813110351562","false","false"
"1337","1355","0.000010967254638671875","false","false"
"1338","1356","0.000010967254638671875","false","false"
"1339","1342","0.000003337860107421875","false","false"
"1339","1348","0.00000476837158203125","false","false"
"1340","1349","0.00000476837158203125","false","false"
"1345","1351","0.0000040531158447265625","false","false"
"1347","1353","0.0000040531158447265625","false","false"
"1351","1354","0.0000030994415283203125","false","false"
"1353","1356","0.0000030994415283203125","false","false"
"1357","1363","0.04700899124145508","true","false"
"1358","1364","0.04700899124145508","true","false"
"1359","1365","0.04700899124145508","true","false"
"1366","1369","0.040001630783081055","true","false"
"1366","1372","0.04000401496887207","true","false"
"1367","1370","0.040001630783081055","true","false"
"1367","1373","0.04000401496887207","true","false"
"1368","1371","0.040001630783081055","true","false"
"1368","1374","0.04000401496887207","true","false"
"1369","1372","0.000002384185791015625","true","false"
"1370","1373","0.000002384185791015625","true","false"
"1371","1374","0.000002384185791015625","true","false"
"1375","1376","0","true","true"
"1375","1381","0.0000021457672119140625","true","true"
"1376","1377","0","true","true"
"1376","1381","0.0000021457672119140625","true","true"
"1377","1381","0.0000021457672119140625","true","true"
"1378","1379","0","true","true"
"1378","1380","0","true","true"
"1378","1382","0.0000021457672119140625","true","true"
"1379","1382","0.0000021457672119140625","true","true"
"1380","1382","0.0000021457672119140625","true","true"
"1383","1384","0","true","true"
"1383","1385","0","true","true"
"1384","1387","0","true","true"
"1385","1386","0","true","true"
"1386","1388","0","true","true"
"1390","1399","0.019994020462036133","true","true"
"1392","1394","0","true","true"
"1393","1400","0.019994020462036133","true","true"
"1394","1395","0","true","true"
"1395","1396","0","true","true"
"1396","1397","0","true","true"
"1397","1398","0","true","true"
"1399","1406","0.010001659393310547","true","true"
"1399","1407","0.010001659393310547","true","true"
"1399","1408","0.010001659393310547","true","true"
"1399","1409","0.010001659393310547","true","true"
"1399","1410","0.010001659393310547","true","true"
"1399","1411","0.010001659393310547","true","true"
"1399","1412","0.010001659393310547","true","true"
"1399","1413","0.010001659393310547","true","true"
"1399","1414","0.010001659393310547","true","true"
"1399","1415","0.010001659393310547","true","true"
"1399","1416","0.010001659393310547","true","true"
"1399","1417","0.010001659393310547","true","true"
"1399","1418","0.010001659393310547","true","true"
"1399","1419","0.010001659393310547","true","true"
"1399","1420","0.010001659393310547","true","true"
"1399","1421","0.010001659393310547","true","true"
"1399","1422","0.010001659393310547","true","true"
"1399","1423","0.010001659393310547","true","true"
"1399","1424","0.010001659393310547","true","true"
"1399","1425","0.010001659393310547","true","true"
"1399","1426","0.010001659393310547","true","true"
"1399","1427","0.010001659393310547","true","true"
"1399","1428","0.010001659393310547","true","true"
"1399","1429","0.010001659393310547","true","true"
"1399","1430","0.010001659393310547","true","true"
"1399","1431","0.010001659393310547","true","true"
"1399","1432","0.010001659393310547","true","true"
"1399","1433","0.010001659393310547","true","true"
"1399","1434","0.010001659393310547","true","true"
"1399","1435","0.010001659393310547","true","true"
"1399","1436","0.010001659393310547","true","true"
"1399","1437","0.010001659393310547","true","true"
"1399","1438","0.010001659393310547","true","true"
"1399","1439","0.010001659393310547","true","true"
"1399","1440","0.010001659393310547","true","true"
"1399","1441","0.010001659393310547","true","true"
"1399","1442","0.010001659393310547","true","true"
"1399","1443","0.010001659393310547","true","true"
"1399","1444","0.010001659393310547","true","true"
"1399","1445","0.010001659393310547","true","true"
"1399","1446","0.010001659393310547","true","true"
"1399","1447","0.010001659393310547","true","true"
"1399","1448","0.010001659393310547","true","true"
"1399","1449","0.010001659393310547","true","true"
"1399","1450","0.010001659393310547","true","true"
"1399","1451","0.010001659393310547","true","true"
"1399","1452","0.010001659393310547","true","true"
"1399","1453","0.010001659393310547","true","true"
"1399","1454","0.010001659393310547","true","true"
"1399","1455","0.010001659393310547","true","true"
"1399","1456","0.010001659393310547","true","true"
"1399","1457","0.010001659393310547","true","true"
"1399","1458","0.010001659393310547","true","true"
"1399","1459","0.010001659393310547","true","true"
"1399","1460","0.010001659393310547","true","true"
"1399","1461","0.010001659393310547","true","true"
"1399","1462","0.010001659393310547","true","true"
"1399","1463","0.010001659393310547","true","true"
"1399","1464","0.010001659393310547","true","true"
"1399","1465","0.010001659393310547","true","true"
"1399","1466","0.010001659393310547","true","true"
"1399","1467","0.010001659393310547","true","true"
"1399","1468","0.010001659393310547","true","true"
"1399","1469","0.010001659393310547","true","true"
"1399","1470","0.010001659393310547","true","true"
"1399","1471","0.010001659393310547","true","true"
"1399","1472","0.010001659393310547","true","true"
"1399","1473","0.010001659393310547","true","true"
"1399","1474","0.010001659393310547","true","true"
"1399","1475","0.010001659393310547","true","true"
"1399","1476","0.010001659393310547","true","true"
"1399","1477","0.010001659393310547","true","true"
"1399","1478","0.010001659393310547","true","true"
"1399","1479","0.010001659393310547","true","true"
"1399","1480","0.010001659393310547","true","true"
"1399","1481","0.010001659393310547","true","true"
"1399","1482","0.010001659393310547","true","true"
"1399","1483","0.010001659393310547","true","true"
"1399","1484","0.010001659393310547","true","true"
"1399","1485","0.010001659393310547","true","true"
"1399","1566","0.015001773834228516","true","true"
"1399","1567","0.015001773834228516","true","true"
"1399","1568","0.015001773834228516","true","true"
"1399","1569","0.015001773834228516","true","true"
"1400","1486","0.010001659393310547","true","true"
"1400","1487","0.010001659393310547","true","true"
"1400","1488","0.010001659393310547","true","true"
"1400","1489","0.010001659393310547","true","true"
"1400","1490","0.010001659393310547","true","true"
"1400","1491","0.010001659393310547","true","true"
"1400","1492","0.010001659393310547","true","true"
"1400","1493","0.010001659393310547","true","true"
"1400","1494","0.010001659393310547","true","true"
"1400","1495","0.010001659393310547","true","true"
"1400","1496","0.010001659393310547","true","true"
"1400","1497","0.010001659393310547","true","true"
"1400","1498","0.010001659393310547","true","true"
"1400","1499","0.010001659393310547","true","true"
"1400","1500","0.010001659393310547","true","true"
"1400","1501","0.010001659393310547","true","true"
"1400","1502","0.010001659393310547","true","true"
"1400","1503","0.010001659393310547","true","true"
"1400","1504","0.010001659393310547","true","true"
"1400","1505","0.010001659393310547","true","true"
"1400","1506","0.010001659393310547","true","true"
"1400","1507","0.010001659393310547","true","true"
"1400","1508","0.010001659393310547","true","true"
"1400","1509","0.010001659393310547","true","true"
"1400","1510","0.010001659393310547","true","true"
"1400","1511","0.010001659393310547","true","true"
"1400","1512","0.010001659393310547","true","true"
"1400","1513","0.010001659393310547","true","true"
"1400","1514","0.010001659393310547","true","true"
"1400","1515","0.010001659393310547","true","true"
"1400","1516","0.010001659393310547","true","true"
"1400","1517","0.010001659393310547","true","true"
"1400","1518","0.010001659393310547","true","true"
"1400","1519","0.010001659393310547","true","true"
"1400","1520","0.010001659393310547","true","true"
"1400","1521","0.010001659393310547","true","true"
"1400","1522","0.010001659393310547","true","true"
"1400","1523","0.010001659393310547","true","true"
"1400","1524","0.010001659393310547","true","true"
"1400","1525","0.010001659393310547","true","true"
"1400","1526","0.010001659393310547","true","true"
"1400","1527","0.010001659393310547","true","true"
"1400","1528","0.010001659393310547","true","true"
"1400","1529","0.010001659393310547","true","true"
"1400","1530","0.010001659393310547","true","true"
"1400","1531","0.010001659393310547","true","true"
"1400","1532","0.010001659393310547","true","true"
"1400","1533","0.010001659393310547","true","true"
"1400","1534","0.010001659393310547","true","true"
"1400","1535","0.010001659393310547","true","true"
"1400","1536","0.010001659393310547","true","true"
"1400","1537","0.010001659393310547","true","true"
"1400","1538","0.010001659393310547","true","true"
"1400","1539","0.010001659393310547","true","true"
"1400","1540","0.010001659393310547","true","true"
"1400","1541","0.010001659393310547","true","true"
"1400","1542","0.010001659393310547","true","true"
"1400","1543","0.010001659393310547","true","true"
"1400","1544","0.010001659393310547","true","true"
"1400","1545","0.010001659393310547","true","true"
"1400","1546","0.010001659393310547","true","true"
"1400","1547","0.010001659393310547","true","true"
"1400","1548","0.010001659393310547","true","true"
"1400","1549","0.010001659393310547","true","true"
"1400","1550","0.010001659393310547","true","true"
"1400","1551","0.010001659393310547","true","true"
"1400","1552","0.010001659393310547","true","true"
"1400","1553","0.010001659393310547","true","true"
"1400","1554","0.010001659393310547","true","true"
"1400","1555","0.010001659393310547","true","true"
"1400","1556","0.010001659393310547","true","true"
"1400","1557","0.010001659393310547","true","true"
"1400","1558","0.010001659393310547","true","true"
"1400","1559","0.010001659393310547","true","true"
"1400","1560","0.010001659393310547","true","true"
"1400","1561","0.010001659393310547","true","true"
"1400","1562","0.010001659393310547","true","true"
"1400","1563","0.010001659393310547","true","true"
"1400","1564","0.010001659393310547","true","true"
"1400","1565","0.010001659393310547","true","true"
"1400","1570","0.015001773834228516","true","true"
"1400","1571","0.015001773834228516","true","true"
"1400","1572","0.015001773834228516","true","true"
"1400","1573","0.015001773834228516","true","true"
"1411","1414","0","true","true"
"1470","1471","0","true","true"
"1474","1475","0","true","true"
"1476","1477","0","true","true"
"1480","1481","0","true","true"
"1510","1511","0","true","true"
"1517","1518","0","true","true"
"1524","1525","0","true","true"
"1531","1532","0","true","true"
"1559","1563","0","true","true"
"1574","1586","0.033364057540893555","true","true"
"1575","1587","0.033364057540893555","true","true"
"1582","1584","0","true","false"
"1583","1585","0","true","false"
"1588","1590","0.0036249160766601562","true","false"
"1588","1594","0.04712390899658203","true","false"
"1589","1591","0.0036249160766601562","true","false"
"1589","1595","0.04712390899658203","true","false"
"1590","1594","0.043498992919921875","true","true"
"1591","1595","0.043498992919921875","true","true"
"1599","1603","0.0000021457672119140625","true","true"
"1600","1605","0.0000021457672119140625","true","true"
"1600","1606","0.0000021457672119140625","true","true"
"1619","1621","0.003621339797973633","true","false"
"1619","1625","0.047126054763793945","true","false"
"1620","1622","0.003621339797973633","true","false"
"1620","1626","0.047126054763793945","true","false"
"1621","1625","0.04350471496582031","true","true"
"1622","1626","0.04350471496582031","true","true"
"1632","1637","0.04251742362976074","true","false"
"1633","1638","0.04251742362976074","true","false"
"1634","1639","0.04251742362976074","true","false"
"1711","1714","0.022493839263916016","true","false"
"1712","1715","0.022493839263916016","true","false"
"1713","1716","0.022493839263916016","true","false"
"1781","1783","9.5367431640625e-7","true","true"
"1781","1784","9.5367431640625e-7","true","true"
"1781","1785","9.5367431640625e-7","true","true"
"1782","1786","9.5367431640625e-7","true","true"
"1782","1787","9.5367431640625e-7","true","true"
"1782","1788","9.5367431640625e-7","true","true"
"1783","1784","0","true","true"
"1784","1785","0","true","true"
"1786","1787","0","true","true"
"1787","1788","0","true","true"
"1789","1794","0.022596359252929688","true","false"
"1790","1795","0.022596359252929688","true","false"
"1791","1796","0.022596359252929688","true","false"
"1792","1797","0.006182670593261719","true","false"
"1792","1798","0.006182670593261719","true","false"
"1793","1799","0.006182670593261719","true","false"
"1793","1800","0.006182670593261719","true","false"
"1851","1853","0.0456695556640625","true","false"
"1852","1854","0.0456695556640625","true","false"
"1855","1859","0.00954294204711914","true","false"
"1856","1858","0.00954294204711914","true","false"
"1857","1863","0.0028362274169921875","true","false"
"1860","1864","0.0028362274169921875","true","false"
"1877","1883","0.01281118392944336","true","false"
"1878","1884","0.01281118392944336","true","false"
"1879","1885","0.01281118392944336","true","false"
"1880","1886","0.01281118392944336","true","false"
"1881","1885","0.00954294204711914","true","false"
"1882","1884","0.00954294204711914","true","false"
"1883","1887","0.0028362274169921875","true","false"
"1886","1888","0.0028362274169921875","true","false"
"1900","1903","0.0008935928344726562","true","false"
"1901","1904","0.0008935928344726562","true","false"
"1902","1905","0.0008935928344726562","true","false"
"1909","1912","0.00004100799560546875","false","true"
"1910","1911","0.00004100799560546875","false","true"
"1931","1934","0","true","true"
"1931","1940","9.5367431640625e-7","true","true"
"1934","1935","0","true","true"
"1935","1940","9.5367431640625e-7","true","true"
"1937","1942","9.5367431640625e-7","true","true"
"1938","1939","0","true","true"
"1943","1944","0","true","true"
"1945","1946","0","true","true"
"1945","1953","0.00000286102294921875","true","true"
"1967","1971","0.008878707885742188","true","false"
"1968","1972","0.008878707885742188","true","false"
"1969","1972","0.008871078491210938","true","false"
"1970","1971","0.008871078491210938","true","false"
"1989","1991","0.0000286102294921875","true","false"
"1989","1993","0.00004482269287109375","true","false"
"1989","1995","0.000095367431640625","true","false"
"1990","1992","0.0000286102294921875","true","false"
"1990","1994","0.00004482269287109375","true","false"
"1990","1996","0.000095367431640625","true","false"
"1999","2000","0","true","true"
"2002","2004","0","true","true"
"2005","2006","0","true","true"
"2005","2007","0","true","true"
"2016","2018","0.0000286102294921875","true","false"
"2017","2019","0.0000286102294921875","true","false"
"2018","2020","0.00003147125244140625","true","false"
"2018","2022","0.00008296966552734375","true","false"
"2019","2021","0.00003147125244140625","true","false"
"2019","2023","0.00008296966552734375","true","false"
"2024","2026","0.0000286102294921875","true","false"
"2025","2027","0.0000286102294921875","true","false"
"2026","2028","0.0000324249267578125","true","false"
"2026","2030","0.00008296966552734375","true","false"
"2027","2029","0.0000324249267578125","true","false"
"2027","2031","0.00008296966552734375","true","false"
"2040","2042","0.000019073486328125","true","false"
"2040","2044","0.00003528594970703125","true","false"
"2040","2046","0.0000858306884765625","true","false"
"2041","2043","0.000019073486328125","true","false"
"2041","2045","0.00003528594970703125","true","false"
"2041","2047","0.0000858306884765625","true","false"
"2078","2086","0.020915985107421875","true","false"
"2079","2087","0.020915985107421875","true","false"
"2080","2086","0.020885467529296875","true","false"
"2081","2086","0.020885467529296875","true","false"
"2082","2087","0.020885467529296875","true","false"
"2083","2087","0.020885467529296875","true","false"
"2084","2086","0.02081298828125","true","false"
"2085","2087","0.02081298828125","true","false"
"2090","2092","0.000019073486328125","true","false"
"2090","2094","0.00002288818359375","true","false"
"2090","2096","0.000034332275390625","true","false"
"2090","2098","0.0000858306884765625","true","false"
"2091","2093","0.000019073486328125","true","false"
"2091","2095","0.00002288818359375","true","false"
"2091","2097","0.000034332275390625","true","false"
"2091","2099","0.0000858306884765625","true","false"
"2100","2106","0.000087738037109375","true","false"
"2101","2107","0.000087738037109375","true","false"
"2102","2106","0.00003814697265625","true","false"
"2103","2107","0.00003814697265625","true","false"
"2104","2106","0.0000286102294921875","true","false"
"2105","2107","0.0000286102294921875","true","false"
"2106","2108","0.00002288818359375","true","false"
"2107","2109","0.00002288818359375","true","false"
"2110","2112","0.0000286102294921875","true","false"
"2111","2113","0.0000286102294921875","true","false"
"2112","2114","0.0000209808349609375","true","false"
"2112","2116","0.000030517578125","true","false"
"2112","2118","0.00008392333984375","true","false"
"2113","2115","0.0000209808349609375","true","false"
"2113","2117","0.000030517578125","true","false"
"2113","2119","0.00008392333984375","true","false"
"2148","2152","0.00000762939453125","false","true"
"2148","2164","0.020877838134765625","false","false"
"2149","2154","0.0000095367431640625","false","true"
"2149","2164","0.020877838134765625","false","false"
"2150","2153","0.00000762939453125","false","true"
"2150","2165","0.020877838134765625","false","false"
"2151","2155","0.0000095367431640625","false","true"
"2151","2165","0.020877838134765625","false","false"
"2152","2164","0.020870208740234375","false","false"
"2153","2165","0.020870208740234375","false","false"
"2154","2164","0.020868301391601562","false","false"
"2155","2165","0.020868301391601562","false","false"
"2156","2158","0.0000095367431640625","false","true"
"2156","2164","0.020862579345703125","false","false"
"2157","2159","0.0000095367431640625","false","true"
"2157","2165","0.020862579345703125","false","false"
"2158","2164","0.020853042602539062","false","false"
"2159","2165","0.020853042602539062","false","false"
"2160","2162","0.0000095367431640625","false","true"
"2160","2164","0.02081298828125","false","false"
"2161","2163","0.0000095367431640625","false","true"
"2161","2165","0.02081298828125","false","false"
"2162","2164","0.020803451538085938","false","false"
"2163","2165","0.020803451538085938","false","false"
"2176","2177","0","true","true"
"2176","2178","0","true","true"
"2177","2180","0","true","true"
"2178","2181","0","true","true"
"2179","2189","0","true","true"
"2179","2199","0","true","true"
"2180","2184","0","true","true"
"2181","2194","0","true","true"
